skill_uid,name_th,tree,cls,action_id,attack_type,exp_type,slot,is_exp_def_fluctuate,mode,child_actions
0,,,NormalAttackAction,0,Physics,Physics,Normal,conditional,first_hit_per_target if class check passes,
7,,,PhiloEclailAttackAction,7,Physics,Physics,Skill,true,first_hit_per_target,
8,,,AvoidAction,8,None,None,none,true,never (ExpType None: no proration slot),
9,,,FirstAidAction,9,None,None,none,true,never (ExpType None: no proration slot),
10,,,DamageReflectionAction,10,Physics,Physics,Skill,true,never (IsExpSkill excludes ActionID),
11,,,PhysicalPursuitAction,11,Physics,Physics,Skill,false,never (IsExpSkill excludes ActionID),
12,,,MagicPursuitAction,12,Magic,Magic,Magic,false,never (IsExpSkill excludes ActionID),
13,,,PetBlankMpHeel,13,None,None,none,true,never (ExpType None: no proration slot),
14,,,SkillChargeAction,14,None,None,none,true,never (ExpType None: no proration slot),
15,,,CronosDrivePursuitAction,15,None,None,none,true,never (ExpType None: no proration slot),
16,,,BeautiesOfNatureHealAction,16,None,None,none,true,never (ExpType None: no proration slot),
17,,,ComboRelfectionAction,17,SkillNormal,SkillNormal,Normal,conditional,first_hit_per_target if class check passes,
18,,,MagicEgelAttackAction,18,Magic,Magic,Magic,false,never (IsExpDefFluctuate=false),
19,,,ImperialRayPursuitAction,19,Magic,Magic,Magic,false,never (IsExpDefFluctuate=false),
20,,,ShadowWalkAttackAction,20,Physics,Physics,Skill,conditional,first_hit_per_target if class check passes,
21,,,MagicFinawPursuitAction,21,Magic,Magic,Magic,true,first_hit_per_target,
22,,,HolyLightPursuitAction,22,Magic,Magic,Magic,true,first_hit_per_target,
25,,,BonusNormalDamageAction,25,SkillNormal,SkillNormal,Normal,false,never (IsExpSkill excludes ActionID),
26,,,BonusPhysicalDamageAction,26,Physics,Physics,Skill,false,never (IsExpSkill excludes ActionID),
27,,,BonusMagicDamageAction,27,Magic,Magic,Magic,false,never (IsExpSkill excludes ActionID),
28,,,BonusNaturalDamageAction,28,SkillNormal,SkillNormal,Normal,false,never (IsExpSkill excludes ActionID),
33,ฮาร์ดฮิต,#สกิลดาบ,HardHitAction,33,Physics,Physics,Skill,true,first_hit_per_target,
34,แอสทิวท์ ,#สกิลดาบ,AstuteAction,34,Physics,Physics,Skill,true,first_hit_per_target,
35,N$โซนิคเบรด$R2$ไฮโซนิคเบรด,#สกิลดาบ,AccelBladeAction,35,Physics,Physics,Skill,true,first_hit_per_target,
38,ทริกเกอร์สแลช,#สกิลดาบ,TriggerSlashAction,38,Physics,Physics,Skill,true,first_hit_per_target,
39,สไปรัลแอร์,#สกิลดาบ,SpiralAirAction,39,Physics,Physics,Skill,true,first_hit_per_target,
41,รัมเพจ,#สกิลดาบ,RampageAction,41,None,None,none,true,never (ExpType None: no proration slot),
42,ซอร์ดเทมเพสต์,#สกิลดาบ,SwordTempestAction,42,Physics,Physics,Skill,true,first_hit_per_target,
43,วอร์คราย,#สกิลดาบ,WarCryAction,43,None,None,none,true,never (ExpType None: no proration slot),
44,เมเทโอเบรคเกอร์,#สกิลดาบ,MeteoBreakerAction,44,Physics,Physics,Skill,true,first_hit_per_target,
45,บัสตาร์ดเบลด,#สกิลดาบ,BusterBladeAction,45,Physics,Physics,Skill,true,first_hit_per_target,
46,เบอร์เซิร์ก,#สกิลดาบ,BerserkAction,46,None,None,none,true,never (ExpType None: no proration slot),
47,ฟาสต์แอคแทค,#สกิลดาบ,FastAttackAction,47,SkillNormal,SkillNormal,Normal,true,first_hit_per_target,
48,ชัทเอาท์,#สกิลดาบ,ShutOutAction,48,Physics,Physics,Skill,true,first_hit_per_target,
49,ลูนาร์สแลช,#สกิลดาบ,MoonSlashAction,49,Physics,Physics,Skill,true,first_hit_per_target,
50,ออร่าเบลด,#สกิลดาบ,AuraBladeAction,50,Physics,Physics,Skill,true,first_hit_per_target,
51,แกลดดีเอท,#สกิลดาบ,GladiateAction,51,None,None,none,true,never (ExpType None: no proration slot),
52,แฮมเมอร์สแลม,#สกิลดาบ,HammerDownAction,52,dynamic,dynamic,dynamic,true,first_hit_per_target,
53,คลีฟวิงแอคแทค,#สกิลดาบ,CleaveAttackAction,53,Physics,Physics,Skill,true,first_hit_per_target,
54,สตรอมเบลซ,#สกิลดาบ,StormBlazerAction,54,Physics,Physics,Skill,true,first_hit_per_target,
55,การ์ดเบลด,#สกิลดาบ,GuardyBladeAction,55,None,None,none,true,never (ExpType None: no proration slot),
56,ออร์คสแลช,#สกิลดาบ,OrgaslashAction,56,Physics,Physics,Skill,true,first_hit_per_target,
63,,,MoonSlashPursuitAction,63,Physics,Physics,Skill,false,never (IsExpDefFluctuate=false),
65,พาวเวอร์ชู้ต,#สกิลยิง,PowerShootAction,65,Physics,Physics,Skill,true,first_hit_per_target,
66,บูลส์อาย,#สกิลยิง,OneWheelAction,66,Physics,Physics,Skill,true,first_hit_per_target,
67,มีบาช็อต,#สกิลยิง,MeebaShotAction,67,Physics,Physics,Skill,true,first_hit_per_target,
69,สเนคแอคแทค,#สกิลยิง,HideAttackAction,69,None,None,none,true,never (ExpType None: no proration slot),
70,แอร์โรว์เรน,#สกิลยิง,ArrowRainAction,70,Physics,Physics,Skill,true,first_hit_per_target,
71,พาราไลซิสช็อต,#สกิลยิง,ParalysisShotAction,71,Physics,Physics,Skill,true,first_hit_per_target,
73,สไนป์,#สกิลยิง,SnipingAction,73,Physics,Physics,Skill,true,first_hit_per_target,
74,สโมคดัส,#สกิลยิง,SmokeDustAction,74,Physics,Physics,Skill,true,first_hit_per_target,
76,ครอสสเฟียร์,#สกิลยิง,CrossFireAction,76,Physics,Physics,Skill,true,first_hit_per_target,
77,อาร์มเบรค,#สกิลยิง,ArmBreakAction,77,Physics,Physics,Skill,true,first_hit_per_target,
78,เดคอยชูตเตอร์,#สกิลยิง,DecoyShooterAction,78,None,None,none,true,never (ExpType None: no proration slot),
79,เดสทอลก์ช็อต,#สกิลยิง,DeathTorqueShotAction,79,Physics,Physics,Skill,true,first_hit_per_target,
80,รีโทรเกรดชอท,#สกิลยิง,JumpbackShotAction,80,Physics,Physics,Skill,true,first_hit_per_target,
81,พาราโบลาแคนนอน,#สกิลยิง,ParabolaCannonAction,81,Physics,Physics,Skill,true,first_hit_per_target,
82,ทวินสตอร์ม,#สกิลยิง,TwinStormAction,82,None,None,none,true,never (ExpType None: no proration slot),
84,แวนควิชเชอร์,#สกิลยิง,ConquesterAction,84,Physics,Physics,Skill,true,first_hit_per_target,
85,ควิกโหลดเดอร์,#สกิลยิง,QuickLoaderAction,85,None,None,none,true,never (ExpType None: no proration slot),
87,คู่หูนักล่า,#สกิลยิง,HuntingOneAction,87,None,None,none,true,never (ExpType None: no proration slot),
88,เจาะทะลุ,#สกิลยิง,PenetratorAction,88,Physics,Physics,Skill,true,first_hit_per_target,
89,ไวด์สเปรด,#สกิลยิง,WideSpreadAction,89,Physics,Physics,Skill,true,first_hit_per_target,
95,,,JumpbackShotPursuitAction,95,Physics,Physics,Skill,false,never (IsExpDefFluctuate=false),
97,[N]เวทมนตร์:แอร์โรว์[F]ธนูไฟ[A]ธนูน้ำ[W]ธนูลม[E]ธนูดิน[L]ธนูแสง[D]ธนูมืด[N]  ,#マジックスキル,MagicArrowAction,97,Magic,Magic,Magic,true,first_hit_per_target,
98,[N]เวทมนตร์:แจฟลิน[F]หอกเพลิง[A]หอกน้ำแข็ง[W]หอกวายุ[E]หอกศิลา[L]หอกศักดิ์สิทธิ์[D]หอกอนธการ[N]  ,#マジックスキル,MagicJabelinAction,98,Magic,dynamic,dynamic,true,first_hit_per_target,
99,[N]เวทมนตร์:กำแพง[F]กำแพงอัคคี[A]ม่านวารี[W]กำแพงวายุ[E]เขตแดนปฐพี[L]เขตแดนศักดิ์สิทธิ์[D]ประตูอสูร[N]  ,#マジックスキル,MagicWallAction,99,Magic,Magic,Magic,true,first_hit_per_target,
101,ชาร์จ MP,#マジックスキル,ChargingAction,101,None,None,none,true,never (ExpType None: no proration slot),
102,[N]เวทมนตร์:แลนซ์ [F]วัลแคน [A]ไอซ์ซิเคิล[W]สลาตัน[E]ปืนใหญ่ศิลา[L]แสงสังหาร[D]สุริยคราส[N]  ,#マジックスキル,MagicLancerAction,102,Magic,Magic,Magic,true,first_hit_per_target,
103,[N]เวทมนตร์:บลาส[F]เอ็กซ์โพลชั่น [A]แอบโซลูทซีโร่[W]แอร์โรว์บลาส[E]จีโออิมแพ็ค[L]ไชน์นิ่งบลาส[D]อีวิลบลาส[N],#マジックスキル,MagicBlastAction,103,Magic,Magic,Magic,true,first_hit_per_target,
105,เวทมนตร์:อิมแพ็ค,#マジックスキル,MagicImpactAction,105,Magic,dynamic,dynamic,true,first_hit_per_target,
106,[N]เวทมนตร์:สตรอม[F]ไฟเออร์สตรอม[A]โฟรเซนไซโคลน[W]ธันเดอร์สตรอม[E]แซนด์สตรอม[L]ลักซ์วอร์เทคซ์[D]อีวิวเทมเพสต์[N],#マジックスキル,MagicStormAction,106,Magic,Magic,Magic,true,first_hit_per_target,
108,เวทมนตร์: ไฟนอล,#マジックスキル,MagicFinawAction,108,Magic,Magic,Magic,true,first_hit_per_target,
109,[N]เวทมนตร์: บลาส[F]เฮลอินเฟรูโน่[A]อีเทอนอลบลิซซาร์ด[W]ฟอร์สเทมเพสต์[E]เทิร์นกราวิตี้[L]พันนิชเมนท์[D]อีคลิปส์[N],#マジックスキル,MagicBurstAction,109,Magic,Magic,Magic,true,first_hit_per_target,
110,แม็กซ์ไมเซอร์,#マジックスキル,MaximuyzerAction,110,None,None,none,true,never (ExpType None: no proration slot),
111,เวทมนตร์:อีเกล,#マジックスキル,MagicEgelAction,111,None,None,none,true,never (ExpType None: no proration slot),
112,เวทมนตร์:เมจิกแคนนอน,#マジックスキル,MagicCannonAction,112,Magic,Magic,Magic,true,first_hit_per_target,
113,[N]เวทมนตร์:แครช[F]เมเทโอเรน[A]เฮล[W]ฟลูกูไรต์[E]ร็อคฟอล[L]เมเทโอไลท์[D]คอสมอส[N]    ,#マジックスキル,MagicFallAction,113,Magic,Magic,Magic,true,first_hit_per_target,
114,โครนอสชิฟท์,#マジックスキル,ChronosShiftAction,114,dynamic,dynamic,dynamic,true,first_hit_per_target,
116,เอนชานท์บาเรีย,#マジックスキル,MagicProtectionAction,116,None,None,none,true,never (ExpType None: no proration slot),
117,เมจิคไนฟ์,#マジックスキル,MagicKnifeAction,117,SkillNormal,SkillNormal,Normal,true,custom_check,
118,คาดาร์เอเล็คซิโอ,#マジックスキル,KadarElexioAction,118,None,None,none,true,never (ExpType None: no proration slot),
120,เวทมนตร์:เรเซอร์,#マジックスキル,MagicLazerAction,120,Magic,Magic,Magic,true,first_hit_per_target,
129,สแมช,#マーシャルスキル,SmashAction,129,Physics,Physics,Skill,true,first_hit_per_target,
130,บาช,#マーシャルスキル,BashAction,130,Physics,Physics,Skill,true,first_hit_per_target,
131,โซนิคเวฟ,#マーシャルスキル,SonicWaveAction,131,Physics,Physics,Skill,true,first_hit_per_target,
134,เชลเบรค,#マーシャルスキル,ShellBreakAction,134,Physics,Physics,Skill,true,first_hit_per_target,
135,เอิร์ธไบด์,#マーシャルスキル,EarthBindAction,135,Physics,Physics,Skill,true,first_hit_per_target,
137,เฮวี่สแมช,#マーシャルスキル,HeavySmashAction,137,Physics,Physics,Skill,true,first_hit_per_target,
138,ทริปเปิ้ลคิก,#マーシャルスキル,TryArtsAction,138,Physics,Physics,Skill,true,first_hit_per_target,
140,เชอริออต,#マーシャルスキル,ChariotAction,140,Physics,Physics,Skill,true,first_hit_per_target,
141,รัช,#マーシャルスキル,RushAction,141,Physics,Physics,Skill,true,first_hit_per_target,
142,จักรา,#マーシャルスキル,ChakraAction,142,None,None,none,true,never (ExpType None: no proration slot),
143,สไลด์ดิ้ง,#マーシャルスキル,SlidingAction,143,None,None,none,false,never (IsExpDefFluctuate=false),
145,อาชูร่าออร่า,#マーシャルスキル,AshuraAuraAction,145,None,None,none,true,never (ExpType None: no proration slot),
146,เฟลชบลิงค์,#マーシャルスキル,FlashArtsAction,146,SkillNormal,SkillNormal,Normal,true,first_hit_per_target,
147,เอเนอร์จี้คอนโทรล,#マーシャルスキル,KakeiAction,147,None,None,none,true,never (ExpType None: no proration slot),
148,แนบพิงภูเขา,#マーシャルスキル,ThieshankaiAction,148,Physics,Physics,Skill,true,first_hit_per_target,
149,กระทืบพสุธา,#マーシャルスキル,ShinkyakuAction,149,Physics,Physics,Skill,true,first_hit_per_target,
150,[N]หมุนปัด[N2]ขากงจักร[N],#マーシャルスキル,SenfutsuAction,150,Physics,Physics,Skill,true,first_hit_per_target,
157,,,AshuraAuraAttackAction,157,Physics,Physics,Skill,false,never (IsExpDefFluctuate=false),
158,,,MindimageSenjuSupportAction,158,None,None,none,true,never (ExpType None: no proration slot),
159,,,MindimageSenjuAttackAction,159,dynamic,dynamic,dynamic,conditional,custom_check + class check,
226,ไลฟ์รีคัฟเวอรี่,#サポートスキル,LifeRecoveryAction,226,None,None,none,true,never (ExpType None: no proration slot),
227,มานารีชาร์จ,#サポートスキル,ManaRechargeAction,227,None,None,none,true,never (ExpType None: no proration slot),
228,มินิฮีล,#サポートスキル,PutitHealAction,228,None,None,none,true,never (ExpType None: no proration slot),
229,เบรฟออร่า,#サポートスキル,BraveAuraAction,229,None,None,none,true,never (ExpType None: no proration slot),
230,เมจิกบาเรีย,#サポートスキル,MagicBarrierAction,230,None,None,none,true,never (ExpType None: no proration slot),
231,รีคัฟเวอรี่,#サポートスキル,RecoveryAction,231,None,None,none,true,never (ExpType None: no proration slot),
232,ไฮไซเคิล,#サポートスキル,HighCycleAction,232,None,None,none,true,never (ExpType None: no proration slot),
233,อิมมูนิตี้,#サポートスキル,DiseasetSealAction,233,None,None,none,true,never (ExpType None: no proration slot),
234,แซงจูรี่,#サポートスキル,SanctuaryAction,234,None,None,none,true,never (ExpType None: no proration slot),
235,ควิกโมชั่น,#サポートスキル,QuickMotionAction,235,None,None,none,true,never (ExpType None: no proration slot),
236,ฟาสต์รีเอคชั่น,#サポートスキル,HighReactionAction,236,None,None,none,true,never (ExpType None: no proration slot),
237,ฮีล,#サポートスキル,HealAction,237,None,None,none,true,never (ExpType None: no proration slot),
258,ชีลด์บาช,#シールドスキル,ShieldBashAction,258,Physics,Physics,Skill,true,first_hit_per_target,
260,ชีลด์แคนนอน,#シールドスキル,ShieldCannonAction,260,Physics,Physics,Skill,true,first_hit_per_target,
262,การ์ดสไตร์ค,#シールドスキル,GuardStrikeAction,262,None,None,none,false,never (IsExpDefFluctuate=false),
263,โพรเทคชั่น,#シールドスキル,ProtectionAction,263,None,None,none,true,never (ExpType None: no proration slot),
264,อีจิส,#シールドスキル,AegisAction,264,None,None,none,true,never (ExpType None: no proration slot),
265,การ์เดียน,#シールドスキル,GuardianAction,265,None,None,none,true,never (ExpType None: no proration slot),
266,ชีลด์อัปเปอร์คัต,#シールドスキル,ShieldUpperAction,266,Physics,Physics,Skill,true,first_hit_per_target,
267,ดูอัลชีลด์,#シールドスキル,PairOfShieldsAction,267,None,None,none,true,never (ExpType None: no proration slot),
268,รีแพร์ชีลด์,#シールドスキル,ShieldRepairAction,268,None,None,none,true,never (ExpType None: no proration slot),
269,บาลาเกรุง,#シールドスキル,BeragelungAction,269,Physics,Physics,Skill,true,first_hit_per_target,
290,สไปก์ดาร์ต,#ナイフスキル,SpikeDartAction,290,Physics,Physics,Skill,true,first_hit_per_target,
291,พอยซั่นแดกเกอร์,#ナイフスキル,PoisonDaggerAction,291,Physics,Physics,Skill,true,first_hit_per_target,
292,แกตติ้งไนฟ์,#ナイフスキル,GatlingKnifeAction,292,Physics,Physics,Skill,true,first_hit_per_target,
295,โธร์วไนฟ์,#ナイフスキル,ThrowingAction,295,dynamic,dynamic,dynamic,true,first_hit_per_target,
299,ไนฟ์คอมแบท,#ナイフスキル,KnifeCombatAction,299,Physics,Physics,Skill,true,first_hit_per_target,
300,[N]ฟินเชอร์ไนฟ์[F]ไนฟ์สไตล์[N],#ナイフスキル,FlinchKnifeAction,300,Physics,Physics,Skill,true,first_hit_per_target,
301,เครซี่แดกเกอร์,#ナイフスキル,CrazyDaggerAction,301,Physics,Physics,Skill,true,first_hit_and_flag,
302,วีลไบต์,#ナイフスキル,WheelBiteAction,302,Physics,Physics,Skill,true,first_hit_per_target,
319,,,CrazyDaggerPursuitAction,319,SkillNormal,SkillNormal,Normal,false,never (IsExpDefFluctuate=false),
449,จับสัตว์,#テイマースキル,TamingAction,449,None,None,none,true,never (ExpType None: no proration slot),
452,เพ็ทฮีล,#テイマースキル,PetHealAction,452,None,None,none,true,never (ExpType None: no proration slot),
455,เพ็ท MP ชาร์จ,#テイマースキル,PetChargeAction,455,None,None,none,true,never (ExpType None: no proration slot),
513,แอสเซาต์แอคแทค,#ナイトスキル,AssaultAttackAction,513,Physics,Physics,Skill,true,first_hit_per_target,
514,โพรโวค,#ナイトスキル,ProvokeAction,514,None,None,none,true,never (ExpType None: no proration slot),
516,เรจซอร์ด,#ナイトスキル,RageSwordAction,516,Physics,Physics,Skill,true,first_hit_per_target,
517,N$Pดีเฟนส์$F$เพอร์เฟกต์ดีเฟนส์,#ナイトスキル,P_DeffenceAction,517,None,None,none,true,never (ExpType None: no proration slot),
518,ไบด์สไตร์ค,#ナイトスキル,BindStrikeAction,518,Physics,Physics,Skill,true,first_hit_per_target,
519,ฟาเรส,#ナイトスキル,FearlessAction,519,None,None,none,true,never (ExpType None: no proration slot),
521,ไนท์สแตนซ์,#ナイトスキル,KnightStanceAction,521,None,None,none,true,never (ExpType None: no proration slot),
522,โซนิคทรัสต์,#ナイトスキル,SonicThrustAction,522,Physics,Physics,Skill,true,first_hit_per_target,
523,เรเวอเนีย,#ナイトスキル,LevenirAction,523,Physics,Physics,Skill,false,never (IsExpDefFluctuate=false),
526,บลิงค์ซอร์ด,#ナイトスキル,BlinkSwordAction,526,Physics,Physics,Skill,true,first_hit_per_target,
527,ไนท์เพลดจ์,#ナイトスキル,KnightPledgeAction,527,None,None,none,true,never (ExpType None: no proration slot),
545,แตะ,#ハンタースキル,KickBackAction,545,Physics,Physics,Skill,true,first_hit_per_target,
546,ซันไรส์แอร์โรว์,#ハンタースキル,SunriseArrowAction,546,Physics,Physics,Skill,true,first_hit_per_target,
547,เมจิคแอร์โรว์,#ハンタースキル,ForceArrow,547,None,None,none,true,never (ExpType None: no proration slot),
548,แซทเทิลไลท์แอร์โรว์,#ハンタースキル,SatelliteArrowAction,548,Physics,Physics,Skill,true,first_hit_per_target,
549,กับดักนิทรา,#ハンタースキル,SleepTrapAction,549,Magic,Magic,Magic,true,first_hit_per_target,MobAttackPlayerSelfDestruct
550,กับดักล่าสัตว์,#ハンタースキル,SteelTrapAction,550,Magic,Magic,Magic,true,first_hit_per_target,MobAttackPlayerSelfDestruct
551,ทุ่นระเบิด,#ハンタースキル,ExplossiveAction,551,Magic,Magic,Magic,true,first_hit_per_target,MobAttackPlayerSelfDestruct
552,กับดักความมืด,#ハンタースキル,BlankTrapAction,552,Magic,Magic,Magic,true,first_hit_per_target,MobAttackPlayerSelfDestruct
553,ดีเทคชั่น,#ハンタースキル,DetectionAction,553,None,None,none,true,never (ExpType None: no proration slot),
554,โฮมมิ่งช็อต,#ハンタースキル,HomingShotAction,554,SkillNormal,SkillNormal,Normal,conditional,every_hit + class check,
555,เวอร์ติคัลแอร์,#ハンタースキル,VerticalAirAction,555,Physics,Physics,Skill,true,first_hit_per_target,
556,ไซโคลนแอร์โรว์,#ハンタースキル,CycloneArrowAction,556,Physics,Physics,Skill,true,first_hit_per_target,
558,[N]มัลติเพิลฮันท์[W]วูปสไนเปอร์[H]สไนเปอร์วอลเลย์[G]วันแฮนด์ช็อต[S]ชาร์ปชูตเตอร์[N],#ハンタースキル,MultipleHuntAction,558,dynamic,dynamic,dynamic,true,first_hit_per_target,
559,แคมฟลาจ,#ハンタースキル,CamouflageAction,559,None,None,none,true,never (ExpType None: no proration slot),
561,โฟกัส,#ハンタースキル,FocusAction,561,None,None,none,true,never (ExpType None: no proration slot),
577,อัญเชิญโกเล็ม,#ゴーレムスキル,CallGolemAction,577,None,None,none,true,never (ExpType None: no proration slot),
584,ระเบิดเวทมนตร์,#ゴーレムスキル,MagicGrenadeAction,584,Magic,Magic,Magic,false,never (IsExpDefFluctuate=false),
585,ระเบิดเยือกแข็ง,#ゴーレムスキル,FreezeGrenadeAction,585,Magic,Magic,Magic,false,never (IsExpDefFluctuate=false),
586,ระเบิดแสง,#ゴーレムスキル,FlashGrenadeAction,586,Magic,Magic,Magic,false,never (IsExpDefFluctuate=false),
587,บาเรียสกรีน,#ゴーレムスキル,BarrierScreenAction,587,None,None,none,true,never (ExpType None: no proration slot),
609,เฟลช,#モノノフスキル,FlashDrawnSwordAction,609,Physics,Physics,Skill,true,first_hit_per_target,
610,ปอมเมลสไตร์ค,#モノノフスキル,StrikeBackOfSwordAction,610,Physics,Physics,Skill,true,first_hit_per_target,
611,[N]พัลส์เบลด[N2]สวิฟต์พัลส์เบลด[N],#モノノフスキル,WaveBladeAction,611,Physics,Physics,Skill,conditional,first_hit_per_target if class check passes,
614,ทริปเปิ้ลทรัสต์,#モノノフスキル,ThreeStageThrustAction,614,Physics,Physics,Skill,true,first_hit_per_target,
615,N$มากาดาจิ$R2$เท็นริวรันเซ: ซันโน,#モノノフスキル,CutOffTheDisasterAction,615,Physics,Physics,Skill,true,first_hit_per_target,
616,เมเคียวชิซุย,#モノノフスキル,ClearAndSereneAction,616,None,None,none,true,never (ExpType None: no proration slot),
617,ฮัซโซฮัปปะ,#モノノフスキル,HassohappaAction,617,Physics,Physics,Skill,true,first_hit_per_target,
618,N$ซังเทเซตเท็ตสึ$R2$เท็นริวรันเซ: ซันโน,#モノノフスキル,ZanteisettetsuAction,618,Physics,Physics,Skill,true,first_hit_per_target,
619,ชูคุจิ,#モノノフスキル,ShukuchiAction,619,None,None,none,true,never (ExpType None: no proration slot),
620,เท็นริวรันเซ,#モノノフスキル,HeavenlyStarAction,620,Physics,Physics,Skill,conditional,first_hit_per_target if class check passes,
621,การิวเท็นเซ,#モノノフスキル,FinishingTouchAction,621,Physics,Physics,Skill,true,first_hit_per_target,
622,ไคริกิรันชิน,#モノノフスキル,WeirdnessOfGodAction,622,None,None,none,true,never (ExpType None: no proration slot),
623,คมดาบมายา,#モノノフスキル,RepelBladeAction,623,Physics,Physics,Skill,true,first_hit_per_target,
624,[N]คาสุมิเซ็ตสึเก็คคะ[N2]เท็นริวรันเซ:ซันยุ[N],#モノノフスキル,IllusionarySceneAction,624,Physics,Physics,Skill,true,first_hit_per_target,
625,ชาโดว์เลสสแลช,#モノノフスキル,ShadowlessSlashAction,625,Physics,Physics,Skill,true,first_hit_per_target,
629,[N]ลมกระโชก[N2]ลมสงบนิ่ง[N3]ลมเหนือ[N4]ลมตะวันออก[N5]ลมตะวันตก[N6]ลมใต้[N7]สี่ฤดูกาล[N],#モノノフスキル,IchijhinnokazeAction,629,None,None,none,true,never (ExpType None: no proration slot),
630,ลมกรด,#モノノフスキル,HayateAction,630,Physics,Physics,Skill,true,first_hit_per_target,
637,,,IchijhinnokazeAttackAction,637,dynamic,dynamic,dynamic,true,first_hit_per_target,
638,ดิไวน์สแลช,#モノノフスキル,TenjhoTengeMusouSwordAction,638,Physics,Physics,Skill,true,first_hit_per_target,
642,ทวินสแลช,#デュアルスキル,TwinSlashAction,642,Physics,Physics,Skill,true,first_hit_per_target,
643,ครอสแพรี่,#デュアルスキル,ParryingSwordAction,643,Physics,Physics,Skill,true,first_hit_per_target,
644,รีเฟล็กซ์,#デュアルスキル,StepReactorAction,644,None,None,none,true,never (ExpType None: no proration slot),
646,สปินนิ่งสแลช,#デュアルスキル,AirSlideAction,646,Physics,Physics,Skill,true,first_hit_per_target,
647,ชาร์จจิ้งสแลช,#デュアルスキル,DragoonSwordAction,647,Physics,Physics,Skill,true,first_hit_per_target,
649,[N]แฟนทอมสแลช[N2]แฟนทอมอิคลิพส์[N],#デュアルスキル,PhantomRaveAction,649,Physics,Physics,Skill,true,first_hit_per_target,
650,แฟลชบลาส,#デュアルスキル,PhiloEclairAction,650,None,None,none,true,never (ExpType None: no proration slot),
651,ชาโดว์สเต็ป,#デュアルスキル,WrapAroundAction,651,None,None,none,true,never (ExpType None: no proration slot),
652,[N]ไชน์นิ่งครอส[N2]เบลซซิ่งไชน์นิ่งครอส[N],#デュアルスキル,ShiningClothAction,652,Physics,Physics,Skill,true,first_hit_per_target,
653,[N]สตอร์มรีปเปอร์[N2]ออร์บิทรีปเปอร์[N],#デュアルスキル,SturmLeaperAction,653,Physics,Physics,Skill,true,first_hit_per_target,
654,เซเบอร์ออร่า,#デュアルスキル,SaberAuraAction,654,None,None,none,true,never (ExpType None: no proration slot),
655,ลูนาดิธเธอร์สตาร์,#デュアルスキル,LunaDitherStarAction,655,Physics,Physics,Skill,true,first_hit_per_target,
656,ทวินบัสตาร์ดเบลด,#デュアルスキル,TwinBusterBladeAction,656,Physics,Physics,Skill,true,first_hit_per_target,
657,อาร์คเซเบอร์,#デュアルスキル,ArkSaberAction,657,None,None,none,true,never (ExpType None: no proration slot),
658,แอร์สไลเซอร์,#デュアルスキル,AirSlicerAction,658,Physics,dynamic,dynamic,conditional,every_hit + class check,
659,เอเลียสลีย์,#デュアルスキル,ArialSlayAction,659,dynamic,dynamic,dynamic,true,first_hit_per_target,
660,ฮอร์ริซอนคัท,#デュアルスキル,HorizontalCutAction,660,Physics,Physics,Skill,false,never (IsExpDefFluctuate=false),
661,เบลดสตริงเกอร์,#デュアルスキル,BladeStingerAction,661,Physics,Physics,Skill,true,first_hit_per_target,
671,,#デュアルスキル,LunaDitherStarBladeRainAction,671,Physics,Magic,Magic,true,first_hit_per_target,
673,[N]Lบูมเมอแรง[N2]เลเพจบูมเมอแรง[N],#パルチザンスキル,L_BoomerangAction,673,SkillNormal,SkillNormal,Normal,true,first_hit_per_target,
674,[N]LบูมเมอแรงII[N2]เลเพจบูมเมอแรงII[N],#パルチザンスキル,L_Boomerang2Action,674,SkillNormal,SkillNormal,Normal,true,first_hit_per_target,
675,[N]LบูมเมอแรงIII[N2]เลเพจบูมเมอแรงIII[N],#パルチザンスキル,L_Boomerang3Action,675,SkillNormal,SkillNormal,Normal,true,first_hit_per_target,
676,[N]Nดราก้อนทูธ[N2]นีโน่ดราก้อนทูธ[N],#パルチザンスキル,N_DragonToothAction,676,Physics,Physics,Skill,true,first_hit_per_target,
677,ฮีลลิ่งช็อต,#パルチザンスキル,HealingShotAction,677,None,None,none,true,never (ExpType None: no proration slot),
678,ลับคมลูกศร,#パルチザンスキル,ArrowSharpeningAction,678,None,None,none,true,never (ExpType None: no proration slot),
680,ค้ำจุนแนวหน้า,#パルチザンスキル,MaintainingTheFrontAction,680,None,None,none,true,never (ExpType None: no proration slot),
703,,,RangeHateAttackAction,703,None,None,none,false,never (IsExpDefFluctuate=false),
705,ออโต้ดีไวซ์,#スプライトスキル,AutoDeviceAction,705,None,None,none,true,never (ExpType None: no proration slot),
707,เคาน์เตอร์ฟอร์ส,#スプライトスキル,CounterForceAction,707,None,None,none,true,never (ExpType None: no proration slot),
708,ไมโครฮีล,#スプライトスキル,ClineHealAction,708,None,None,none,true,never (ExpType None: no proration slot),
709,เอนฮานซ์,#スプライトスキル,EnhanceAction,709,None,None,none,true,never (ExpType None: no proration slot),
710,แอสเทิลแลนซ์,#スプライトスキル,AstralLanceAction,710,None,None,none,true,never (ExpType None: no proration slot),
711,เรเซอร์เรคชั่น,#スプライトスキル,ResurrectionAction,711,None,None,none,true,never (ExpType None: no proration slot),
712,สเตบิไลซ์,#スプライトスキル,StabilisAction,712,None,None,none,true,never (ExpType None: no proration slot),
713,สไปรท์ชีลด์,#スプライトスキル,SpriteShieldAction,713,None,None,none,true,never (ExpType None: no proration slot),
714,เมจิกวัลแคน,#スプライトスキル,MagicBalkanAction,714,Magic,Magic,Magic,false,never (IsExpDefFluctuate=false),
715,อิกนิชั่น,#スプライトスキル,IgnitionAction,715,Magic,Magic,Magic,true,first_hit_per_target,
716,อาร์เดดราค,#スプライトスキル,AldedrakAction,716,Magic,Magic,Magic,true,first_hit_per_target,
717,แฟกทิสอาร์ม,#スプライトスキル,FacticeArmeAction,717,Magic,Magic,Magic,true,first_hit_per_target,
718,สแลชรีปเปอร์,#スプライトスキル,SlashReaperAction,718,Magic,Magic,Magic,conditional,custom_check + class check,
721,คาตาลาโบมัส,#スプライトスキル,CatarabomosAction,721,None,None,none,false,never (IsExpDefFluctuate=false),
722,เลเบนส์กลานซ์,#スプライトスキル,LebenGlanzAction,722,None,None,none,false,never (IsExpDefFluctuate=false),
732,,,LifeExplosionAction,732,Magic,Magic,Magic,true,first_hit_per_target,
733,,,AutoDeviceAttackAction,733,Magic,SkillNormal,Normal,true,first_hit_per_target,
734,,,AstralLanceAttackAction,734,Magic,Magic,Magic,false,never (IsExpDefFluctuate=false),
735,,,CounterForceAttackAction,735,Magic,Magic,Magic,false,never (IsExpDefFluctuate=false),
769,บทเพลงแห่งการเยียวยา,#ミンストレル,HealingSongAction,769,None,None,none,true,never (ExpType None: no proration slot),
770,บทเพลงแห่งภูตพราย,#ミンストレル,FairySongAction,770,None,None,none,true,never (ExpType None: no proration slot),
771,บทเพลงแห่งชีวิต,#ミンストレル,SongOfLifeAction,771,None,None,none,true,never (ExpType None: no proration slot),
772,บทเพลงแห่งมายา,#ミンストレル,PhantomSongAction,772,None,None,none,true,never (ExpType None: no proration slot),
773,แอดลิบ,#ミンストレル,ImprovisationSongAction,773,None,None,none,true,never (ExpType None: no proration slot),
774,บทเพลงแห่งความเร่าร้อน,#ミンストレル,EnthusiasticSongAction,774,None,None,none,true,never (ExpType None: no proration slot),
775,บทเพลงแห่งภูมิปัญญา,#ミンストレル,KnowledgeSongAction,775,None,None,none,true,never (ExpType None: no proration slot),
776,บีทบลาสต์,#ミンストレル,BeatBlastAction,776,Magic,Magic,Magic,true,first_hit_per_target,
797,,,BattleNotesAttackAction,797,SkillNormal,SkillNormal,Normal,true,first_hit_per_target,
799,เซ็ตลิสต์,#ミンストレル,SetlistAction,799,None,None,none,true,never (ExpType None: no proration slot),
801,การร่ายรำแห่งภูตพราย,#ダンサー,FairyDanceAction,801,None,None,none,true,never (ExpType None: no proration slot),
802,การร่ายรำอันรุนแรง,#ダンサー,PassionDanceAction,802,None,None,none,true,never (ExpType None: no proration slot),
803,การร่ายรำให้กำลังใจ,#ダンサー,SupportDanceAction,803,None,None,none,true,never (ExpType None: no proration slot),
804,การร่ายรำอันเฉียบคม,#ダンサー,SharpDanceAction,804,None,None,none,true,never (ExpType None: no proration slot),
805,ตั้งรับอย่างสง่างาม,#ダンサー,ElegantStanceAction,805,None,None,none,true,never (ExpType None: no proration slot),
806,การร่ายรำอันทรงเสน่ห์,#ダンサー,EnchantedDanceAction,806,None,None,none,true,never (ExpType None: no proration slot),
807,วิจิตรธรรมชาติ,#ダンサー,BeautiesOfNatureAction,807,Physics,Physics,Skill,true,first_hit_per_target,
833,เบลส,,BlessAction,833,None,None,none,true,never (ExpType None: no proration slot),
834,โฮลี่ฟิสท์,,HolyFistAction,834,Physics,Physics,Skill,true,first_hit_per_target,
835,กลอเรีย,,GloriaAction,835,None,None,none,true,never (ExpType None: no proration slot),
836,โฮลี่ไลท์,,HolyLightActin,836,Magic,Magic,Magic,true,first_hit_per_target,
838,อีเธอร์บาเรีย,,EtherCoatAction,838,None,None,none,true,never (ExpType None: no proration slot),
839,ไฮเนสฮีล,,HighnessHealAction,839,None,None,none,true,never (ExpType None: no proration slot),
840,พรีเอล,,PriereAction,840,None,None,none,true,never (ExpType None: no proration slot),
841,ร็อดสทับ,,RodStubAction,841,Physics,Physics,Skill,true,first_hit_per_target,
842,เอ็กซอร์ซิสต์,,ExorcismAction,842,Magic,Magic,Magic,true,first_hit_per_target,
843,โฮลี่ไบเบิ้ล,,HolyBibleAction,843,None,None,none,true,never (ExpType None: no proration slot),
844,เนเมซิส,,NemesisAction,844,dynamic,dynamic,dynamic,true,first_hit_per_target,
847,โฮลี่เกรซ,,HolyGraceAction,847,None,None,none,true,never (ExpType None: no proration slot),
863,,,HolyGracePursuitAttackAction,863,Magic,SkillNormal,Normal,true,first_hit_per_target,
866,อีเทอร์แฟลร์,#マジックブレードスキル,EtherFlareAction,866,dynamic,dynamic,dynamic,true,first_hit_per_target,
867,คอนเวอร์ชั่น,#マジックブレードスキル,ConversionAction,867,None,None,none,true,never (ExpType None: no proration slot),
868,เอเลเม้นต์สแลช,#マジックブレードスキル,ElementSlashAction,868,dynamic,dynamic,dynamic,true,first_hit_per_target,
869,เรโซแนนซ์,#マジックブレードスキル,ResonanceAction,869,None,None,none,true,never (ExpType None: no proration slot),
870,[N]เอนชานท์ซอร์ด[N2]เอนชานท์บลาสซอร์ด[N],#マジックブレードスキル,EnchantedSwordAction,870,dynamic,dynamic,dynamic,true,first_hit_per_target,
872,[N]เอนชานท์บลาส[N2]เอนชานท์อกรา[N],#マジックブレードスキル,EnchantedBurstAction,872,dynamic,dynamic,dynamic,true,first_hit_per_target,
873,ดูอัลบริงเกอร์,#マジックブレードスキル,DualBringerAction,873,None,None,none,true,never (ExpType None: no proration slot),
874,[N]ยูเนียนซอร์ด[N2]รียูเนียนซอร์ด[N],#マジックブレードスキル,UnionSwordAction,874,dynamic,dynamic,dynamic,true,first_hit_per_target,
875,เดรนบาเรีย,#マジックブレードスキル,DrainBarrierAction,875,None,None,none,true,never (ExpType None: no proration slot),
876,เทเลพอร์ต,#マジックブレードスキル,TeleportAction,876,None,None,none,true,never (ExpType None: no proration slot),
878,โฟรทแดช,#マジックブレードスキル,FloatDashAction,878,None,None,none,true,never (ExpType None: no proration slot),
897,,,NpcFirstAidAction,897,None,None,none,true,never (ExpType None: no proration slot),
898,,,NpcHealAction,898,None,None,none,true,never (ExpType None: no proration slot),
899,,,FlashOfTheWarGodAction,899,Physics,Physics,Skill,true,first_hit_per_target,
900,,,JudgmentOfTheDarkGodAction,900,Magic,Magic,Magic,true,first_hit_per_target,
901,,,WarProvokeAction,901,None,None,none,true,never (ExpType None: no proration slot),
902,,,HidingAction,902,None,None,none,true,never (ExpType None: no proration slot),
929,บาสต์แอคแทค,#ペット専用スキル,BusterAttack,929,Physics,Physics,Skill,true,first_hit_per_target,
933,เมจิกแลนซ์,#ペット専用スキル,SorcielLance,933,Magic,Magic,Magic,true,first_hit_per_target,
934,คริติคอลอัพ,#ペット専用スキル,PetCriticalUp,934,None,None,none,true,never (ExpType None: no proration slot),
935,เฮวี่แอคแทค,#ペット専用スキル,HeavyAttack,935,Physics,Physics,Skill,true,first_hit_per_target,
936,ลอบโจมตี,#ペット専用スキル,SneakAttack,936,dynamic,dynamic,dynamic,true,first_hit_per_target,
937,เมจิกชอต,#ペット専用スキル,MagicShot,937,Magic,Magic,Magic,true,first_hit_per_target,
938,บลาสต์แฟลร์,#ペット専用スキル,BlastFlare,938,Magic,Magic,Magic,true,first_hit_per_target,
939,เซอร์เคิลฮีล,#ペット専用スキル,KreisHeel,939,None,None,none,true,never (ExpType None: no proration slot),
940,กระตุ้นพลัง,#ペット専用スキル,BraveUp,940,None,None,none,true,never (ExpType None: no proration slot),
941,ปฐมพยาบาล,#ペット専用スキル,PetFirstAid,941,None,None,none,true,never (ExpType None: no proration slot),
942,เพิ่มกำลังใจ,#ペット専用スキル,MindUp,942,None,None,none,true,never (ExpType None: no proration slot),
943,ฟื้นฟู,#ペット専用スキル,PetHealing,943,None,None,none,true,never (ExpType None: no proration slot),
944,สวีปแอคแทค,#ペット専用スキル,SweepAttack,944,Physics,Physics,Skill,true,first_hit_per_target,
945,คลีนฮิต,#ペット専用スキル,DownBlow,945,Physics,Physics,Skill,true,first_hit_per_target,
946,เรจแอคแทค,#ペット専用スキル,RageAttack,946,dynamic,dynamic,dynamic,true,first_hit_per_target,
947,บลายอิ้งแชโดว์,#ペット専用スキル,BlindEye,947,Magic,Magic,Magic,true,first_hit_per_target,
948,เพิ่มแรงต้านทาน,#ペット専用スキル,CutUp,948,None,None,none,true,never (ExpType None: no proration slot),
949,สตันแอคแทค,#ペット専用スキル,StanAttack,949,Physics,Physics,Skill,true,first_hit_per_target,
953,ชีลเบรคเกอร์,#ペット専用スキル,SealBreaker,953,Magic,Magic,Magic,true,first_hit_per_target,
958,การการโจมตีปกติ (กายภาพ),#ペット専用スキル,PetNormalAttackAction,958,None,None,none,true,never (ExpType None: no proration slot),
959,การโจมตีปกติ (เวทมนตร์),#ペット専用スキル,PetNormalMagicAction,959,None,None,none,true,never (ExpType None: no proration slot),
961,เฟลชสเต็ป,#ハルバードスキル,FlashStubAction,961,Physics,Physics,Skill,true,first_hit_per_target,
962,แคนนอนสเปียร์,#ハルバードスキル,CannonSpearAction,962,Physics,Physics,Skill,true,first_hit_per_target,
963,เดดลี่สเปียร์,#ハルバードスキル,DeadlySpearAction,963,Physics,Physics,Skill,true,first_hit_per_target,
965,ควิกออร่า,#ハルバードスキル,QuickAuraAction,965,None,None,none,true,never (ExpType None: no proration slot),
966,ดราก้อนเทล,#ハルバードスキル,DragonTailAction,966,Physics,Physics,Skill,true,first_hit_per_target,
967,วานิชเรย์,#ハルバードスキル,PunishRayAction,967,Magic,Magic,Magic,true,first_hit_per_target,
968,วอร์ครายสทรักเกิ้ล,#ハルバードスキル,AdversityRoarAction,968,None,None,none,true,never (ExpType None: no proration slot),
969,ไดฟ์อิมแพ็ค,#ハルバードスキル,DiveImpactAction,969,Physics,Physics,Skill,true,first_hit_per_target,
970,สไตร์คสเต็ป,#ハルバードスキル,StrikeStubAction,970,Physics,Physics,Skill,true,first_hit_per_target,
972,ดราก้อนทูธ,#ハルバードスキル,DragonToothAction,972,Physics,Physics,Skill,true,first_hit_per_target,
973,โครนอสไดรฟ์,#ハルバードスキル,CronosDriveAction,973,Physics,Physics,Skill,true,first_hit_per_target,
974,เทพลมกรด,#ハルバードスキル,HandlingerOfGodspeedAction,974,None,None,none,true,never (ExpType None: no proration slot),
975,[N]บัสเตอร์แลนซ์[P]แพนิกบัสเตอร์แลนซ์[N],#ハルバードスキル,BusterLanceAction,975,dynamic,dynamic,dynamic,true,first_hit_per_target,
976,ดราโกนิกชาร์จ,#ハルバードスキル,DragonicChargeAction,976,Physics,Physics,Skill,true,first_hit_per_target,
977,อินฟิไนท์ไดเมนชัน,#ハルバードスキル,DimensionTillAction,977,Physics,Physics,Skill,false,never (IsExpDefFluctuate=false),
980,บลิทซ์ไปก์,#ハルバードスキル,BlitzPikeAction,980,dynamic,Magic,Magic,true,first_hit_per_target,
981,ไลท์นิ่งเฮล,#ハルバードスキル,LightningHailAction,981,Magic,Magic,Magic,true,first_hit_per_target,
982,ธอร์แฮมเมอร์,#ハルバードスキル,ThorHammerAction,982,Magic,Magic,Magic,true,first_hit_per_target,
988,,,BlitzPikePursuitAction,988,SkillNormal,SkillNormal,Normal,true,first_hit_per_target,
989,,,GodSpearHandling3Action,989,None,None,none,true,never (ExpType None: no proration slot),
990,,,GodSpearHandling2Action,990,None,None,none,true,never (ExpType None: no proration slot),
991,,,GodSpearHandling1Action,991,None,None,none,true,never (ExpType None: no proration slot),
993,[N]แอสแซสซินสแทบ[F]ฟรอนท์สแทบ[S]ไซด์สแทบ[B]แบ็คสแทบ[N],#アサシンスキル,AssassinStubAction,993,Physics,Physics,Skill,true,first_hit_per_target,
994,อีเวชัน,#アサシンスキル,EvolutionAction,994,None,None,none,true,never (ExpType None: no proration slot),
995,แบ็คสเต็ป,#アサシンスキル,BackstepAction,995,None,None,none,false,never (IsExpDefFluctuate=false),
996,เซียรัม,#アサシンスキル,SierramAction,996,None,None,none,true,never (ExpType None: no proration slot),
997,ฟูเนวินเด,#アサシンスキル,FuneVinteAction,997,Physics,Physics,Skill,true,first_hit_per_target,
1000,ชาโดว์วอล์ค,#アサシンスキル,ShadowWalkAction,1000,None,None,none,true,never (ExpType None: no proration slot),
1001,เวนอมอินเจค,#アサシンスキル,VenomInjectAction,1001,None,None,none,true,never (ExpType None: no proration slot),
1003,เวนอมสแนทช,#アサシンスキル,VenomSnatchAction,1003,None,None,none,false,never (IsExpDefFluctuate=false),
1004,เดธรีเซฟชัน,#アサシンスキル,DeathReceptionAction,1004,Physics,Physics,Skill,true,first_hit_per_target,
1006,แอสเซาท์เชส,#アサシンスキル,AssaultChaseAction,1006,None,None,none,true,never (ExpType None: no proration slot),
1025,แฟมิเรีย,#ウィザードスキル,FamiliaAction,1025,None,None,none,true,never (ExpType None: no proration slot),
1026,มานาคริสตัล,#ウィザードスキル,ManaCrystalAction,1026,None,None,none,true,never (ExpType None: no proration slot),
1027,ไลท์นิ่ง,#ウィザードスキル,LightningAction,1027,Magic,Magic,Magic,conditional,first_hit_per_target if class check passes,
1028,บลิซซาร์ด,#ウィザードスキル,BlizzardAction,1028,Magic,Magic,Magic,conditional,first_hit_per_target if class check passes,
1029,เมเทโอสตอร์มสไตร์ค,#ウィザードスキル,MeteorStrikeAction,1029,Magic,Magic,Magic,conditional,first_hit_per_target if class check passes,
1030,สโตนสกิล,#ウィザードスキル,StoneSkinAction,1030,None,None,none,true,never (ExpType None: no proration slot),
1031,[N]อิมพีเรียลเรย์[PN]อิมพีเรียลบลาสท์[PF]อิมพีเรียลไฟร์[PA]อิมพีเรียลฟรีซ[PW]อิมพีเรียลโกลม[PE]อิมพีเรียลเปตรา[PL]อิมพีเรียลโฮลี่[PD]อิมพีเรียลชาโดว์[N],#ウィザードスキル,ImperialRayAction,1031,Magic,Magic,Magic,false,never (IsExpDefFluctuate=false),
1032,ไฮแฟมิเรีย,#ウィザードスキル,HighFamiliaAction,1032,None,None,none,true,never (ExpType None: no proration slot),
1034,คริสตัลเลเซอร์,#ウィザードスキル,CrystalLaserAction,1034,Magic,Magic,Magic,true,first_hit_per_target,
1035,โอเวอร์ลิมิต,#ウィザードスキル,OverLimitAction,1035,None,None,none,true,never (ExpType None: no proration slot),
1039,ชิฟท์,#ウィザードスキル,ShiftAction,1039,None,None,none,true,never (ExpType None: no proration slot),
1057,บลัดดี้ไบท์,#ダークパワースキル,BloodBiteAction,1057,Physics,Physics,Skill,true,first_hit_per_target,
1058,แซครีไฟซ์,#ダークパワースキル,SacrificeAction,1058,Physics,Physics,Skill,true,never (IsExpSkill excludes ActionID),
1059,ดาร์คสตริงเกอร์,#ダークパワースキル,DarkStingerAction,1059,Physics,Physics,Skill,true,first_hit_per_target,
1060,เดมอนคลอว์,#ダークパワースキル,DemonCroweAction,1060,Physics,Physics,Skill,true,first_hit_per_target,
1061,เรดเทีย,#ダークパワースキル,RedTearAction,1061,Physics,Physics,Skill,true,first_hit_per_target,
1062,รีเกรทเลส,#ダークパワースキル,RegretAction,1062,None,None,none,true,never (ExpType None: no proration slot),
1063,[N]โซลฮันเตอร์[N2]เดธรีปเปอร์[N],#ダークパワースキル,SoulHuntAction,1063,Physics,Magic,Magic,true,first_hit_per_target,
1064,อีเทอนอลไนท์แมร์,#ダークパワースキル,EternalNightmareAction,1064,None,None,none,true,never (ExpType None: no proration slot),
1065,เนตรมารข่มขวัญ,#ダークパワースキル,IntimidatingEvilEyeAction,1065,Magic,Magic,Magic,true,first_hit_per_target,
1066,เนตรมารเสน่หา,#ダークパワースキル,EnchantingEvilEyeAction,1066,Magic,Magic,Magic,true,first_hit_per_target,
1067,เนตรมารเพลิงทมิฬ,#ダークパワースキル,BlackFlameEvilEyeAction,1067,Magic,Magic,Magic,true,first_hit_per_target,
1068,เนตรมารโกลาหล,#ダークパワースキル,ChaosEvilEyeAction,1068,Magic,dynamic,dynamic,true,first_hit_per_target,
1090,ชาร์จพลังชี่กง,#ベアハンドスキル,CollectQigongAction,1090,None,None,none,true,never (ExpType None: no proration slot),
1091,ซีซ่าแสลชเชอร์,#ベアハンドスキル,FuriousEffortsAction,1091,None,None,none,true,never (ExpType None: no proration slot),
1092,วายุโหมคลื่นกระหน่ำ,#ベアハンドスキル,StormAndUrgeAction,1092,None,None,none,true,never (ExpType None: no proration slot),
1093,ชี่กงฟื้นฟู,#ベアハンドスキル,HealQigongAction,1093,None,None,none,true,never (ExpType None: no proration slot),
1098,สะเทือนโลกา,#ベアハンドスキル,EarthShatteringAction,1098,None,None,none,true,never (ExpType None: no proration slot),
1121,เกรฟดิกเกอร์,#ネクロマンサースキル,GlaiveTiggerAction,1121,None,None,none,true,never (ExpType None: no proration slot),
1122,ทูม,#ネクロマンサースキル,TombAction,1122,Physics,Physics,Skill,true,first_hit_per_target,
1123,แฟนทอมมิสไซล์,#ネクロマンサースキル,PhantomMissileAction,1123,Magic,Magic,Magic,true,first_hit_per_target,
1125,สกัลเชคเกอร์,#ネクロマンサースキル,SkullShakerAction,1125,Physics,Physics,Skill,true,first_hit_per_target,
1126,บลัดสตีล,#ネクロマンサースキル,BloodSteelAction,1126,Physics,Physics,Skill,true,first_hit_per_target,
1127,ซัมมอนสเกเลตัน,#ネクロマンサースキル,SummonSkeletonAction,1127,Physics,SkillNormal,Normal,false,never (IsExpDefFluctuate=false),
1129,เดนเจอร์เชค,#ネクロマンサースキル,DengerShakeAction,1129,Physics,Physics,Skill,true,first_hit_per_target,
1130,โซลสตรีม,#ネクロマンサースキル,SoulStreamAction,1130,Magic,Magic,Magic,true,first_hit_per_target,
1131,ซัมมอนเดโมนิก,#ネクロマンサースキル,SummonDemonicAction,1131,None,None,none,true,never (ExpType None: no proration slot),
1153,กำปั้นผดุงคุณธรรม,#クラッシャー,ForefistPunchAction,1153,Physics,Physics,Skill,true,first_hit_per_target,
1154,วิธีการหายใจ,#クラッシャー,BreathingMethodAction,1154,None,None,none,true,never (ExpType None: no proration slot),
1155,กลอเรียเทคชอต,#クラッシャー,GoliathTakeShotAction,1155,Physics,Physics,Skill,true,first_hit_per_target,
1156,ฟลายอิ้งคิก,#クラッシャー,FloatingKickAction,1156,Physics,Physics,Skill,true,first_hit_per_target,
1157,คอมบิเนชั่น,#クラッシャー,CombinationAction,1157,SkillNormal,SkillNormal,Normal,true,first_hit_per_target,
1158,ก็อดแฮนด์,#クラッシャー,GodHandAction,1158,Physics,Physics,Skill,true,first_hit_per_target,
1159,ผู้ทำลายล้าง,#クラッシャー,DestroyerAction,1159,None,None,none,true,never (ExpType None: no proration slot),
1160,เทอราบลาสต์,#クラッシャー,GeoImpactAction,1160,Physics,Physics,Skill,true,first_hit_per_target,
1162,กีย์เซอร์ชู้ต,#クラッシャー,GazerShootAction,1162,Physics,Physics,Skill,true,first_hit_per_target,
1218,นินจูตสึ,#ニンジャスキル,NinjutsuAction,1218,None,None,none,true,never (ExpType None: no proration slot),
1219,ขว้างคุไน,#ニンジャスキル,KunaiThrowingAction,1219,SkillNormal,SkillNormal,Normal,conditional,every_hit + class check,
1220,ชูริเคนปีศาจวายุ,#ニンジャスキル,FumaShurikenAction,1220,Physics,Physics,Skill,true,first_hit_per_target,
1221,[N]คาถาไฟ[N2]ระเบิดเพลิงโลกันต์[N],#ニンジャスキル,FireStyleAction,1221,Magic,Magic,Magic,true,first_hit_per_target,
1222,[N]คาถาสายฟ้า[N2]อสนีบาต[N],#ニンジャスキル,ThunderStyleAction,1222,Physics,Physics,Skill,true,first_hit_per_target,
1223,คาถาน้ำ,#ニンジャスキル,WaterStyleAction,1223,None,None,none,true,never (ExpType None: no proration slot),
1224,คาถาดิน,#ニンジャスキル,EarthStyleAction,1224,None,None,none,true,never (ExpType None: no proration slot),
1225,[N]คาถาลม[N2]เจาะเกราะ[N],#ニンジャスキル,WindStyleAction,1225,Magic,Magic,Magic,true,first_hit_per_target,
1226,คาถาแยกร่าง,#ニンジャスキル,CloningTechniqueAction,1226,SkillNormal,SkillNormal,Normal,false,never (IsExpDefFluctuate=false),
1245,,,RapidAquaVortexAction,1245,Physics,Physics,Skill,true,first_hit_per_target,
1246,,,EarthStyleAttackAction,1246,Magic,Magic,Magic,true,first_hit_per_target,
1247,จักจั่นลอกคราบ,#ニンジャスキル,UtsusemiAction,1247,None,None,none,true,never (ExpType None: no proration slot),
1249,ท่อเหล็ก,,IronPipeAction,1249,Physics,Physics,Skill,true,first_hit_per_target,
1250,เรโทรโบว์กัน,,RetroBowgunAction,1250,Physics,Physics,Skill,true,first_hit_per_target,
1251,แม็กนั่ม,,MagnumAction,1251,Physics,Magic,Magic,true,first_hit_per_target,
1281,เอ็กซ์โพชั่น,,ExplosionAction,1281,Magic,Magic,Magic,true,first_hit_per_target,
1282,ไลท์ออฟเซเบอร์,,LightOfSaberAction,1282,Magic,Magic,Magic,true,first_hit_per_target,
1283,Morning Star,,MorningStarAction,1283,Physics,Physics,Skill,true,first_hit_per_target,
1285,[N]ดราก้อนสเลฟ[N2]ดราก้อนสเลฟ[N],,DragSlaveAction,1285,Magic,Magic,Magic,true,first_hit_per_target,
