key	kind	no	text
npc_tenarto	0	0	Tenert
npc_ribera	0	0	Libera
inc_basic	0	0	Previerka
npc_virugo	0	0	Virgo
Triel_00	0	0	Triel
Balft_00	0	0	Balft
Alonue_00	0	0	Arone
Syurea_00_battle	0	0	Shreya
Mob_1002001	0	0	Mochelo
York_00	0	0	York
Mob_4701	0	0	Guard Golem Type L
Agios_00	0	0	Agios
Agios_01	0	0	Agios
Tenarto_00	0	0	Tenert
Libera_00	0	0	Libera
N7_Burnos_00	0	0	Burnos
Mob_1004101	0	0	Woman
mob1004101_02	0	0	Grecia
N0_Legends_01	0	0	L. Adventurer
Mob_6401	0	0	Bongea
N0_Hydra_01	0	0	Hydra
Mob_1004402	0	0	Vatendeth
Mob_1004501	0	0	Iconos
Mob_1003701	0	0	Pumpking
N7_Parti_Romf_00	0	0	Romfh
N7_Parti_Pasca_00	0	0	Pasca
N7_Parti_Lepage_03	0	0	Lepage
N7_Palti_Nino_00	0	0	Nino
Perur_01	0	0	Pelulu
N7_Garador_00	0	0	Garrador
N7_Raulelus_00	0	0	Laureraz
Lienoe_00	0	0	Rieno
Balset_00	0	0	Balsette
Mob_1009601	0	0	Oritius
Mob_4702	0	0	護衛ゴーレムS型
Mob_1000801	0	0	Decel
N7_Heilios_00	0	0	Halios
N7_Dunkelis_01	0	0	Dunkelis
N7_Inje1_01	0	0	Inje Man
N7_Yumano_Sol_00	0	0	Eumano Soldier
npc_ribera_c	0	0	Libera
npc_virugo_c	0	0	Virgo
Mob_100002	0	0	Anono
N2_Anono_00	0	0	Anono
N0_Muti_01	0	0	Muti
N8_Gianga_00	0	0	Zianga
Mob_1011801	0	0	Knight of Thorns
Mob_1012001	0	0	Imperial Dragon Galaben
N7_Mahle_00	0	0	Mare
N7_Arga_00	0	0	Aga
N7_Mahle_01	0	0	Mare
N7_Arga_01	0	0	Aga
N7_Unda_01	0	0	Unda
N7_RanaRint_00	0	0	Resistance Soldier
