version,cached_date,table,bytes,sha1_12,vs_previous
48a4ce31,2026-07-02,AvatarColorPallet,252,b3ebc95bbfe0,
48a4ce31,2026-07-02,AvaterGroupColor,43,0adf1b531f23,
48a4ce31,2026-07-02,CharConversion,1685,501753fc1f61,
48a4ce31,2026-07-02,Cuisine,1955,00d14ecbd5e7,
48a4ce31,2026-07-02,EnchantmentData,4916,f6c9b0f367f3,
48a4ce31,2026-07-02,EquipColorPallet,289,58b71050f018,
48a4ce31,2026-07-02,EquipModelProperty,14602,0bb9e0ede434,
48a4ce31,2026-07-02,FishingFishMaster,1338,fec946fcff41,
48a4ce31,2026-07-02,GuildBgmRecipeMaster,78,64e11473aed4,
48a4ce31,2026-07-02,GuildFacilityMaster,3997,d6782a77b8f9,
48a4ce31,2026-07-02,GuildQuestMaster,27790,2f4dc189b4d6,
48a4ce31,2026-07-02,GuildRenovationMaster,206,16082ca1594d,
48a4ce31,2026-07-02,HighRaidBossMaster,689,146f4fbccc89,
48a4ce31,2026-07-02,HighRaidMaterialMaster,41,59446a790513,
48a4ce31,2026-07-02,HighRaidTrophyMaster,2047,e96cabb604ea,
48a4ce31,2026-07-02,HouseObjMaster,65281,daf2bedfc001,
48a4ce31,2026-07-02,HuntingOneData,18,f6c9be9fe9fc,
48a4ce31,2026-07-02,ItemCreateSupport,180,b22d958076e4,
48a4ce31,2026-07-02,ItemDorpData,40226,8e47aed8a480,
48a4ce31,2026-07-02,ItemMaster,424431,3b4a7d05f732,
48a4ce31,2026-07-02,ItemProperties,190964,8e7dee000046,
48a4ce31,2026-07-02,ItemRandomPropertyMaster,22312,9535c41fa0a7,
48a4ce31,2026-07-02,MissionSkipMaster,1165,8512b3376ca3,
48a4ce31,2026-07-02,NGItem,124,9a82132083ed,
48a4ce31,2026-07-02,PetCaptureDataMaster,28742,7846376c9a49,
48a4ce31,2026-07-02,PetRaceMaster,30,2702ea47185c,
48a4ce31,2026-07-02,RecipeMaster,96324,6597ea15b4cb,
48a4ce31,2026-07-02,RegistletMaster,1278,da513e292428,
48a4ce31,2026-07-02,RhythmMaster,2441,3f0d1931f3d0,
48a4ce31,2026-07-02,ServantData,17,def74618357e,
48a4ce31,2026-07-02,SkillMaster,14840,c5d04731aacc,
48a4ce31,2026-07-02,SpinaWarpMaster,369,11c2f6030527,
48a4ce31,2026-07-02,StyleData,332,cbfde6a275d4,
48a4ce31,2026-07-02,SummonDemonicData,14,be07353a9e98,
48a4ce31,2026-07-02,TrophyMaster,5876,30001ce2b6cd,
48a4ce31,2026-07-02,WaveRewardMaster,83,b481b042a7ed,
48a4ce31,2026-07-02,WorldMapMaster,13343,a49a041b0ac3,
8a85e231,2026-07-09,AvatarColorPallet,252,b3ebc95bbfe0,same
8a85e231,2026-07-09,AvaterGroupColor,43,0adf1b531f23,same
8a85e231,2026-07-09,CharConversion,1685,501753fc1f61,same
8a85e231,2026-07-09,Cuisine,1955,00d14ecbd5e7,same
8a85e231,2026-07-09,EnchantmentData,4916,f6c9b0f367f3,same
8a85e231,2026-07-09,EquipColorPallet,289,58b71050f018,same
8a85e231,2026-07-09,EquipModelProperty,14674,c1422572858d,changed
8a85e231,2026-07-09,FishingFishMaster,1338,fec946fcff41,same
8a85e231,2026-07-09,GuildBgmRecipeMaster,78,64e11473aed4,same
8a85e231,2026-07-09,GuildFacilityMaster,3997,d6782a77b8f9,same
8a85e231,2026-07-09,GuildQuestMaster,27790,2f4dc189b4d6,same
8a85e231,2026-07-09,GuildRenovationMaster,206,16082ca1594d,same
8a85e231,2026-07-09,HighRaidBossMaster,689,146f4fbccc89,same
8a85e231,2026-07-09,HighRaidMaterialMaster,41,59446a790513,same
8a85e231,2026-07-09,HighRaidTrophyMaster,2047,e96cabb604ea,same
8a85e231,2026-07-09,HouseObjMaster,65281,daf2bedfc001,same
8a85e231,2026-07-09,HuntingOneData,18,f6c9be9fe9fc,same
8a85e231,2026-07-09,ItemCreateSupport,180,b22d958076e4,same
8a85e231,2026-07-09,ItemDorpData,40356,edb107c051d2,changed
8a85e231,2026-07-09,ItemMaster,427687,2bb9a53d9d6e,changed
8a85e231,2026-07-09,ItemProperties,193912,0603ce636dd3,changed
8a85e231,2026-07-09,ItemRandomPropertyMaster,22312,9535c41fa0a7,same
8a85e231,2026-07-09,MissionSkipMaster,1165,8512b3376ca3,same
8a85e231,2026-07-09,NGItem,136,76e3abc56c8e,changed
8a85e231,2026-07-09,PetCaptureDataMaster,28742,7846376c9a49,same
8a85e231,2026-07-09,PetRaceMaster,30,2702ea47185c,same
8a85e231,2026-07-09,RecipeMaster,96380,2137c75778cc,changed
8a85e231,2026-07-09,RegistletMaster,1278,da513e292428,same
8a85e231,2026-07-09,RhythmMaster,2441,3f0d1931f3d0,same
8a85e231,2026-07-09,ServantData,17,def74618357e,same
8a85e231,2026-07-09,SkillMaster,14840,c5d04731aacc,same
8a85e231,2026-07-09,SpinaWarpMaster,369,11c2f6030527,same
8a85e231,2026-07-09,StyleData,332,cbfde6a275d4,same
8a85e231,2026-07-09,SummonDemonicData,14,be07353a9e98,same
8a85e231,2026-07-09,TrophyMaster,5876,30001ce2b6cd,same
8a85e231,2026-07-09,WarpListMaster,2667,0c5be58ada05,
8a85e231,2026-07-09,WaveRewardMaster,83,b481b042a7ed,same
8a85e231,2026-07-09,WorldMapMaster,13369,768afd5128f4,changed
d96dea31,2026-07-18,AvatarColorPallet,252,b3ebc95bbfe0,same
d96dea31,2026-07-18,AvaterGroupColor,43,0adf1b531f23,same
d96dea31,2026-07-18,CharConversion,1685,501753fc1f61,same
d96dea31,2026-07-18,Cuisine,1955,00d14ecbd5e7,same
d96dea31,2026-07-18,EnchantmentData,4916,f6c9b0f367f3,same
d96dea31,2026-07-18,EquipColorPallet,289,58b71050f018,same
d96dea31,2026-07-18,EquipModelProperty,14692,3787ffb5f09b,changed
d96dea31,2026-07-18,FishingFishMaster,1338,fec946fcff41,same
d96dea31,2026-07-18,GuildBgmRecipeMaster,78,64e11473aed4,same
d96dea31,2026-07-18,GuildFacilityMaster,3997,d6782a77b8f9,same
d96dea31,2026-07-18,GuildQuestMaster,27790,2f4dc189b4d6,same
d96dea31,2026-07-18,GuildRenovationMaster,206,16082ca1594d,same
d96dea31,2026-07-18,HighRaidBossMaster,689,146f4fbccc89,same
d96dea31,2026-07-18,HighRaidMaterialMaster,41,59446a790513,same
d96dea31,2026-07-18,HighRaidTrophyMaster,2047,e96cabb604ea,same
d96dea31,2026-07-18,HouseObjMaster,65281,daf2bedfc001,same
d96dea31,2026-07-18,HuntingOneData,18,f6c9be9fe9fc,same
d96dea31,2026-07-18,ItemCreateSupport,180,b22d958076e4,same
d96dea31,2026-07-18,ItemDorpData,40356,edb107c051d2,same
d96dea31,2026-07-18,ItemMaster,427798,d77046431235,changed
d96dea31,2026-07-18,ItemProperties,194044,87667845f332,changed
d96dea31,2026-07-18,ItemRandomPropertyMaster,22312,9535c41fa0a7,same
d96dea31,2026-07-18,MissionSkipMaster,1165,8512b3376ca3,same
d96dea31,2026-07-18,NGItem,124,9a82132083ed,changed
d96dea31,2026-07-18,PetCaptureDataMaster,28742,7846376c9a49,same
d96dea31,2026-07-18,PetRaceMaster,30,2702ea47185c,same
d96dea31,2026-07-18,RecipeMaster,96380,647d96f0ab64,changed
d96dea31,2026-07-18,RegistletMaster,1278,da513e292428,same
d96dea31,2026-07-18,RhythmMaster,2441,3f0d1931f3d0,same
d96dea31,2026-07-18,ServantData,17,def74618357e,same
d96dea31,2026-07-18,SkillMaster,14840,c5d04731aacc,same
d96dea31,2026-07-18,SpinaWarpMaster,369,11c2f6030527,same
d96dea31,2026-07-18,StyleData,332,cbfde6a275d4,same
d96dea31,2026-07-18,SummonDemonicData,14,be07353a9e98,same
d96dea31,2026-07-18,TrophyMaster,5876,30001ce2b6cd,same
d96dea31,2026-07-18,WarpListMaster,2667,0c5be58ada05,same
d96dea31,2026-07-18,WaveRewardMaster,83,b481b042a7ed,same
d96dea31,2026-07-18,WorldMapMaster,13369,768afd5128f4,same
7a93f331,2026-07-23,AvatarColorPallet,252,b3ebc95bbfe0,same
7a93f331,2026-07-23,AvaterGroupColor,43,0adf1b531f23,same
7a93f331,2026-07-23,CharConversion,1685,501753fc1f61,same
7a93f331,2026-07-23,Cuisine,1955,00d14ecbd5e7,same
7a93f331,2026-07-23,EnchantmentData,4916,f6c9b0f367f3,same
7a93f331,2026-07-23,EquipColorPallet,289,58b71050f018,same
7a93f331,2026-07-23,EquipModelProperty,14692,3787ffb5f09b,same
7a93f331,2026-07-23,FishingFishMaster,1338,fec946fcff41,same
7a93f331,2026-07-23,GuildBgmRecipeMaster,78,64e11473aed4,same
7a93f331,2026-07-23,GuildFacilityMaster,3997,d6782a77b8f9,same
7a93f331,2026-07-23,GuildQuestMaster,27790,2f4dc189b4d6,same
7a93f331,2026-07-23,GuildRenovationMaster,206,16082ca1594d,same
7a93f331,2026-07-23,HighRaidBossMaster,689,146f4fbccc89,same
7a93f331,2026-07-23,HighRaidMaterialMaster,41,59446a790513,same
7a93f331,2026-07-23,HighRaidTrophyMaster,2047,e96cabb604ea,same
7a93f331,2026-07-23,HouseObjMaster,65751,19ef76f61fd7,changed
7a93f331,2026-07-23,HuntingOneData,18,f6c9be9fe9fc,same
7a93f331,2026-07-23,ItemCreateSupport,180,b22d958076e4,same
7a93f331,2026-07-23,ItemDorpData,40356,edb107c051d2,same
7a93f331,2026-07-23,ItemMaster,427798,d77046431235,same
7a93f331,2026-07-23,ItemProperties,194044,87667845f332,same
7a93f331,2026-07-23,ItemRandomPropertyMaster,22312,9535c41fa0a7,same
7a93f331,2026-07-23,MissionSkipMaster,1165,8512b3376ca3,same
7a93f331,2026-07-23,NGItem,124,9a82132083ed,same
7a93f331,2026-07-23,PetCaptureDataMaster,28742,7846376c9a49,same
7a93f331,2026-07-23,PetRaceMaster,30,2702ea47185c,same
7a93f331,2026-07-23,RecipeMaster,96380,647d96f0ab64,same
7a93f331,2026-07-23,RegistletMaster,1278,da513e292428,same
7a93f331,2026-07-23,RhythmMaster,2441,3f0d1931f3d0,same
7a93f331,2026-07-23,ServantData,17,def74618357e,same
7a93f331,2026-07-23,SkillMaster,14840,c5d04731aacc,same
7a93f331,2026-07-23,SpinaWarpMaster,369,11c2f6030527,same
7a93f331,2026-07-23,StyleData,332,cbfde6a275d4,same
7a93f331,2026-07-23,SummonDemonicData,14,be07353a9e98,same
7a93f331,2026-07-23,TrophyMaster,5876,30001ce2b6cd,same
7a93f331,2026-07-23,WarpListMaster,2667,0c5be58ada05,same
7a93f331,2026-07-23,WaveRewardMaster,83,b481b042a7ed,same
7a93f331,2026-07-23,WorldMapMaster,13369,768afd5128f4,same
dad0fc31,2026-08-02,AvatarColorPallet,252,b3ebc95bbfe0,same
dad0fc31,2026-08-02,AvaterGroupColor,43,0adf1b531f23,same
dad0fc31,2026-08-02,CharConversion,1685,501753fc1f61,same
dad0fc31,2026-08-02,Cuisine,1955,00d14ecbd5e7,same
dad0fc31,2026-08-02,EnchantmentData,4916,f6c9b0f367f3,same
dad0fc31,2026-08-02,EquipColorPallet,289,58b71050f018,same
dad0fc31,2026-08-02,EquipModelProperty,14806,18d18eb1eddb,changed
dad0fc31,2026-08-02,FishingFishMaster,1338,fec946fcff41,same
dad0fc31,2026-08-02,GuildBgmRecipeMaster,78,64e11473aed4,same
dad0fc31,2026-08-02,GuildFacilityMaster,3997,d6782a77b8f9,same
dad0fc31,2026-08-02,GuildQuestMaster,27790,2f4dc189b4d6,same
dad0fc31,2026-08-02,GuildRenovationMaster,206,16082ca1594d,same
dad0fc31,2026-08-02,HighRaidBossMaster,689,146f4fbccc89,same
dad0fc31,2026-08-02,HighRaidMaterialMaster,41,59446a790513,same
dad0fc31,2026-08-02,HighRaidTrophyMaster,2047,e96cabb604ea,same
dad0fc31,2026-08-02,HouseObjMaster,65751,19ef76f61fd7,same
dad0fc31,2026-08-02,HuntingOneData,18,f6c9be9fe9fc,same
dad0fc31,2026-08-02,ItemCreateSupport,180,b22d958076e4,same
dad0fc31,2026-08-02,ItemDorpData,40356,edb107c051d2,same
dad0fc31,2026-08-02,ItemMaster,428686,17d8db0cccf8,changed
dad0fc31,2026-08-02,ItemProperties,194044,87667845f332,same
dad0fc31,2026-08-02,ItemRandomPropertyMaster,22312,9535c41fa0a7,same
dad0fc31,2026-08-02,MissionSkipMaster,1165,8512b3376ca3,same
dad0fc31,2026-08-02,NGItem,124,9a82132083ed,same
dad0fc31,2026-08-02,PetCaptureDataMaster,28742,7846376c9a49,same
dad0fc31,2026-08-02,PetRaceMaster,30,2702ea47185c,same
dad0fc31,2026-08-02,RecipeMaster,96380,8a86e8d6d0bd,changed
dad0fc31,2026-08-02,RegistletMaster,1278,da513e292428,same
dad0fc31,2026-08-02,RhythmMaster,2441,3f0d1931f3d0,same
dad0fc31,2026-08-02,ServantData,17,def74618357e,same
dad0fc31,2026-08-02,SkillMaster,14840,c5d04731aacc,same
dad0fc31,2026-08-02,SpinaWarpMaster,369,11c2f6030527,same
dad0fc31,2026-08-02,StyleData,332,cbfde6a275d4,same
dad0fc31,2026-08-02,SummonDemonicData,14,be07353a9e98,same
dad0fc31,2026-08-02,TrophyMaster,5876,30001ce2b6cd,same
dad0fc31,2026-08-02,WarpListMaster,2667,0c5be58ada05,same
dad0fc31,2026-08-02,WaveRewardMaster,83,b481b042a7ed,same
dad0fc31,2026-08-02,WorldMapMaster,13369,768afd5128f4,same
0b170732,2026-08-06,AvatarColorPallet,252,b3ebc95bbfe0,same
0b170732,2026-08-06,AvaterGroupColor,43,0adf1b531f23,same
0b170732,2026-08-06,CharConversion,1685,501753fc1f61,same
0b170732,2026-08-06,Cuisine,1955,00d14ecbd5e7,same
0b170732,2026-08-06,EnchantmentData,4916,f6c9b0f367f3,same
0b170732,2026-08-06,EquipColorPallet,289,58b71050f018,same
0b170732,2026-08-06,EquipModelProperty,14812,baad1f3cca6d,changed
0b170732,2026-08-06,FishingFishMaster,1338,fec946fcff41,same
0b170732,2026-08-06,GuildBgmRecipeMaster,78,64e11473aed4,same
0b170732,2026-08-06,GuildFacilityMaster,3997,d6782a77b8f9,same
0b170732,2026-08-06,GuildQuestMaster,27790,2f4dc189b4d6,same
0b170732,2026-08-06,GuildRenovationMaster,206,16082ca1594d,same
0b170732,2026-08-06,HighRaidBossMaster,689,146f4fbccc89,same
0b170732,2026-08-06,HighRaidMaterialMaster,41,59446a790513,same
0b170732,2026-08-06,HighRaidTrophyMaster,2047,e96cabb604ea,same
0b170732,2026-08-06,HouseObjMaster,65751,19ef76f61fd7,same
0b170732,2026-08-06,HuntingOneData,18,f6c9be9fe9fc,same
0b170732,2026-08-06,ItemCreateSupport,180,b22d958076e4,same
0b170732,2026-08-06,ItemDorpData,40525,b641220034b0,changed
0b170732,2026-08-06,ItemMaster,429759,00081f256b80,changed
0b170732,2026-08-06,ItemProperties,194792,2b748b6bd813,changed
0b170732,2026-08-06,ItemRandomPropertyMaster,22312,9535c41fa0a7,same
0b170732,2026-08-06,MissionSkipMaster,1165,8512b3376ca3,same
0b170732,2026-08-06,NGItem,124,9a82132083ed,same
0b170732,2026-08-06,PetCaptureDataMaster,29220,577b910d3bea,changed
0b170732,2026-08-06,PetRaceMaster,30,2702ea47185c,same
0b170732,2026-08-06,RecipeMaster,96692,6d5e0c5b2e20,changed
0b170732,2026-08-06,RegistletMaster,1278,da513e292428,same
0b170732,2026-08-06,RhythmMaster,2441,3f0d1931f3d0,same
0b170732,2026-08-06,ServantData,17,def74618357e,same
0b170732,2026-08-06,SkillMaster,14840,c5d04731aacc,same
0b170732,2026-08-06,SpinaWarpMaster,369,11c2f6030527,same
0b170732,2026-08-06,StyleData,332,cbfde6a275d4,same
0b170732,2026-08-06,SummonDemonicData,14,be07353a9e98,same
0b170732,2026-08-06,TrophyMaster,5885,9caf495d08f0,changed
0b170732,2026-08-06,WarpListMaster,2667,0c5be58ada05,same
0b170732,2026-08-06,WaveRewardMaster,83,b481b042a7ed,same
0b170732,2026-08-06,WorldMapMaster,13421,793d9e1766e1,changed
658f0832,2026-08-07,AvatarColorPallet,252,b3ebc95bbfe0,same
658f0832,2026-08-07,AvaterGroupColor,43,0adf1b531f23,same
658f0832,2026-08-07,CharConversion,1685,501753fc1f61,same
658f0832,2026-08-07,Cuisine,1955,00d14ecbd5e7,same
658f0832,2026-08-07,EnchantmentData,4916,f6c9b0f367f3,same
658f0832,2026-08-07,EquipColorPallet,289,58b71050f018,same
658f0832,2026-08-07,EquipModelProperty,14812,baad1f3cca6d,same
658f0832,2026-08-07,FishingFishMaster,1338,fec946fcff41,same
658f0832,2026-08-07,GuildBgmRecipeMaster,78,64e11473aed4,same
658f0832,2026-08-07,GuildFacilityMaster,3997,d6782a77b8f9,same
658f0832,2026-08-07,GuildQuestMaster,27790,2f4dc189b4d6,same
658f0832,2026-08-07,GuildRenovationMaster,206,16082ca1594d,same
658f0832,2026-08-07,HighRaidBossMaster,689,146f4fbccc89,same
658f0832,2026-08-07,HighRaidMaterialMaster,41,59446a790513,same
658f0832,2026-08-07,HighRaidTrophyMaster,2047,e96cabb604ea,same
658f0832,2026-08-07,HouseObjMaster,65751,19ef76f61fd7,same
658f0832,2026-08-07,HuntingOneData,18,f6c9be9fe9fc,same
658f0832,2026-08-07,ItemCreateSupport,180,b22d958076e4,same
658f0832,2026-08-07,ItemDorpData,40525,b641220034b0,same
658f0832,2026-08-07,ItemMaster,429759,00081f256b80,same
658f0832,2026-08-07,ItemProperties,194792,2b748b6bd813,same
658f0832,2026-08-07,ItemRandomPropertyMaster,22312,9535c41fa0a7,same
658f0832,2026-08-07,MissionSkipMaster,1165,8512b3376ca3,same
658f0832,2026-08-07,NGItem,124,9a82132083ed,same
658f0832,2026-08-07,PetCaptureDataMaster,29220,577b910d3bea,same
658f0832,2026-08-07,PetRaceMaster,30,2702ea47185c,same
658f0832,2026-08-07,RecipeMaster,97052,d18e4c7399f7,changed
658f0832,2026-08-07,RegistletMaster,1278,da513e292428,same
658f0832,2026-08-07,RhythmMaster,2441,3f0d1931f3d0,same
658f0832,2026-08-07,ServantData,17,def74618357e,same
658f0832,2026-08-07,SkillMaster,14840,c5d04731aacc,same
658f0832,2026-08-07,SpinaWarpMaster,369,11c2f6030527,same
658f0832,2026-08-07,StyleData,332,cbfde6a275d4,same
658f0832,2026-08-07,SummonDemonicData,14,be07353a9e98,same
658f0832,2026-08-07,TrophyMaster,5885,9caf495d08f0,same
658f0832,2026-08-07,WarpListMaster,2667,0c5be58ada05,same
658f0832,2026-08-07,WaveRewardMaster,83,b481b042a7ed,same
658f0832,2026-08-07,WorldMapMaster,13421,793d9e1766e1,same
818f0832,2026-08-13,AvatarColorPallet,252,b3ebc95bbfe0,same
818f0832,2026-08-13,AvaterGroupColor,43,0adf1b531f23,same
818f0832,2026-08-13,CharConversion,1685,501753fc1f61,same
818f0832,2026-08-13,Cuisine,1955,00d14ecbd5e7,same
818f0832,2026-08-13,EnchantmentData,4916,f6c9b0f367f3,same
818f0832,2026-08-13,EquipColorPallet,289,58b71050f018,same
818f0832,2026-08-13,EquipModelProperty,14812,baad1f3cca6d,same
818f0832,2026-08-13,FishingFishMaster,1338,fec946fcff41,same
818f0832,2026-08-13,GuildBgmRecipeMaster,78,64e11473aed4,same
818f0832,2026-08-13,GuildFacilityMaster,3997,d6782a77b8f9,same
818f0832,2026-08-13,GuildQuestMaster,27790,2f4dc189b4d6,same
818f0832,2026-08-13,GuildRenovationMaster,206,16082ca1594d,same
818f0832,2026-08-13,HighRaidBossMaster,689,146f4fbccc89,same
818f0832,2026-08-13,HighRaidMaterialMaster,41,59446a790513,same
818f0832,2026-08-13,HighRaidTrophyMaster,2047,e96cabb604ea,same
818f0832,2026-08-13,HouseObjMaster,65751,19ef76f61fd7,same
818f0832,2026-08-13,HuntingOneData,18,f6c9be9fe9fc,same
818f0832,2026-08-13,ItemCreateSupport,180,b22d958076e4,same
818f0832,2026-08-13,ItemDorpData,40525,b641220034b0,same
818f0832,2026-08-13,ItemMaster,429759,00081f256b80,same
818f0832,2026-08-13,ItemProperties,194792,2b748b6bd813,same
818f0832,2026-08-13,ItemRandomPropertyMaster,22312,9535c41fa0a7,same
818f0832,2026-08-13,MissionSkipMaster,1165,8512b3376ca3,same
818f0832,2026-08-13,NGItem,124,9a82132083ed,same
818f0832,2026-08-13,PetCaptureDataMaster,29220,577b910d3bea,same
818f0832,2026-08-13,PetRaceMaster,30,2702ea47185c,same
818f0832,2026-08-13,RecipeMaster,97052,d18e4c7399f7,same
818f0832,2026-08-13,RegistletMaster,1278,da513e292428,same
818f0832,2026-08-13,RhythmMaster,2441,3f0d1931f3d0,same
818f0832,2026-08-13,ServantData,17,def74618357e,same
818f0832,2026-08-13,SkillMaster,14840,c5d04731aacc,same
818f0832,2026-08-13,SpinaWarpMaster,369,11c2f6030527,same
818f0832,2026-08-13,StyleData,332,cbfde6a275d4,same
818f0832,2026-08-13,SummonDemonicData,14,be07353a9e98,same
818f0832,2026-08-13,TrophyMaster,5885,9caf495d08f0,same
818f0832,2026-08-13,WarpListMaster,2667,0c5be58ada05,same
818f0832,2026-08-13,WaveRewardMaster,83,b481b042a7ed,same
818f0832,2026-08-13,WorldMapMaster,13421,793d9e1766e1,same
6f8b1932,2026-08-22,AvatarColorPallet,252,b3ebc95bbfe0,same
6f8b1932,2026-08-22,AvaterGroupColor,43,0adf1b531f23,same
6f8b1932,2026-08-22,CharConversion,1685,501753fc1f61,same
6f8b1932,2026-08-22,Cuisine,1955,00d14ecbd5e7,same
6f8b1932,2026-08-22,EnchantmentData,4916,f6c9b0f367f3,same
6f8b1932,2026-08-22,EquipColorPallet,289,58b71050f018,same
6f8b1932,2026-08-22,EquipModelProperty,14890,0e8eb63ded87,changed
6f8b1932,2026-08-22,FishingFishMaster,1338,fec946fcff41,same
6f8b1932,2026-08-22,GuildBgmRecipeMaster,78,64e11473aed4,same
6f8b1932,2026-08-22,GuildFacilityMaster,3997,d6782a77b8f9,same
6f8b1932,2026-08-22,GuildQuestMaster,27790,2f4dc189b4d6,same
6f8b1932,2026-08-22,GuildRenovationMaster,206,16082ca1594d,same
6f8b1932,2026-08-22,HighRaidBossMaster,689,146f4fbccc89,same
6f8b1932,2026-08-22,HighRaidMaterialMaster,41,59446a790513,same
6f8b1932,2026-08-22,HighRaidTrophyMaster,2047,e96cabb604ea,same
6f8b1932,2026-08-22,HouseObjMaster,65751,19ef76f61fd7,same
6f8b1932,2026-08-22,HuntingOneData,18,f6c9be9fe9fc,same
6f8b1932,2026-08-22,ItemCreateSupport,180,b22d958076e4,same
6f8b1932,2026-08-22,ItemDorpData,40525,b641220034b0,same
6f8b1932,2026-08-22,ItemMaster,429833,6707f819326c,changed
6f8b1932,2026-08-22,ItemProperties,194880,b9374f801be0,changed
6f8b1932,2026-08-22,ItemRandomPropertyMaster,22312,9535c41fa0a7,same
6f8b1932,2026-08-22,MissionSkipMaster,1165,8512b3376ca3,same
6f8b1932,2026-08-22,NGItem,124,9a82132083ed,same
6f8b1932,2026-08-22,PetCaptureDataMaster,29220,577b910d3bea,same
6f8b1932,2026-08-22,PetRaceMaster,30,2702ea47185c,same
6f8b1932,2026-08-22,RecipeMaster,97052,d18e4c7399f7,same
6f8b1932,2026-08-22,RegistletMaster,1278,da513e292428,same
6f8b1932,2026-08-22,RhythmMaster,2441,3f0d1931f3d0,same
6f8b1932,2026-08-22,ServantData,17,def74618357e,same
6f8b1932,2026-08-22,SkillMaster,14840,c5d04731aacc,same
6f8b1932,2026-08-22,SpinaWarpMaster,369,11c2f6030527,same
6f8b1932,2026-08-22,StyleData,332,cbfde6a275d4,same
6f8b1932,2026-08-22,SummonDemonicData,14,be07353a9e98,same
6f8b1932,2026-08-22,TrophyMaster,5885,9caf495d08f0,same
6f8b1932,2026-08-22,WarpListMaster,2667,0c5be58ada05,same
6f8b1932,2026-08-22,WaveRewardMaster,83,b481b042a7ed,same
6f8b1932,2026-08-22,WorldMapMaster,13421,793d9e1766e1,same
49dc2132,2026-08-28,AvatarColorPallet,252,b3ebc95bbfe0,same
49dc2132,2026-08-28,AvaterGroupColor,43,0adf1b531f23,same
49dc2132,2026-08-28,CharConversion,1685,501753fc1f61,same
49dc2132,2026-08-28,Cuisine,1955,00d14ecbd5e7,same
49dc2132,2026-08-28,EnchantmentData,4916,f6c9b0f367f3,same
49dc2132,2026-08-28,EquipColorPallet,289,58b71050f018,same
49dc2132,2026-08-28,EquipModelProperty,14890,0e8eb63ded87,same
49dc2132,2026-08-28,FishingFishMaster,1338,fec946fcff41,same
49dc2132,2026-08-28,GuildBgmRecipeMaster,78,64e11473aed4,same
49dc2132,2026-08-28,GuildFacilityMaster,3997,d6782a77b8f9,same
49dc2132,2026-08-28,GuildQuestMaster,27790,2f4dc189b4d6,same
49dc2132,2026-08-28,GuildRenovationMaster,206,16082ca1594d,same
49dc2132,2026-08-28,HighRaidBossMaster,710,e9e1ab934f1b,changed
49dc2132,2026-08-28,HighRaidMaterialMaster,41,59446a790513,same
49dc2132,2026-08-28,HighRaidTrophyMaster,2299,3425d05ebd67,changed
49dc2132,2026-08-28,HouseObjMaster,66255,a5e69e240f95,changed
49dc2132,2026-08-28,HuntingOneData,18,f6c9be9fe9fc,same
49dc2132,2026-08-28,ItemCreateSupport,180,b22d958076e4,same
49dc2132,2026-08-28,ItemDorpData,40525,b641220034b0,same
49dc2132,2026-08-28,ItemMaster,431017,284494e06203,changed
49dc2132,2026-08-28,ItemProperties,195232,cf67fae218db,changed
49dc2132,2026-08-28,ItemRandomPropertyMaster,22312,9535c41fa0a7,same
49dc2132,2026-08-28,MissionSkipMaster,1165,8512b3376ca3,same
49dc2132,2026-08-28,NGItem,120,6d1bbeed4aa0,changed
49dc2132,2026-08-28,PetCaptureDataMaster,29220,577b910d3bea,same
49dc2132,2026-08-28,PetRaceMaster,30,2702ea47185c,same
49dc2132,2026-08-28,RecipeMaster,97052,d18e4c7399f7,same
49dc2132,2026-08-28,RegistletMaster,1278,da513e292428,same
49dc2132,2026-08-28,RhythmMaster,2441,3f0d1931f3d0,same
49dc2132,2026-08-28,ServantData,17,def74618357e,same
49dc2132,2026-08-28,SkillMaster,15152,40d2db4c83f2,changed
49dc2132,2026-08-28,SpinaWarpMaster,369,11c2f6030527,same
49dc2132,2026-08-28,StyleData,332,cbfde6a275d4,same
49dc2132,2026-08-28,SummonDemonicData,14,be07353a9e98,same
49dc2132,2026-08-28,TrophyMaster,5885,9caf495d08f0,same
49dc2132,2026-08-28,WarpListMaster,2667,0c5be58ada05,same
49dc2132,2026-08-28,WaveRewardMaster,83,b481b042a7ed,same
49dc2132,2026-08-28,WorldMapMaster,13421,793d9e1766e1,same
54dc2132,2026-09-01,AvatarColorPallet,252,b3ebc95bbfe0,same
54dc2132,2026-09-01,AvaterGroupColor,43,0adf1b531f23,same
54dc2132,2026-09-01,CharConversion,1685,501753fc1f61,same
54dc2132,2026-09-01,Cuisine,1955,00d14ecbd5e7,same
54dc2132,2026-09-01,EnchantmentData,4916,f6c9b0f367f3,same
54dc2132,2026-09-01,EquipColorPallet,289,58b71050f018,same
54dc2132,2026-09-01,EquipModelProperty,14890,0e8eb63ded87,same
54dc2132,2026-09-01,FishingFishMaster,1338,fec946fcff41,same
54dc2132,2026-09-01,GuildBgmRecipeMaster,78,64e11473aed4,same
54dc2132,2026-09-01,GuildFacilityMaster,3997,d6782a77b8f9,same
54dc2132,2026-09-01,GuildQuestMaster,27790,2f4dc189b4d6,same
54dc2132,2026-09-01,GuildRenovationMaster,206,16082ca1594d,same
54dc2132,2026-09-01,HighRaidBossMaster,710,e9e1ab934f1b,same
54dc2132,2026-09-01,HighRaidMaterialMaster,41,59446a790513,same
54dc2132,2026-09-01,HighRaidTrophyMaster,2299,3425d05ebd67,same
54dc2132,2026-09-01,HouseObjMaster,66255,a5e69e240f95,same
54dc2132,2026-09-01,HuntingOneData,18,f6c9be9fe9fc,same
54dc2132,2026-09-01,ItemCreateSupport,180,b22d958076e4,same
54dc2132,2026-09-01,ItemDorpData,40525,b641220034b0,same
54dc2132,2026-09-01,ItemMaster,431017,284494e06203,same
54dc2132,2026-09-01,ItemProperties,195232,cf67fae218db,same
54dc2132,2026-09-01,ItemRandomPropertyMaster,22312,9535c41fa0a7,same
54dc2132,2026-09-01,MissionSkipMaster,1165,8512b3376ca3,same
54dc2132,2026-09-01,NGItem,120,6d1bbeed4aa0,same
54dc2132,2026-09-01,PetCaptureDataMaster,29220,577b910d3bea,same
54dc2132,2026-09-01,PetRaceMaster,30,2702ea47185c,same
54dc2132,2026-09-01,RecipeMaster,97052,d18e4c7399f7,same
54dc2132,2026-09-01,RegistletMaster,1278,da513e292428,same
54dc2132,2026-09-01,RhythmMaster,2441,3f0d1931f3d0,same
54dc2132,2026-09-01,ServantData,17,def74618357e,same
54dc2132,2026-09-01,SkillMaster,15152,40d2db4c83f2,same
54dc2132,2026-09-01,SpinaWarpMaster,369,11c2f6030527,same
54dc2132,2026-09-01,StyleData,332,cbfde6a275d4,same
54dc2132,2026-09-01,SummonDemonicData,14,be07353a9e98,same
54dc2132,2026-09-01,TrophyMaster,5885,9caf495d08f0,same
54dc2132,2026-09-01,WarpListMaster,2667,0c5be58ada05,same
54dc2132,2026-09-01,WaveRewardMaster,83,b481b042a7ed,same
54dc2132,2026-09-01,WorldMapMaster,13421,793d9e1766e1,same
3b4e3432,2026-09-10,AvatarColorPallet,252,b3ebc95bbfe0,same
3b4e3432,2026-09-10,AvaterGroupColor,43,0adf1b531f23,same
3b4e3432,2026-09-10,CharConversion,1685,501753fc1f61,same
3b4e3432,2026-09-10,Cuisine,1955,00d14ecbd5e7,same
3b4e3432,2026-09-10,EnchantmentData,4916,f6c9b0f367f3,same
3b4e3432,2026-09-10,EquipColorPallet,289,58b71050f018,same
3b4e3432,2026-09-10,EquipModelProperty,14908,0bfd540535fe,changed
3b4e3432,2026-09-10,FishingFishMaster,1338,fec946fcff41,same
3b4e3432,2026-09-10,GuildBgmRecipeMaster,78,64e11473aed4,same
3b4e3432,2026-09-10,GuildFacilityMaster,3997,d6782a77b8f9,same
3b4e3432,2026-09-10,GuildQuestMaster,27790,2f4dc189b4d6,same
3b4e3432,2026-09-10,GuildRenovationMaster,206,16082ca1594d,same
3b4e3432,2026-09-10,HighRaidBossMaster,710,e9e1ab934f1b,same
3b4e3432,2026-09-10,HighRaidMaterialMaster,41,59446a790513,same
3b4e3432,2026-09-10,HighRaidTrophyMaster,2299,3425d05ebd67,same
3b4e3432,2026-09-10,HouseObjMaster,66255,a5e69e240f95,same
3b4e3432,2026-09-10,HuntingOneData,18,f6c9be9fe9fc,same
3b4e3432,2026-09-10,ItemCreateSupport,180,b22d958076e4,same
3b4e3432,2026-09-10,ItemDorpData,40525,b641220034b0,same
3b4e3432,2026-09-10,ItemMaster,431017,284494e06203,same
3b4e3432,2026-09-10,ItemProperties,195232,c0eefca4d988,changed
3b4e3432,2026-09-10,ItemRandomPropertyMaster,22312,9535c41fa0a7,same
3b4e3432,2026-09-10,MissionSkipMaster,1165,8512b3376ca3,same
3b4e3432,2026-09-10,NGItem,120,6d1bbeed4aa0,same
3b4e3432,2026-09-10,PetCaptureDataMaster,29220,577b910d3bea,same
3b4e3432,2026-09-10,PetRaceMaster,30,2702ea47185c,same
3b4e3432,2026-09-10,RecipeMaster,97052,af495951fef7,changed
3b4e3432,2026-09-10,RegistletMaster,1278,da513e292428,same
3b4e3432,2026-09-10,RhythmMaster,2441,3f0d1931f3d0,same
3b4e3432,2026-09-10,ServantData,17,def74618357e,same
3b4e3432,2026-09-10,SkillMaster,15152,40d2db4c83f2,same
3b4e3432,2026-09-10,SpinaWarpMaster,369,11c2f6030527,same
3b4e3432,2026-09-10,StyleData,332,cbfde6a275d4,same
3b4e3432,2026-09-10,SummonDemonicData,14,be07353a9e98,same
3b4e3432,2026-09-10,TrophyMaster,5885,9caf495d08f0,same
3b4e3432,2026-09-10,WarpListMaster,2667,0c5be58ada05,same
3b4e3432,2026-09-10,WaveRewardMaster,83,b481b042a7ed,same
3b4e3432,2026-09-10,WorldMapMaster,13421,793d9e1766e1,same
974e3432,2026-09-14,AvatarColorPallet,252,b3ebc95bbfe0,same
974e3432,2026-09-14,AvaterGroupColor,43,0adf1b531f23,same
974e3432,2026-09-14,CharConversion,1685,501753fc1f61,same
974e3432,2026-09-14,Cuisine,1955,00d14ecbd5e7,same
974e3432,2026-09-14,EnchantmentData,4916,f6c9b0f367f3,same
974e3432,2026-09-14,EquipColorPallet,289,58b71050f018,same
974e3432,2026-09-14,EquipModelProperty,14908,0bfd540535fe,same
974e3432,2026-09-14,FishingFishMaster,1338,fec946fcff41,same
974e3432,2026-09-14,GuildBgmRecipeMaster,78,64e11473aed4,same
974e3432,2026-09-14,GuildFacilityMaster,3997,d6782a77b8f9,same
974e3432,2026-09-14,GuildQuestMaster,27790,2f4dc189b4d6,same
974e3432,2026-09-14,GuildRenovationMaster,206,16082ca1594d,same
974e3432,2026-09-14,HighRaidBossMaster,710,e9e1ab934f1b,same
974e3432,2026-09-14,HighRaidMaterialMaster,41,59446a790513,same
974e3432,2026-09-14,HighRaidTrophyMaster,2299,3425d05ebd67,same
974e3432,2026-09-14,HouseObjMaster,66255,a5e69e240f95,same
974e3432,2026-09-14,HuntingOneData,18,f6c9be9fe9fc,same
974e3432,2026-09-14,ItemCreateSupport,180,b22d958076e4,same
974e3432,2026-09-14,ItemDorpData,40525,b641220034b0,same
974e3432,2026-09-14,ItemMaster,431017,284494e06203,same
974e3432,2026-09-14,ItemProperties,195232,c0eefca4d988,same
974e3432,2026-09-14,ItemRandomPropertyMaster,22312,9535c41fa0a7,same
974e3432,2026-09-14,MissionSkipMaster,1165,8512b3376ca3,same
974e3432,2026-09-14,NGItem,120,6d1bbeed4aa0,same
974e3432,2026-09-14,PetCaptureDataMaster,29220,577b910d3bea,same
974e3432,2026-09-14,PetRaceMaster,30,2702ea47185c,same
974e3432,2026-09-14,RecipeMaster,97052,af495951fef7,same
974e3432,2026-09-14,RegistletMaster,1278,da513e292428,same
974e3432,2026-09-14,RhythmMaster,2441,3f0d1931f3d0,same
974e3432,2026-09-14,ServantData,17,def74618357e,same
974e3432,2026-09-14,SkillMaster,15152,40d2db4c83f2,same
974e3432,2026-09-14,SpinaWarpMaster,369,11c2f6030527,same
974e3432,2026-09-14,StyleData,332,cbfde6a275d4,same
974e3432,2026-09-14,SummonDemonicData,14,be07353a9e98,same
974e3432,2026-09-14,TrophyMaster,5885,9caf495d08f0,same
974e3432,2026-09-14,WarpListMaster,2667,0c5be58ada05,same
974e3432,2026-09-14,WaveRewardMaster,83,b481b042a7ed,same
974e3432,2026-09-14,WorldMapMaster,13421,793d9e1766e1,same
15893d32,2026-09-17,AvatarColorPallet,252,b3ebc95bbfe0,same
15893d32,2026-09-17,AvaterGroupColor,43,0adf1b531f23,same
15893d32,2026-09-17,CharConversion,1685,501753fc1f61,same
15893d32,2026-09-17,Cuisine,1955,00d14ecbd5e7,same
15893d32,2026-09-17,EnchantmentData,4916,f6c9b0f367f3,same
15893d32,2026-09-17,EquipColorPallet,289,58b71050f018,same
15893d32,2026-09-17,EquipModelProperty,14932,190887ac48c4,changed
15893d32,2026-09-17,FishingFishMaster,1338,fec946fcff41,same
15893d32,2026-09-17,GuildBgmRecipeMaster,78,64e11473aed4,same
15893d32,2026-09-17,GuildFacilityMaster,3997,d6782a77b8f9,same
15893d32,2026-09-17,GuildQuestMaster,27790,2f4dc189b4d6,same
15893d32,2026-09-17,GuildRenovationMaster,206,16082ca1594d,same
15893d32,2026-09-17,HighRaidBossMaster,710,e9e1ab934f1b,same
15893d32,2026-09-17,HighRaidMaterialMaster,41,59446a790513,same
15893d32,2026-09-17,HighRaidTrophyMaster,2299,3425d05ebd67,same
15893d32,2026-09-17,HouseObjMaster,66255,a5e69e240f95,same
15893d32,2026-09-17,HuntingOneData,18,f6c9be9fe9fc,same
15893d32,2026-09-17,ItemCreateSupport,180,b22d958076e4,same
15893d32,2026-09-17,ItemDorpData,40863,3691f5dfeee3,changed
15893d32,2026-09-17,ItemMaster,433570,bf771de1ec2b,changed
15893d32,2026-09-17,ItemProperties,196244,dc8be744312c,changed
15893d32,2026-09-17,ItemRandomPropertyMaster,22312,9535c41fa0a7,same
15893d32,2026-09-17,MissionSkipMaster,1165,8512b3376ca3,same
15893d32,2026-09-17,NGItem,272,b91b34529f4a,changed
15893d32,2026-09-17,PetCaptureDataMaster,29220,577b910d3bea,same
15893d32,2026-09-17,PetRaceMaster,30,2702ea47185c,same
15893d32,2026-09-17,RecipeMaster,97092,e1be5957c9d8,changed
15893d32,2026-09-17,RegistletMaster,1278,da513e292428,same
15893d32,2026-09-17,RhythmMaster,2441,3f0d1931f3d0,same
15893d32,2026-09-17,ServantData,17,def74618357e,same
15893d32,2026-09-17,SkillMaster,15152,40d2db4c83f2,same
15893d32,2026-09-17,SpinaWarpMaster,369,11c2f6030527,same
15893d32,2026-09-17,StyleData,332,cbfde6a275d4,same
15893d32,2026-09-17,SummonDemonicData,14,be07353a9e98,same
15893d32,2026-09-17,TrophyMaster,5885,9caf495d08f0,same
15893d32,2026-09-17,WarpListMaster,2667,0c5be58ada05,same
15893d32,2026-09-17,WaveRewardMaster,83,b481b042a7ed,same
15893d32,2026-09-17,WorldMapMaster,13421,793d9e1766e1,same
20893d32,2026-09-18,AvatarColorPallet,252,b3ebc95bbfe0,same
20893d32,2026-09-18,AvaterGroupColor,43,0adf1b531f23,same
20893d32,2026-09-18,CharConversion,1685,501753fc1f61,same
20893d32,2026-09-18,Cuisine,1955,00d14ecbd5e7,same
20893d32,2026-09-18,EnchantmentData,4916,f6c9b0f367f3,same
20893d32,2026-09-18,EquipColorPallet,289,58b71050f018,same
20893d32,2026-09-18,EquipModelProperty,14932,190887ac48c4,same
20893d32,2026-09-18,FishingFishMaster,1338,fec946fcff41,same
20893d32,2026-09-18,GuildBgmRecipeMaster,78,64e11473aed4,same
20893d32,2026-09-18,GuildFacilityMaster,3997,d6782a77b8f9,same
20893d32,2026-09-18,GuildQuestMaster,27790,2f4dc189b4d6,same
20893d32,2026-09-18,GuildRenovationMaster,206,16082ca1594d,same
20893d32,2026-09-18,HighRaidBossMaster,710,e9e1ab934f1b,same
20893d32,2026-09-18,HighRaidMaterialMaster,41,59446a790513,same
20893d32,2026-09-18,HighRaidTrophyMaster,2299,3425d05ebd67,same
20893d32,2026-09-18,HouseObjMaster,66255,a5e69e240f95,same
20893d32,2026-09-18,HuntingOneData,18,f6c9be9fe9fc,same
20893d32,2026-09-18,ItemCreateSupport,180,b22d958076e4,same
20893d32,2026-09-18,ItemDorpData,40863,3691f5dfeee3,same
20893d32,2026-09-18,ItemMaster,433570,bf771de1ec2b,same
20893d32,2026-09-18,ItemProperties,196244,dc8be744312c,same
20893d32,2026-09-18,ItemRandomPropertyMaster,22312,9535c41fa0a7,same
20893d32,2026-09-18,MissionSkipMaster,1165,8512b3376ca3,same
20893d32,2026-09-18,NGItem,272,b91b34529f4a,same
20893d32,2026-09-18,PetCaptureDataMaster,29220,577b910d3bea,same
20893d32,2026-09-18,PetRaceMaster,30,2702ea47185c,same
20893d32,2026-09-18,RecipeMaster,97092,e1be5957c9d8,same
20893d32,2026-09-18,RegistletMaster,1278,da513e292428,same
20893d32,2026-09-18,RhythmMaster,2441,3f0d1931f3d0,same
20893d32,2026-09-18,ServantData,17,def74618357e,same
20893d32,2026-09-18,SkillMaster,15152,40d2db4c83f2,same
20893d32,2026-09-18,SpinaWarpMaster,369,11c2f6030527,same
20893d32,2026-09-18,StyleData,332,cbfde6a275d4,same
20893d32,2026-09-18,SummonDemonicData,14,be07353a9e98,same
20893d32,2026-09-18,TrophyMaster,5885,9caf495d08f0,same
20893d32,2026-09-18,WarpListMaster,2667,0c5be58ada05,same
20893d32,2026-09-18,WaveRewardMaster,83,b481b042a7ed,same
20893d32,2026-09-18,WorldMapMaster,13421,793d9e1766e1,same
ebdb3f32,2026-09-18,AvatarColorPallet,252,b3ebc95bbfe0,same
ebdb3f32,2026-09-18,AvaterGroupColor,43,0adf1b531f23,same
ebdb3f32,2026-09-18,CharConversion,1685,501753fc1f61,same
ebdb3f32,2026-09-18,Cuisine,1955,00d14ecbd5e7,same
ebdb3f32,2026-09-18,EnchantmentData,4916,f6c9b0f367f3,same
ebdb3f32,2026-09-18,EquipColorPallet,289,58b71050f018,same
ebdb3f32,2026-09-18,EquipModelProperty,14932,190887ac48c4,same
ebdb3f32,2026-09-18,FishingFishMaster,1338,fec946fcff41,same
ebdb3f32,2026-09-18,GuildBgmRecipeMaster,78,64e11473aed4,same
ebdb3f32,2026-09-18,GuildFacilityMaster,3997,d6782a77b8f9,same
ebdb3f32,2026-09-18,GuildQuestMaster,27790,2f4dc189b4d6,same
ebdb3f32,2026-09-18,GuildRenovationMaster,206,16082ca1594d,same
ebdb3f32,2026-09-18,HighRaidBossMaster,710,e9e1ab934f1b,same
ebdb3f32,2026-09-18,HighRaidMaterialMaster,41,59446a790513,same
ebdb3f32,2026-09-18,HighRaidTrophyMaster,2299,3425d05ebd67,same
ebdb3f32,2026-09-18,HouseObjMaster,66255,a5e69e240f95,same
ebdb3f32,2026-09-18,HuntingOneData,18,f6c9be9fe9fc,same
ebdb3f32,2026-09-18,ItemCreateSupport,180,b22d958076e4,same
ebdb3f32,2026-09-18,ItemDorpData,40863,3691f5dfeee3,same
ebdb3f32,2026-09-18,ItemMaster,433570,bf771de1ec2b,same
ebdb3f32,2026-09-18,ItemProperties,196244,dc8be744312c,same
ebdb3f32,2026-09-18,ItemRandomPropertyMaster,22312,9535c41fa0a7,same
ebdb3f32,2026-09-18,MissionSkipMaster,1165,8512b3376ca3,same
ebdb3f32,2026-09-18,NGItem,272,b91b34529f4a,same
ebdb3f32,2026-09-18,PetCaptureDataMaster,29220,577b910d3bea,same
ebdb3f32,2026-09-18,PetRaceMaster,30,2702ea47185c,same
ebdb3f32,2026-09-18,RecipeMaster,97092,e1be5957c9d8,same
ebdb3f32,2026-09-18,RegistletMaster,1278,da513e292428,same
ebdb3f32,2026-09-18,RhythmMaster,2441,3f0d1931f3d0,same
ebdb3f32,2026-09-18,ServantData,17,def74618357e,same
ebdb3f32,2026-09-18,SkillMaster,15152,40d2db4c83f2,same
ebdb3f32,2026-09-18,SpinaWarpMaster,369,11c2f6030527,same
ebdb3f32,2026-09-18,StyleData,332,cbfde6a275d4,same
ebdb3f32,2026-09-18,SummonDemonicData,14,be07353a9e98,same
ebdb3f32,2026-09-18,TrophyMaster,5885,9caf495d08f0,same
ebdb3f32,2026-09-18,WarpListMaster,2667,0c5be58ada05,same
ebdb3f32,2026-09-18,WaveRewardMaster,83,b481b042a7ed,same
ebdb3f32,2026-09-18,WorldMapMaster,13421,793d9e1766e1,same
02dc3f32,2026-09-18,AvatarColorPallet,252,b3ebc95bbfe0,same
02dc3f32,2026-09-18,AvaterGroupColor,43,0adf1b531f23,same
02dc3f32,2026-09-18,CharConversion,1685,501753fc1f61,same
02dc3f32,2026-09-18,Cuisine,1955,00d14ecbd5e7,same
02dc3f32,2026-09-18,EnchantmentData,4916,f6c9b0f367f3,same
02dc3f32,2026-09-18,EquipColorPallet,289,58b71050f018,same
02dc3f32,2026-09-18,EquipModelProperty,14932,190887ac48c4,same
02dc3f32,2026-09-18,FishingFishMaster,1338,fec946fcff41,same
02dc3f32,2026-09-18,GuildBgmRecipeMaster,78,64e11473aed4,same
02dc3f32,2026-09-18,GuildFacilityMaster,3997,d6782a77b8f9,same
02dc3f32,2026-09-18,GuildQuestMaster,27790,2f4dc189b4d6,same
02dc3f32,2026-09-18,GuildRenovationMaster,206,16082ca1594d,same
02dc3f32,2026-09-18,HighRaidBossMaster,710,e9e1ab934f1b,same
02dc3f32,2026-09-18,HighRaidMaterialMaster,41,59446a790513,same
02dc3f32,2026-09-18,HighRaidTrophyMaster,2299,3425d05ebd67,same
02dc3f32,2026-09-18,HouseObjMaster,66255,a5e69e240f95,same
02dc3f32,2026-09-18,HuntingOneData,18,f6c9be9fe9fc,same
02dc3f32,2026-09-18,ItemCreateSupport,180,b22d958076e4,same
02dc3f32,2026-09-18,ItemDorpData,40863,3691f5dfeee3,same
02dc3f32,2026-09-18,ItemMaster,433570,bf771de1ec2b,same
02dc3f32,2026-09-18,ItemProperties,196244,dc8be744312c,same
02dc3f32,2026-09-18,ItemRandomPropertyMaster,22312,9535c41fa0a7,same
02dc3f32,2026-09-18,MissionSkipMaster,1165,8512b3376ca3,same
02dc3f32,2026-09-18,NGItem,272,b91b34529f4a,same
02dc3f32,2026-09-18,PetCaptureDataMaster,29220,577b910d3bea,same
02dc3f32,2026-09-18,PetRaceMaster,30,2702ea47185c,same
02dc3f32,2026-09-18,RecipeMaster,97092,e1be5957c9d8,same
02dc3f32,2026-09-18,RegistletMaster,1278,da513e292428,same
02dc3f32,2026-09-18,RhythmMaster,2441,3f0d1931f3d0,same
02dc3f32,2026-09-18,ServantData,17,def74618357e,same
02dc3f32,2026-09-18,SkillMaster,15152,40d2db4c83f2,same
02dc3f32,2026-09-18,SpinaWarpMaster,369,11c2f6030527,same
02dc3f32,2026-09-18,StyleData,332,cbfde6a275d4,same
02dc3f32,2026-09-18,SummonDemonicData,14,be07353a9e98,same
02dc3f32,2026-09-18,TrophyMaster,5885,9caf495d08f0,same
02dc3f32,2026-09-18,WarpListMaster,2667,0c5be58ada05,same
02dc3f32,2026-09-18,WaveRewardMaster,83,b481b042a7ed,same
02dc3f32,2026-09-18,WorldMapMaster,13421,793d9e1766e1,same
e8e43f32,2026-09-24,AvatarColorPallet,252,b3ebc95bbfe0,same
e8e43f32,2026-09-24,AvaterGroupColor,43,0adf1b531f23,same
e8e43f32,2026-09-24,CharConversion,1685,501753fc1f61,same
e8e43f32,2026-09-24,Cuisine,1955,00d14ecbd5e7,same
e8e43f32,2026-09-24,EnchantmentData,4916,f6c9b0f367f3,same
e8e43f32,2026-09-24,EquipColorPallet,289,58b71050f018,same
e8e43f32,2026-09-24,EquipModelProperty,14932,190887ac48c4,same
e8e43f32,2026-09-24,FishingFishMaster,1338,fec946fcff41,same
e8e43f32,2026-09-24,GuildBgmRecipeMaster,78,64e11473aed4,same
e8e43f32,2026-09-24,GuildFacilityMaster,3997,d6782a77b8f9,same
e8e43f32,2026-09-24,GuildQuestMaster,27790,2f4dc189b4d6,same
e8e43f32,2026-09-24,GuildRenovationMaster,206,16082ca1594d,same
e8e43f32,2026-09-24,HighRaidBossMaster,710,e9e1ab934f1b,same
e8e43f32,2026-09-24,HighRaidMaterialMaster,41,59446a790513,same
e8e43f32,2026-09-24,HighRaidTrophyMaster,2299,3425d05ebd67,same
e8e43f32,2026-09-24,HouseObjMaster,66255,a5e69e240f95,same
e8e43f32,2026-09-24,HuntingOneData,18,f6c9be9fe9fc,same
e8e43f32,2026-09-24,ItemCreateSupport,180,b22d958076e4,same
e8e43f32,2026-09-24,ItemDorpData,40863,6e9e49be6b39,changed
e8e43f32,2026-09-24,ItemMaster,433570,bf771de1ec2b,same
e8e43f32,2026-09-24,ItemProperties,196244,dc8be744312c,same
e8e43f32,2026-09-24,ItemRandomPropertyMaster,22312,9535c41fa0a7,same
e8e43f32,2026-09-24,MissionSkipMaster,1165,8512b3376ca3,same
e8e43f32,2026-09-24,NGItem,120,6d1bbeed4aa0,changed
e8e43f32,2026-09-24,PetCaptureDataMaster,29220,577b910d3bea,same
e8e43f32,2026-09-24,PetRaceMaster,30,2702ea47185c,same
e8e43f32,2026-09-24,RecipeMaster,97484,bee7c764b150,changed
e8e43f32,2026-09-24,RegistletMaster,1278,da513e292428,same
e8e43f32,2026-09-24,RhythmMaster,2441,3f0d1931f3d0,same
e8e43f32,2026-09-24,ServantData,17,def74618357e,same
e8e43f32,2026-09-24,SkillMaster,15152,40d2db4c83f2,same
e8e43f32,2026-09-24,SpinaWarpMaster,369,11c2f6030527,same
e8e43f32,2026-09-24,StyleData,332,cbfde6a275d4,same
e8e43f32,2026-09-24,SummonDemonicData,14,be07353a9e98,same
e8e43f32,2026-09-24,TrophyMaster,5885,9caf495d08f0,same
e8e43f32,2026-09-24,WarpListMaster,2667,0c5be58ada05,same
e8e43f32,2026-09-24,WaveRewardMaster,83,b481b042a7ed,same
e8e43f32,2026-09-24,WorldMapMaster,13514,b9bf66fa79f3,changed
6f304932,2026-09-29,AvatarColorPallet,252,b3ebc95bbfe0,same
6f304932,2026-09-29,AvaterGroupColor,43,0adf1b531f23,same
6f304932,2026-09-29,CharConversion,1685,501753fc1f61,same
6f304932,2026-09-29,Cuisine,1955,00d14ecbd5e7,same
6f304932,2026-09-29,EnchantmentData,4916,f6c9b0f367f3,same
6f304932,2026-09-29,EquipColorPallet,289,58b71050f018,same
6f304932,2026-09-29,EquipModelProperty,14932,190887ac48c4,same
6f304932,2026-09-29,FishingFishMaster,1338,fec946fcff41,same
6f304932,2026-09-29,GuildBgmRecipeMaster,78,64e11473aed4,same
6f304932,2026-09-29,GuildFacilityMaster,3997,d6782a77b8f9,same
6f304932,2026-09-29,GuildQuestMaster,27790,2f4dc189b4d6,same
6f304932,2026-09-29,GuildRenovationMaster,206,16082ca1594d,same
6f304932,2026-09-29,HighRaidBossMaster,710,e9e1ab934f1b,same
6f304932,2026-09-29,HighRaidMaterialMaster,41,59446a790513,same
6f304932,2026-09-29,HighRaidTrophyMaster,2299,3425d05ebd67,same
6f304932,2026-09-29,HouseObjMaster,66255,a5e69e240f95,same
6f304932,2026-09-29,HuntingOneData,18,f6c9be9fe9fc,same
6f304932,2026-09-29,ItemCreateSupport,180,b22d958076e4,same
6f304932,2026-09-29,ItemDorpData,40863,6e9e49be6b39,same
6f304932,2026-09-29,ItemMaster,433570,bf771de1ec2b,same
6f304932,2026-09-29,ItemProperties,196244,dc8be744312c,same
6f304932,2026-09-29,ItemRandomPropertyMaster,22312,9535c41fa0a7,same
6f304932,2026-09-29,MissionSkipMaster,1219,8a9585061ee3,changed
6f304932,2026-09-29,NGItem,120,6d1bbeed4aa0,same
6f304932,2026-09-29,PetCaptureDataMaster,29220,577b910d3bea,same
6f304932,2026-09-29,PetRaceMaster,30,2702ea47185c,same
6f304932,2026-09-29,RecipeMaster,97484,bee7c764b150,same
6f304932,2026-09-29,RegistletMaster,1278,da513e292428,same
6f304932,2026-09-29,RhythmMaster,2441,3f0d1931f3d0,same
6f304932,2026-09-29,ServantData,17,def74618357e,same
6f304932,2026-09-29,SkillMaster,15152,40d2db4c83f2,same
6f304932,2026-09-29,SpinaWarpMaster,369,11c2f6030527,same
6f304932,2026-09-29,StyleData,332,cbfde6a275d4,same
6f304932,2026-09-29,SummonDemonicData,14,be07353a9e98,same
6f304932,2026-09-29,TrophyMaster,5885,9caf495d08f0,same
6f304932,2026-09-29,WarpListMaster,2667,0c5be58ada05,same
6f304932,2026-09-29,WaveRewardMaster,83,b481b042a7ed,same
6f304932,2026-09-29,WorldMapMaster,13514,b9bf66fa79f3,same
a7e43f32,2026-09-29,AvatarColorPallet,252,b3ebc95bbfe0,same
a7e43f32,2026-09-29,AvaterGroupColor,43,0adf1b531f23,same
a7e43f32,2026-09-29,CharConversion,1685,501753fc1f61,same
a7e43f32,2026-09-29,Cuisine,1955,00d14ecbd5e7,same
a7e43f32,2026-09-29,EnchantmentData,4916,f6c9b0f367f3,same
a7e43f32,2026-09-29,EquipColorPallet,289,58b71050f018,same
a7e43f32,2026-09-29,EquipModelProperty,14932,190887ac48c4,same
a7e43f32,2026-09-29,FishingFishMaster,1338,fec946fcff41,same
a7e43f32,2026-09-29,GuildBgmRecipeMaster,78,64e11473aed4,same
a7e43f32,2026-09-29,GuildFacilityMaster,3997,d6782a77b8f9,same
a7e43f32,2026-09-29,GuildQuestMaster,27790,2f4dc189b4d6,same
a7e43f32,2026-09-29,GuildRenovationMaster,206,16082ca1594d,same
a7e43f32,2026-09-29,HighRaidBossMaster,710,e9e1ab934f1b,same
a7e43f32,2026-09-29,HighRaidMaterialMaster,41,59446a790513,same
a7e43f32,2026-09-29,HighRaidTrophyMaster,2299,3425d05ebd67,same
a7e43f32,2026-09-29,HouseObjMaster,66255,a5e69e240f95,same
a7e43f32,2026-09-29,HuntingOneData,18,f6c9be9fe9fc,same
a7e43f32,2026-09-29,ItemCreateSupport,180,b22d958076e4,same
a7e43f32,2026-09-29,ItemDorpData,40863,6e9e49be6b39,same
a7e43f32,2026-09-29,ItemMaster,433570,bf771de1ec2b,same
a7e43f32,2026-09-29,ItemProperties,196244,dc8be744312c,same
a7e43f32,2026-09-29,ItemRandomPropertyMaster,22312,9535c41fa0a7,same
a7e43f32,2026-09-29,MissionSkipMaster,1165,8512b3376ca3,changed
a7e43f32,2026-09-29,NGItem,120,6d1bbeed4aa0,same
a7e43f32,2026-09-29,PetCaptureDataMaster,29220,577b910d3bea,same
a7e43f32,2026-09-29,PetRaceMaster,30,2702ea47185c,same
a7e43f32,2026-09-29,RecipeMaster,97484,bee7c764b150,same
a7e43f32,2026-09-29,RegistletMaster,1278,da513e292428,same
a7e43f32,2026-09-29,RhythmMaster,2441,3f0d1931f3d0,same
a7e43f32,2026-09-29,ServantData,17,def74618357e,same
a7e43f32,2026-09-29,SkillMaster,15152,40d2db4c83f2,same
a7e43f32,2026-09-29,SpinaWarpMaster,369,11c2f6030527,same
a7e43f32,2026-09-29,StyleData,332,cbfde6a275d4,same
a7e43f32,2026-09-29,SummonDemonicData,14,be07353a9e98,same
a7e43f32,2026-09-29,TrophyMaster,5885,9caf495d08f0,same
a7e43f32,2026-09-29,WarpListMaster,2667,0c5be58ada05,same
a7e43f32,2026-09-29,WaveRewardMaster,83,b481b042a7ed,same
a7e43f32,2026-09-29,WorldMapMaster,13514,b9bf66fa79f3,same
