idx,hex
0,e8030000000000000000000006
1,e9030000000000000000000006
2,ea030000000000000000000006
3,eb030000000000000000000006
4,ec030000000000000000000006
5,ed030000000000000000000006
6,ee030000000000000000000006
7,f2030000000000000000000006
8,f3030000000000000000000006
9,f4030000000000000000000006
10,f5030000000000000000000006
11,f6030000000000000000000006
12,d0070000000000000000000006
13,d1070000000000000000000006
14,d2070000000000000000000006
15,d3070000000000000000000006
16,da070000000000000000000006
17,db070000000000000000000006
18,dc070000000000000000000006
19,dd070000000000000000000006
20,e4070000000000000000000006
21,e5070000000000000000000006
22,e6070000000000000000000006
23,61090000000000000000000006
24,62090000000000000000000006
25,63090000000000000000000006
26,64090000000000000000000006
27,65090000000000000000000006
28,66090000000000000000000006
29,c8090000000000000000000006
30,cc090000000000000000000006
31,d4090000000000000000000006
32,f7090000000000000000000006
33,580b0000000000000000000004
34,5b0b0000000000000000000004
35,5e0b0000b06201000a00000000
36,5f0b0000b06201002a00000000
37,600b0000b06201000500000000
38,630b0000b80b0000de00000000
39,640b0000b80b0000de00000000
40,650b0000b80b0000de00000000
41,660b0000b80b0000de00000000
42,670b0000b80b0000de00000000
43,680b0000b80b0000de00000000
44,700b000084610100df00000000
45,750b0000000000000000000004
46,760b000084350000f900000000
47,7f0b0000000000000000000004
48,910b0000000000000000000004
49,920b0000000000000000000004
50,980b0000000000000000000004
51,990b0000347f01001003000000
52,9a0b0000347f01001103000000
53,9b0b0000347f01001203000000
54,9c0b0000000000000000000004
55,aa0b0000000000000000000004
56,ab0b0000000000000000000004
57,d00b0000000000000000000004
58,df0b0000000000000000000006
59,e10b0000000000000000000004
60,e20b0000000000000000000004
61,e70b0000686e01003302000000
62,e80b0000686e01003402000000
63,e90b0000686e01003502000000
64,89130000ec610100c400000000
65,8a13000069290000d300000000
66,8b130000302a0000d600000000
67,8f130000f45f0100ff00000000
68,c6130000000000000000000001
69,c52200004d0400004f00000000
70,c6220000f40100000500000000
71,c7220000e40c00002900000000
72,c92200006c2000008b00000000
73,ca220000602200009f00000000
74,cb220000302a0000d600000000
75,cc22000058340000fa00000000
76,cd220000783700001801000000
77,29230000b80b00001b00000000
78,2a230000001900005200000000
79,2b230000901a00005d00000000
80,2c230000000000000000000006
81,2d23000074270000b600000000
82,2e230000000000000000000006
83,2f2300008c3c00007f00000000
84,30230000000000000000000006
85,31230000000000000000000006
86,32230000000000000000000006
87,33230000000000000000000006
88,34230000000000000000000006
89,052400009c1800005700000000
90,55240000000000000000000007
91,56240000000000000000000007
92,57240000000000000000000007
93,58240000000000000000000007
94,59240000000000000000000007
95,5a240000000000000000000007
96,5b240000000000000000000007
97,5c240000000000000000000007
98,5d240000000000000000000007
99,5e240000000000000000000007
100,60240000000000000000000007
101,62240000000000000000000007
102,6b240000000000000000000007
103,b92400003c0f00002f00000000
104,ba240000100e00002700000000
105,bb240000100e00001b00000000
106,bc240000200300000b00000000
107,bd240000490d00000800000000
108,be240000a10f00000f00000000
109,bf240000d00700000a00000000
110,c0240000e40c00001300000000
111,c1240000a00f00000700000000
112,c2240000740e00002d00000000
113,c3240000740e00002b00000000
114,c4240000cc1000003e00000000
115,c52400004c0400000d00000000
116,c6240000982100008000000000
117,c72400004d0400001000000000
118,c8240000841c00007300000000
119,c9240000bc1b00001000000000
120,ca2400008c230000a400000000
121,cb240000901a00001a00000000
122,cc240000342100009300000000
123,cd240000001900002f00000000
124,ce2400004c1d00007b00000000
125,cf240000401f00008000000000
126,d0240000b01d00008100000000
127,d1240000a0280000cb00000000
128,d2240000942a00002800000000
129,d3240000f0230000a500000000
130,d4240000c83200009c00000000
131,d5240000302a0000d700000000
132,d6240000442f0000ee00000000
133,d7240000a0280000ca00000000
134,d8240000b82400000500000000
135,d924000010270000b300000000
136,da24000020350000e200000000
137,db240000ec2c0000cf00000000
138,dc240000c02b0000e300000000
139,dd240000143700001101000000
140,de240000803e00005801000000
141,df240000283c00004101000000
142,e0240000543d00009300000000
143,e2240000fc3a0000cb00000000
144,e3240000ac3f00006101000000
145,e4240000e83500000801000000
146,e6240000803e00005701000000
147,e7240000783700001801000000
148,9a2500002c780100cb02000000
149,9b250000502d0000d902000000
150,b2250000000000000000000006
151,c4250000a46401002403000000
152,ca250000522d00003b03000000
153,f3250000ac840100a303000000
154,11260000000000000000000004
155,3b260000000000000000000004
156,482600004c9401007704000000
157,49260000e40c00002900000000
158,4a260000ac0d00003200000000
159,4b260000d80e00003300000000
160,4c260000041000003500000000
161,4d2600005c1200003b00000000
162,4e2600002c0100000400000000
163,4f260000301100003d00000000
164,50260000150500001500000000
165,51260000f40100003c00000000
166,52260000780500001800000000
167,53260000790500001900000000
168,54260000681000004400000000
169,55260000740e00002c00000000
170,56260000b00400002300000000
171,57260000cc1000004000000000
172,58260000e80300000900000000
173,59260000d61700004c00000000
174,5a260000381800004d00000000
175,5b2600004c0400000e00000000
176,5c2600004d0400002400000000
177,5d260000b00400001200000000
178,5e2600009c1800005700000000
179,5f260000c81900005800000000
180,60260000080700002200000000
181,61260000a40600002100000000
182,62260000f41a00006100000000
183,632600002c1a00006500000000
184,64260000bf1b00007000000000
185,65260000641900007700000000
186,662600004c1d00007900000000
187,67260000980800006900000000
188,68260000b00400007100000000
189,692600004c1d00007d00000000
190,6a260000200300007e00000000
191,6b260000141e00008400000000
192,6c260000d02000009100000000
193,6d2600006d2000009000000000
194,6e260000b00400008f00000000
195,6f260000fc2100009900000000
196,70260000401f00009a00000000
197,71260000c5220000a000000000
198,72260000c62200009d00000000
199,73260000280a0000a100000000
200,7426000054240000a800000000
201,7526000080250000aa00000000
202,76260000f1230000b000000000
203,7726000074270000ba00000000
204,78260000b0040000b200000000
205,7926000020610100c400000000
206,7a260000d8270000c800000000
207,7b2600003c280000c900000000
208,7c26000020610100c400000000
209,7d260000cc290000d500000000
210,7e2600005c2b0000dd00000000
211,7f260000962a0000dc00000000
212,8026000084610100df00000000
213,81260000a0280000e800000000
214,82260000882c0000e700000000
215,83260000e02e0000ed00000000
216,84260000a82f0000f200000000
217,85260000a82f0000f300000000
218,86260000bc340000fe00000000
219,87260000000000000000000004
220,892600005c1200000201000000
221,8a2600009c1800000a01000000
222,8b260000843500000301000000
223,8c2600004c3600000901000000
224,8d260000b03600000e01000000
225,8e260000163700001201000000
226,8f2600004d6201001301000000
227,902600004e6201001401000000
228,912600004f6201001501000000
229,92260000783700001901000000
230,93260000403800001e01000000
231,94260000903300002801000000
232,952600002d3300002701000000
233,98260000146301009100000000
234,ab260000000000000000000004
235,ac260000694200007401000000
236,c3260000ec450000b801000000
237,ce2600004c4f0000cf01000000
238,d4260000306a0100e501000000
239,d9260000000000000000000004
240,dc26000010270000ee01000000
241,dd260000502d0000f901000000
242,ff260000000000000000000004
243,0b3a0100789501007804000000
244,183a0100089d0000a104000000
245,193a0100a49c0000a404000000
246,1a3a010060990100aa04000000
247,1b3a0100fc980100a904000000
248,1c3a010060990100aa04000000
249,223a0100f09a0100ba04000000
250,233a01008c9a0100b904000000
251,303a01005ca20100db04000000
252,3a3a01003ca50000f504000000
253,3b3a0100a0a50000f004000000
254,433a010004a600000105000000
255,443a0100cca600000405000000
256,a1860100b80b00001b00000000
257,a2860100e40c00001300000000
258,a3860100790500001600000000
259,a4860100480d00001300000000
260,a5860100ac0d00003200000000
261,a6860100ac0d00003200000001
262,a7860100840300000700000000
263,a8860100790500001600000000
264,a9860100a00f00000700000000
265,aa860100a10f00003100000000
266,ac860100d80e00003300000000
267,ad860100041000003500000000
268,ae8601005c1200003b00000002
269,af860100681000004200000000
270,b0860100200300000700000000
271,b1860100840300000300000000
272,b2860100850300000700000000
273,b3860100e80300000900000000
274,b4860100e80300000900000002
275,b5860100701700004500000000
276,b6860100701700004600000000
277,b78601004c0400000700000000
278,b88601004c0400000d00000000
279,b98601004c0400000e00000000
280,ba8601004d0400001000000000
281,bb860100b00400001200000000
282,bc8601009c1800005100000000
283,bd860100001900005200000000
284,be860100c81900004100000000
285,bf860100a40600002000000000
286,c0860100a40600005900000000
287,c1860100901a00005d00000000
288,c2860100901a00005d00000000
289,c3860100980800006900000000
290,c4860100bc1b00006d00000000
291,c5860100bc1b00006d00000000
292,c6860100bc1b00006e00000000
293,c7860100bc1b00006e00000000
294,c8860100bc1b00001000000000
295,c9860100bf1b00007000000000
296,ca860100841c00007300000000
297,cb8601004c1d00007a00000000
298,cc8601004c1d00007900000000
299,cd8601004c1d00007900000000
300,ce860100641900007700000000
301,cf860100641900007700000001
302,d0860100b11d00008300000000
303,d1860100b01d00008100000000
304,d2860100b01d00008200000000
305,d3860100401f00007f00000000
306,d4860100a41f00008600000000
307,d5860100141e00008400000000
308,d68601006c2000008b00000000
309,d7860100b80b00008f00000000
310,d8860100b80b00008f00000000
311,d9860100b00400008f00000000
312,da860100d02000009100000000
313,db860100342100009500000000
314,dc860100fc2100009900000000
315,dd860100fc2100009900000002
316,de860100c62200009d00000000
317,df860100c62200009d00000000
318,e0860100c62200009d00000002
319,e1860100602200008300000000
320,e2860100602200009f00000000
321,e3860100280a0000a100000000
322,e48601008c230000a400000000
323,e5860100f0230000a700000000
324,e6860100f0230000a700000000
325,e786010080250000aa00000000
326,e886010080250000aa00000000
327,e9860100b82400000500000000
328,ea860100b8240000ac00000000
329,eb8601001c250000ad00000000
330,ec8601001c250000ad00000000
331,ed86010010270000b400000000
332,ee86010074270000b800000000
333,ef86010074270000ba00000000
334,f0860100d8270000cc00000000
335,f18601003c280000c900000000
336,f28601003c280000c900000000
337,f3860100a0280000cb00000000
338,f4860100a0280000cb00000000
339,f586010069290000d300000000
340,f686010069290000d300000000
341,f786010068290000d000000000
342,f886010068290000d000000000
343,f9860100cc290000d500000000
344,fa860100cc290000d500000000
345,fb860100cc290000d500000002
346,fc860100302a0000d700000000
347,fd8601005c2b0000dd00000000
348,fe8601005c2b0000dd00000000
349,ff860100c02b0000e100000000
350,00870100242c0000e400000000
351,01870100882c0000e700000000
352,02870100a0280000e800000000
353,03870100e02e0000e900000000
354,04870100442f0000ee00000000
355,05870100442f00000d00000000
356,06870100a82f0000f200000000
357,07870100a82f0000f200000000
358,08870100c8320000f900000000
359,09870100c8320000f900000000
360,0a870100c8320000fa00000000
361,0b87010059340000fb00000000
362,0c870100bc340000fe00000000
363,0d87010058340000fa00000000
364,0e87010058340000f900000000
365,0f87010084350000f900000000
366,10870100e8350000f900000000
367,11870100843500000301000000
368,12870100843500000301000002
369,13870100b03600000d01000000
370,14870100b0360000fa00000000
371,15870100153700001001000000
372,16870100153700001001000000
373,17870100143700001101000000
374,18870100163700001201000000
375,19870100163700001201000000
376,1a870100163700001201000002
377,1b870100783700001601000000
378,1c870100783700001601000000
379,1d870100783700001701000000
380,1e870100783700001701000000
381,1f870100dc3700001b01000000
382,20870100dc3700001b01000000
383,21870100403800001e01000000
384,22870100403800001e01000000
385,23870100403800001e01000002
386,248701002d3300002201000000
387,258701002d3300002201000000
388,268701002d3300002201000000
389,278701002d3300002301000000
390,288701002d3300002301000000
391,298701002c3300002501000000
392,2a8701002c3300002501000000
393,2b870100903300002801000000
394,2c8701002c3300002601000000
395,2d8701002c3300002601000000
396,2e870100fc3a00002a01000000
397,2f870100fc3a00002b01000000
398,30870100fc3a00002b01000000
399,31870100fc3a0000cb00000000
400,32870100fc3a0000cb00000000
401,33870100fc3a00003001000000
402,34870100fc3a00003001000000
403,35870100603b00003201000000
404,36870100603b00003301000000
405,37870100603b00003301000002
406,38870100283c0000d400000000
407,398701008c3c00004301000000
408,3a8701008c3c00004301000000
409,3b8701008c3c00007f00000000
410,3c8701008c3c00004401000000
411,3d8701008e3c00004501000000
412,3e8701008e3c00004501000002
413,40870100b83d00004f01000000
414,41870100b83d00004f01000000
415,42870100b83d00004f01000000
416,43870100b83d00005101000000
417,44870100b83d00005101000000
418,458701001c3e00005301000000
419,468701001c3e00005301000002
420,47870100e43e00005901000000
421,48870100e43e00005901000000
422,49870100e43e00005901000000
423,4a870100483f00005d01000002
424,4b870100ac3f00005f01000000
425,4c870100ac3f00006001000000
426,4d870100104000006301000000
427,4e870100104000006401000000
428,4f870100104000006401000000
429,50870100086501006c01000000
430,51870100cc4200007501000001
431,528701005c4400007801000000
432,538701005c4400007801000000
433,548701005c4400007901000000
434,55870100c04400007b01000000
435,56870100c04400007b01000000
436,57870100c04400007901000000
437,58870100884500008001000000
438,59870100884500008101000000
439,5a870100884500005200000000
440,5b870100884500005200000000
441,5c870100ec4500008201000000
442,5d870100ec4500008401000000
443,5e870100b44600008a01000000
444,5f870100b44600008501000000
445,60870100b44600008501000000
446,61870100b44600008501000000
447,62870100b44600008601000000
448,63870100b44600008601000000
449,64870100184700008b01000000
450,65870100184700008b01000000
451,66870100184700008b01000001
452,67870100184700008b01000002
453,68870100184700008b01000002
454,69870100504600008d01000000
455,6a870100504600008e01000000
456,6b870100504600008e01000000
457,6c870100504600008e01000000
458,6d8701007c4700009001000000
459,6e8701007c4700009101000000
460,6f8701007c4700009101000000
461,708701007c4700009201000000
462,718701007c4700009301000000
463,72870100e04700004b01000000
464,73870100e04700004b01000001
465,74870100e04700004b01000002
466,75870100e04700004b01000002
467,76870100444800009601000000
468,77870100444800009701000000
469,78870100444800009801000000
470,79870100444800009801000000
471,7a870100444800009801000000
472,7b870100a84800009901000000
473,7c870100a84800009901000000
474,7d870100a84800009b01000000
475,7e870100a84800009801000000
476,7f87010070490000a201000000
477,8087010070490000a301000000
478,8187010070490000a301000000
479,8287010070490000a401000000
480,8387010070490000a501000000
481,84870100d44900004801000000
482,85870100d44900004801000002
483,86870100d44900004801000002
484,87870100394a0000a801000000
485,88870100394a0000a801000000
486,89870100004b00008e01000000
487,8a870100004b0000b701000000
488,8b870100644b0000ba01000001
489,8c870100644b0000ba01000000
490,8d870100644b0000ba01000000
491,8e870100644b0000ba01000002
492,8f87010050460000b801000000
493,90870100204e0000bd01000000
494,91870100204e0000be01000000
495,92870100844e0000bd01000000
496,93870100844e0000c401000000
497,94870100b04f0000c901000000
498,95870100b04f0000c901000000
499,96870100b04f0000c901000002
500,97870100785000004d01000000
501,98870100785000004d01000000
502,99870100405100001000000000
503,9a870100405100001000000000
504,9b87010040510000dc01000000
505,9e87010028550000e001000000
506,9f87010008520000e901000000
507,a087010008520000e901000000
508,a187010008520000ea01000000
509,a287010008520000ea01000000
510,a387010008520000df01000000
511,a487010008520000df01000002
512,a5870100d0520000f201000000
513,a687010034530000f301000000
514,a787010034530000f301000000
515,a887010034530000f401000000
516,a987010034530000f401000000
517,aa87010034530000f601000000
518,ab87010098530000f801000002
519,ac870100d0520000ad00000000
520,ad870100fc530000fb01000000
521,ae870100fc530000fb01000000
522,af87010060540000fc01000000
523,b087010060540000fc01000000
524,b187010060540000fc01000000
525,b287010060540000f601000000
526,b38701008c550000e001000000
527,b4870100545600000e02000000
528,b587010054560000e400000000
529,b6870100545600001002000000
530,b7870100545600001002000000
531,b8870100b85600001102000000
532,b9870100d85900001b02000000
533,ba8701003c5a00001d02000000
534,bb870100cc5b00002602000000
535,bc870100cc5b00002602000000
536,bd870100cc5b00002602000002
537,bf870100305c00002a02000000
538,c0870100305c00002a02000000
539,c1870100305c00002b02000000
540,c2870100305c00002c02000000
541,c3870100305c00002c02000000
542,c4870100945c00002e02000000
543,c5870100f85c00003202000000
544,c68701005c5d00004402000000
545,c7870100505f00005302000000
546,c8870100505f00005302000001
547,c9870100505f00005302000002
548,ca870100b45f00005402000000
549,cb870100b45f00005502000000
550,cc870100b45f00005602000000
551,cd8701007c6000005c02000000
552,ce8701007c6000005c02000002
553,cf870100187301006502000002
554,d0870100904c00006002000000
555,d1870100904c00006102000000
556,d2870100904c00006102000000
557,d3870100f44c00006402000000
558,d4870100f44c00006402000000
559,d5870100f44c00006402000002
560,d6870100e06000006d02000000
561,d7870100e06000006d02000000
562,d8870100e06000006d02000000
563,d9870100446100007102000000
564,da870100446100007102000000
565,db870100446100007202000000
566,dc870100a86100007302000000
567,dd8701000c3000007602000000
568,de870100703000007802000000
569,df870100703000007902000000
570,e0870100703000007a02000000
571,e1870100703000007b02000000
572,e2870100a87401000000000000
573,e3870100a87401008802000000
574,e48701000c6200008e02000000
575,e58701009c6300009402000000
576,e68701009c6300009402000002
577,e7870100d4750100a102000000
578,e8870100906500009b02000000
579,e9870100586600009d02000000
580,ea87010084670000b002000000
581,eb8701004c680000cd02000000
582,ec8701004c6800008f02000000
583,ed87010014690000cf02000000
584,ee87010014690000cf02000000
585,ef870100b0680000d402000000
586,f0870100b0680000d402000000
587,f1870100b0680000d502000000
588,f2870100dc690000e002000000
589,f3870100c46d0000f002000000
590,f4870100ac710000e802000000
591,f587010010720000ed02000000
592,f687010074720000ef02000000
593,f787010074720000ef02000000
594,f8870100207a0100f902000000
595,f9870100847a0100fb02000000
596,fa870100a07300000303000000
597,fb870100a07300000303000001
598,fc870100cc7400000b03000000
599,fd870100987f01001403000001
600,fe870100000000000000000004
601,ff870100fc7f01001503000000
602,00880100f87500001803000000
603,018801005c7600001d03000000
604,02880100c07600001703000000
605,03880100c46701009e01000000
606,04880100507800003403000000
607,05880100507800003303000000
608,06880100b47800009102000000
609,07880100b47800009102000000
610,08880100187900003203000000
611,09880100187900003203000000
612,0a880100187900003203000002
613,0b880100e07900003903000000
614,0c8801007c7900003f03000000
615,0d8801007c7900003f03000000
616,0e8801007c7900004103000000
617,0f8801007c7900004103000000
618,10880100447a00004203000000
619,11880100447a00004203000000
620,12880100447a00004203000000
621,13880100a87a00004803000000
622,14880100007d00005703000000
623,15880100007d00005703000002
624,16880100007d00005303000000
625,178801002c7e00006b03000000
626,188801002c7e00006d03000000
627,19880100f47e00007203000000
628,1a880100587f00007503000000
629,1b880100587f00006203000000
630,1c880100587f00006203000000
631,1d880100587f00007603000000
632,1e880100b88201007b03000000
633,1f880100208000008103000000
634,20880100e48301008903000000
635,21880100e48301008903000000
636,228801004c8100008d03000000
637,23880100b08100008f03000000
638,24880100b08100009003000000
639,25880100b08100009003000000
640,26880100148200009303000000
641,27880100788200009a03000000
642,28880100788200009b03000000
643,2988010008840000a703000000
644,2a88010008840000a703000000
645,2b8801006c840000ab03000000
646,2c8801003c860100af03000000
647,2d880100d0840000b303000000
648,2e880100d0840000b303000000
649,2f88010034850000b503000000
650,3088010034850000b503000000
651,31880100b8880000bc03000000
652,328801001c890000bd03000000
653,3388010080890000c103000000
654,35880100488a0000d603000000
655,36880100488a0000d403000000
656,37880100888a0100e003000000
657,38880100d88b0000e303000000
658,39880100d88b0000e303000000
659,3a880100508b0100ee03000000
660,3b88010088900000f403000000
661,3c880100048d0000f903000000
662,3d880100688d0000fc03000000
663,3e8801007c8c01000504000000
664,40880100cc8d0000fe03000000
665,41880100cc8d0000fe03000000
666,42880100308e00000104000000
667,43880100b68401000604000000
668,44880100b68401000604000000
669,45880100b68401000604000000
670,468801005c8f00000804000000
671,47880100249000000e04000000
672,48880100249000000e04000000
673,49880100249000000e04000002
674,4b880100388f01001204000000
675,4c880100ec9000001304000000
676,4d880100ec9000001304000000
677,4e880100ec9000001304000000
678,4f880100509100001d04000000
679,50880100509100001d04000000
680,51880100857a01002c04000000
681,528801002c9101003c04000000
682,53880100ab6d01003804000000
683,54880100ab6d01003804000000
684,55880100ab6d01003904000000
685,56880100ab6d01003a04000000
686,57880100e09200003304000000
687,58880100e09200003404000000
688,59880100e0920000cd02000000
689,5a880100000000000000000004
690,5b880100f49101004004000002
691,5c880100589201004804000000
692,5d880100f49700001300000000
693,5e880100f49700001300000000
694,5f880100b80b00006004000000
695,60880100c89600006104000000
696,61880100c89600005b04000000
697,62880100c89600005b04000000
698,63880100209900006f04000000
699,64880100209900007004000000
700,65880100209900007004000000
701,66880100849900007204000000
702,67880100849900007204000002
703,688801004c9401007704000000
704,69880100789501007804000000
705,6a88010084930100bd01000000
706,6b880100257101007904000001
707,6c880100149b00008504000000
708,6d880100149b00008504000000
709,6e880100789b00008804000000
710,6f880100789b00008d01000000
711,70880100dc9b00008104000002
712,718801006c9701009804000000
713,728801006c9701009804000000
714,73880100d09701009c04000000
715,74880100a49c0000a204000000
716,75880100a49c0000a204000000
717,7688010060990100aa04000000
718,77880100fc980100a804000000
719,78880100fc980100a804000000
720,798801006c9d0000ac04000000
721,7a8801006c9d0000ad04000000
722,7b8801006c9d0000ad04000000
723,7c8801006c9d0000b004000000
724,7d8801008c9a0100b604000000
725,7e880100989e0000c004000000
726,7f880100989e0000c104000000
727,80880100fc9e0000c204000000
728,81880100fc9e0000c304000000
729,82880100fc9e0000c404000000
730,83880100fc9e0000c404000000
731,848801001c9c0100c904000000
732,8588010028a00000d604000000
733,8688010028a00000d704000000
734,8788010028a000000800000000
735,88880100c49f0000d304000000
736,89880100c49f0000d304000000
737,8a880100b8a10000e104000000
738,8b880100f0a00000e004000000
739,8c880100ac9d0100ee04000000
740,8d88010035630100ef04000001
741,8e8801002c910100f804000000
742,8f8801003ca50000f304000000
743,9088010074a40000f104000000
744,9188010088a301000b05000000
745,9288010088a301000b05000000
746,9388010088a301000b05000000
747,94880100eca301000e05000000
748,9588010068a600000205000000
749,9688010068a600005300000000
750,718e0100d00700000a00000000
751,728e0100b80b00002700000000
752,738e01005c1200003a00000000
753,748e01005c1200003a00000000
754,758e0100b80b00001100000000
755,768e0100490d00000800000000
756,778e0100100e00001b00000000
757,788e0100100e00002a00000000
758,798e0100150500000c00000000
759,7a8e0100740e00002d00000000
760,7b8e0100790500001600000000
761,7c8e01003c0f00003000000000
762,7d8e0100a00f00000700000000
763,7e8e0100a10f00000f00000000
764,7f8e0100681000000300000000
765,808e0100681000004300000000
766,818e0100681000004400000000
767,828e01002c0100000400000000
768,838e0100041000003500000001
769,848e01005c1200003b00000000
770,858e0100cc1000003e00000000
771,868e0100301100003d00000000
772,878e0100cd1000004100000000
773,888e0100200300000700000000
774,898e0100d41700004800000000
775,8a8e0100d61700004c00000000
776,8b8e0100d61700004c00000002
777,8c8e01004c0400000700000000
778,8d8e01009c1800005000000000
779,8e8e01009c1800005100000000
780,8f8e01009c1800005100000000
781,908e01009c1800002a00000000
782,918e0100001900005300000000
783,928e0100001900002f00000000
784,938e0100c81900005500000000
785,948e0100011900005400000000
786,958e0100c81900005800000000
787,968e0100a40600005a00000000
788,978e01002c1a00005b00000000
789,988e0100f41a00006100000000
790,998e0100340800006600000000
791,9a8e0100bd1b00006f00000000
792,9b8e0100e81c00007800000000
793,9c8e0100e81c00007500000000
794,9d8e01004c1d00007c00000000
795,9f8e0100b11d00008300000000
796,a08e0100401f00008000000000
797,a18e0100401f00003000000000
798,a28e0100a41f00008500000000
799,a38e0100a41f00008600000000
800,a48e0100200300007e00000000
801,a58e0100141e00008400000000
802,a68e0100082000008900000000
803,a78e0100082000008a00000000
804,a88e01006d2000008d00000000
805,a98e0100b80b00008f00000000
806,aa8e0100b80b00008f00000000
807,ab8e0100b00400008f00000000
808,ac8e0100342100009300000000
809,ad8e0100342100009400000000
810,ae8e0100982100008000000000
811,af8e0100982100009600000000
812,b08e0100fc2100009900000000
813,b18e0100401f00009a00000000
814,b28e0100c42200009b00000000
815,b38e0100602200009e00000000
816,b48e01008c230000a200000000
817,b58e01008c230000a400000000
818,b68e0100f0230000a600000000
819,b78e010054240000a800000000
820,b88e0100b82400000500000000
821,b98e0100b8240000ab00000000
822,ba8e01001c250000ae00000000
823,bb8e01001c250000af00000000
824,bc8e010010270000b300000000
825,bd8e010010270000b400000000
826,be8e010074270000b700000000
827,bf8e0100d8270000cc00000000
828,c08e0100d8270000c500000000
829,c18e0100d8270000c600000000
830,c28e01003c280000c900000000
831,c38e0100a02800005000000000
832,c48e010004290000cd00000000
833,c58e010004290000ce00000000
834,c68e010069290000d400000000
835,c78e0100302a0000d600000000
836,c88e0100302a0000d800000000
837,c98e0100c02b0000e200000000
838,ca8e0100252c0000e500000000
839,cb8e0100252c0000e500000000
840,cc8e0100242c0000e600000000
841,cd8e0100e02e0000e900000000
842,ce8e0100e02e0000ea00000000
843,cf8e0100e02e0000ec00000000
844,d08e0100442f0000ee00000000
845,d18e0100442f00000700000000
846,d28e0100a92f0000f300000000
847,d38e0100a82f0000f300000000
848,d48e0100a82f0000f300000002
849,d58e0100c83200009c00000000
850,d68e010059340000fb00000000
851,d78e010058340000fc00000000
852,d88e0100843500000401000000
853,d98e0100e83500000601000000
854,da8e0100e93500000701000000
855,db8e0100e93500000701000000
856,dc8e01004c3600000901000000
857,dd8e0100b03600000c01000000
858,de8e0100b0360000fa00000000
859,df8e0100143700000f01000000
860,e08e0100143700001101000000
861,e18e0100143700001101000000
862,e28e0100783700001801000000
863,e38e0100dc3700001a01000000
864,e48e0100dc3700001c01000000
865,e58e0100dc3700001c01000000
866,e68e0100dc3700001d01000000
867,e78e01002c3300002101000000
868,e88e01002c3300002401000000
869,e98e0100903300002801000000
870,ea8e0100903300002801000002
871,eb8e0100fc3a00002a01000000
872,ec8e0100fc3a00002a01000000
873,ed8e0100603b00002a00000000
874,ee8e0100603b00002f01000000
875,ef8e0100603b00002f01000000
876,f08e0100603b00003201000000
877,f18e0100000000000000000004
878,f28e0100283c0000d400000000
879,f38e01008c3c00004201000000
880,f48e01008e3c00004501000002
881,f58e0100543d00009300000000
882,f68e0100b83d00005001000000
883,f78e0100b83d00005001000000
884,f88e0100e43e00005b01000000
885,f98e0100e43e00005b01000000
886,fa8e0100e43e00005d01000000
887,fb8e0100ac3f00006001000000
888,fc8e0100104000006201000000
889,fd8e0100086501006b01000000
890,fe8e0100684200007201000000
891,ff8e0100cc4200007501000000
892,008f01005c4400007901000000
893,018f0100c04400007a01000000
894,028f0100c04400007a01000000
895,038f0100c04400007b01000000
896,048f0100c04400007901000000
897,058f0100884500008001000000
898,068f0100884500005200000000
899,078f0100ec4500008301000000
900,088f0100b44600008701000000
901,098f0100b44600008801000000
902,0a8f0100b44600008901000000
903,0b8f01007c4700009201000000
904,0c8f01007c4700009201000000
905,0d8f01007c4700009301000000
906,0e8f0100b54600008c01000000
907,0f8f0100a84800009a01000000
908,108f0100a84800009b01000000
909,118f0100d44900004801000000
910,128f0100394a0000a801000000
911,138f0100004b00008e01000000
912,148f0100004b0000b701000000
913,158f0100844e0000c001000000
914,168f0100844e0000c201000000
915,178f010074590000ca01000000
916,188f010078500000d701000000
917,198f010078500000d701000000
918,1a8f010040510000d901000000
919,1b8f010040510000da01000000
920,1c8f010040510000dc01000000
921,1d8f010028550000e001000000
922,1e8f010008520000e701000000
923,1f8f010008520000eb01000000
924,208f010008520000df01000000
925,218f0100d0520000f201000000
926,228f0100d0520000f201000000
927,238f010034530000f301000000
928,248f010034530000f501000000
929,258f010034530000f601000000
930,268f010098530000f801000000
931,278f010098530000f801000000
932,288f0100fc530000fa01000000
933,298f0100fc530000fa01000000
934,2a8f010060540000fd01000000
935,2b8f010060540000f301000000
936,2c8f010060540000fe01000000
937,2d8f0100c4540000ff01000000
938,2e8f0100c4540000ff01000002
939,2f8f01008c5500000602000000
940,308f0100f05500000d02000002
941,318f010054560000e400000000
942,328f0100545600005300000000
943,338f0100000000000000000004
944,348f0100d85900001a02000000
945,358f01003c5a00001d02000000
946,368f0100045b00002202000000
947,378f0100305c00002b02000000
948,388f0100945c00002d02000000
949,398f0100945c00002e02000000
950,3a8f0100167001007a01000000
951,3b8f01005c5d00004402000000
952,3c8f0100c05d00004702000000
953,3d8f0100ec5e00001a01000000
954,3e8f0100ec5e00004f02000000
955,3f8f0100ec5e00004f02000000
956,408f0100ec5e00005002000000
957,418f0100ec5e00005102000000
958,428f0100186000005702000000
959,438f0100186000005802000000
960,448f0100186000005a02000000
961,458f0100904c00005f02000000
962,468f0100904c00006002000000
963,478f0100904c00006102000000
964,488f0100505f00005302000000
965,498f0100e06000006c02000000
966,4a8f0100446100007002000000
967,4b8f0100446100007202000000
968,4c8f0100a86100007302000000
969,4d8f0100703000007802000000
970,4e8f0100703000007802000000
971,4f8f0100703000007902000000
972,508f0100703000007902000000
973,518f0100703000007a02000000
974,528f01000c6200008c02000000
975,538f0100d4750100a202000000
976,548f0100906500009902000000
977,558f0100906500009902000000
978,568f0100f46500009c02000000
979,578f0100586600009d02000000
980,588f0100bc6600009602000000
981,598f010084670000b002000000
982,5a8f010084670000b102000000
983,5b8f010084670000b202000000
984,5c8f010000770100b802000000
985,5d8f01004c680000cd02000000
986,5e8f010014690000cf02000000
987,5f8f010014690000d102000000
988,608f01004c680000cc02000002
989,618f0100b0680000d702000000
990,628f010078690000d302000000
991,638f0100c46d0000f002000002
992,648f0100ac710000e802000000
993,658f0100000000000000000004
994,668f0100207a0100f702000000
995,678f01003c730000ff02000000
996,688f01003c7300000103000000
997,698f01003c7300000103000000
998,6a8f0100a07300000303000000
999,6b8f0100cc7400000a03000000
1000,6c8f0100307500000903000000
1001,6d8f0100307500000e03000000
1002,6e8f0100947500000703000000
1003,6f8f0100fc7f01001603000000
1004,708f0100f87500001803000000
1005,718f0100f87500001803000000
1006,728f0100f87500001a03000000
1007,738f01005c7600001c03000000
1008,748f0100247700002803000000
1009,758f0100887700002b03000000
1010,768f0100887700002e03000000
1011,778f0100522d00003b03000002
1012,788f01007c7900004003000000
1013,798f01000c7b00004a03000000
1014,7a8f0100007d00005403000000
1015,7b8f0100000000000000000004
1016,7c8f01002c7e00006d03000000
1017,7d8f01002c7e00006e03000000
1018,7e8f0100f47e00007203000000
1019,7f8f0100b88201007b03000000
1020,808f0100848000008303000000
1021,818f0100848000008403000000
1022,828f0100848000008403000000
1023,838f0100848000009202000000
1024,848f01004c8100008d03000000
1025,858f0100148200009303000000
1026,868f0100ac8401009703000000
1027,878f0100ac8401009703000000
1028,888f0100788200009b03000000
1029,898f0100dc820000a003000000
1030,8a8f010040830000a103000000
1031,8b8f010040830000a103000001
1032,8c8f0100a4830000a603000000
1033,8d8f0100a4830000a603000000
1034,8e8f010008840000a703000000
1035,8f8f0100d0840000b403000000
1036,908f0100d0840000b403000000
1037,918f010034850000b503000000
1038,928f010034850000b603000000
1039,938f010098850000b803000000
1040,948f0100b8880000bc03000000
1041,958f01001c890000bd03000000
1042,968f01001c890000bd03000000
1043,978f01001c890000bf03000000
1044,988f010080890000c103000000
1045,998f0100000000000000000004
1046,9a8f0100c2890100d003000000
1047,9b8f0100e4890000d303000000
1048,9c8f0100488a0000d403000000
1049,9d8f0100ac8a0000d803000000
1050,9e8f0100888a0100e003000002
1051,9f8f0100d88b0000e103000000
1052,a08f0100d88b0000e203000000
1053,a18f01003c8c0000e503000000
1054,a28f01003c8c0000e403000000
1055,a38f01003c8c0000e603000000
1056,a48f0100508b0100ef03000000
1057,a58f0100048d0000f903000000
1058,a68f0100048d0000fb03000000
1059,a78f0100688d0000fc03000002
1060,a88f01007c8c01000504000000
1061,aa8f0100cc8d0000fd03000000
1062,ab8f0100cc8d0000fd03000000
1063,ac8f0100308e00000004000000
1064,ad8f0100308e00000104000000
1065,ae8f0100948e00000404000000
1066,af8f01005c8f00000904000000
1067,b08f0100c08f00000c04000000
1068,b18f0100388f01001204000002
1069,b28f0100388f01001204000002
1070,b38f0100b49100002004000000
1071,b48f0100000000000000000004
1072,b58f01002c9101003c04000000
1073,b68f01007c9200008000000000
1074,b78f0100e09200003304000000
1075,b88f0100e0920000cd02000000
1076,b98f0100000000000000000004
1077,ba8f0100f49101004004000000
1078,bb8f0100909101003f04000000
1079,bc8f0100a89300004104000000
1080,bd8f0100a89300004104000000
1081,be8f0100a89300004204000000
1082,bf8f0100a89300004204000000
1083,c08f0100a89300004204000000
1084,c18f0100a89300005002000000
1085,c28f01000c9400004404000000
1086,c38f01000c9400004404000000
1087,c48f01000c9400002d02000000
1088,c58f0100709400004604000000
1089,c68f0100209301004e04000000
1090,c78f0100d49400005604000000
1091,c88f0100d49400005804000000
1092,c98f0100f49700004702000000
1093,ca8f0100f49700009300000000
1094,cb8f0100009600005c04000000
1095,cc8f0100b09401005d04000000
1096,cd8f0100b80b00006004000000
1097,ce8f0100c89600006104000000
1098,cf8f0100909700006704000000
1099,d08f0100409601006b04000000
1100,d18f0100409601006b04000001
1101,d28f0100409601006b04000001
1102,d38f0100409601006a04000000
1103,d48f0100bc9800006d04000000
1104,d58f0100bc9800006e04000000
1105,d68f0100849900007204000000
1106,d78f01004c9401007704000000
1107,d88f0100789501007804000000
1108,d98f0100e89301007504000000
1109,da8f0100e89900007a04000000
1110,db8f0100e89900007b04000000
1111,dc8f0100e89900007b04000000
1112,dd8f01004c9a00007e04000000
1113,de8f01004c9a00007e04000000
1114,df8f01004c9a00007e04000000
1115,e08f0100000000000000000004
1116,e18f0100d09701009c04000000
1117,e28f0100989e0000c104000000
1118,e38f0100fc9e0000c404000000
1119,e48f01001c9c0100c704000000
1120,e58f01001c9c0100c804000000
1121,e68f010028a00000d604000000
1122,e78f0100f8a10100d804000000
1123,e88f0100489d0100eb04000000
1124,e98f0100489d0100ed04000000
1125,ea8f0100000000000000000004
1126,eb8f0100eca301000e05000000
1127,41960100b80b00000a00000000
1128,42960100b80b00000a00000000
1129,43960100b80b00000b00000000
1130,44960100b80b00000b00000000
1131,45960100b80b00000b00000000
1132,46960100b80b00001100000000
1133,47960100e40c00001300000000
1134,48960100490d00000800000000
1135,49960100100e00002a00000000
1136,4a960100740e00002d00000000
1137,4b9601003c0f00002f00000000
1138,4c960100780500001700000000
1139,4d960100681000004400000000
1140,4e960100681000004300000000
1141,4f9601002c0100000400000000
1142,509601002c0100000400000002
1143,51960100041000003500000002
1144,529601005c1200003b00000000
1145,53960100cc1000003e00000000
1146,54960100cc1000003f00000000
1147,55960100301100003d00000000
1148,56960100301100003d00000002
1149,57960100301100003d00000002
1150,58960100d00700000a00000000
1151,59960100200300007e00000000
1152,5a960100d41700004500000000
1153,5b960100d51700004b00000000
1154,5c960100d61700004c00000000
1155,5d960100381800004d00000000
1156,5e960100381800004d00000002
1157,5f9601004c0400000d00000000
1158,60960100001900005300000000
1159,61960100c81900005500000000
1160,62960100c81900004100000000
1161,63960100c81900005800000000
1162,64960100a40600002100000000
1163,65960100080700002200000000
1164,66960100080700002200000000
1165,67960100080700002200000000
1166,689601002c1a00005b00000000
1167,69960100921a00005f00000000
1168,6a9601002c1a00006500000000
1169,6b960100340800006700000000
1170,6c960100980800006900000000
1171,6d960100980800006900000001
1172,6e960100e81c00007500000000
1173,6f9601004c1d00007a00000000
1174,70960100401f00007f00000000
1175,71960100a41f00008700000000
1176,72960100a41f00008700000000
1177,73960100200300007e00000000
1178,74960100082000008900000000
1179,75960100082000008900000000
1180,769601006c2000008b00000000
1181,77960100b80b00008f00000000
1182,78960100b80b00008f00000000
1183,79960100b00400008f00000000
1184,7a960100342100009400000000
1185,7b960100992100009800000000
1186,7c960100401f00009a00000000
1187,7d960100c42200005300000000
1188,7e960100c52200009c00000000
1189,7f960100602200009e00000000
1190,80960100602200009e00000000
1191,819601008c230000a200000000
1192,82960100f0230000a600000000
1193,83960100f0230000a600000000
1194,8496010054240000a800000000
1195,8596010080250000aa00000002
1196,86960100b8240000ab00000000
1197,879601001c250000ad00000000
1198,889601001c250000ae00000000
1199,899601001c250000ad00000000
1200,8a9601001c250000af00000000
1201,8b9601001c250000af00000000
1202,8c96010010270000b300000000
1203,8d96010010270000b400000000
1204,8e96010074270000b600000000
1205,8f96010074270000b600000000
1206,9096010074270000b800000000
1207,9196010074270000b800000000
1208,9296010074270000ba00000000
1209,9396010074270000ba00000000
1210,94960100d8270000cc00000000
1211,95960100d8270000c500000000
1212,96960100d8270000c600000000
1213,9996010004290000cd00000000
1214,9a96010004290000ce00000000
1215,9b96010004290000ce00000000
1216,9d960100ec2c0000cf00000000
1217,9e960100ec2c0000cf00000000
1218,9f96010068290000d000000000
1219,a096010068290000d200000000
1220,a1960100302a0000d600000000
1221,a2960100302a0000d800000000
1222,a3960100302a0000d800000000
1223,a4960100942a0000d900000000
1224,a5960100942a0000d900000000
1225,a6960100942a0000da00000000
1226,a7960100c02b0000e300000000
1227,a8960100c02b0000e300000000
1228,a9960100882c0000e700000000
1229,aa960100882c0000e700000002
1230,ab960100e02e0000ea00000000
1231,ac960100e02e0000eb00000000
1232,ad960100442f00000d00000000
1233,ae960100442f00000700000000
1234,af960100442f00000700000000
1235,b0960100a92f0000f300000000
1236,b1960100a82f0000f300000000
1237,b2960100c83200009c00000000
1238,b396010058340000fc00000000
1239,b4960100bc340000fe00000000
1240,b5960100843500000401000000
1241,b6960100e83500000601000000
1242,b79601004c3600000901000000
1243,b89601004c3600000901000002
1244,b9960100b03600000b01000000
1245,ba960100b03600000b01000000
1246,bb960100b03600000c01000000
1247,bc960100b03600000c01000000
1248,bd960100143700000f01000000
1249,be9601004f6201001501000000
1250,bf960100dc3700001a01000000
1251,c0960100dc3700001d01000000
1252,c19601002c3300002101000000
1253,c29601002c3300002101000000
1254,c39601002d3300002701000000
1255,c4960100603b00002c01000000
1256,c5960100603b00002e01000000
1257,c6960100603b00002a00000000
1258,c7960100603b00002d01000000
1259,c8960100603b00002d01000000
1260,c9960100603b00003301000000
1261,ca960100603b00003401000000
1262,cb960100283c00004001000000
1263,cc960100283c00004001000000
1264,cd960100283c00004101000000
1265,ce960100283c00004101000000
1266,cf9601008c3c00004201000000
1267,d09601008c3c00007f00000000
1268,d19601008c3c00004401000000
1269,d29601008e3c00004501000000
1270,d39601008e3c00004501000001
1271,d4960100543d00004e01000000
1272,d5960100543d00004e01000000
1273,d6960100e43e00005a01000000
1274,d7960100e43e00005a01000000
1275,d8960100e43e00005c01000000
1276,d9960100483f00005d01000000
1277,da960100ac3f00005f01000000
1278,db960100104000006201000000
1279,dc960100104000006201000000
1280,dd960100104000006301000000
1281,de960100744000006601000000
1282,df960100744000006601000001
1283,e0960100744000006601000002
1284,e19601006c6501006e01000001
1285,e29601006c6501006e01000001
1286,e3960100244500007d01000000
1287,e4960100244500007d01000000
1288,e5960100244500007d01000002
1289,e6960100884500008001000000
1290,e7960100ec4500008201000000
1291,e8960100ec4500008301000000
1292,e9960100b44600008901000000
1293,ea960100986601009401000002
1294,eb960100504600008d01000000
1295,ec960100504600008f01000000
1296,ed960100504600008f01000000
1297,ee960100444800009601000000
1298,ef960100a84800009a01000000
1299,f0960100a84800009a01000000
1300,f19601000c4900009d01000000
1301,f29601000c4900009d01000000
1302,f39601000c4900009d01000002
1303,f49601009c4a00009f01000000
1304,f59601009c4a0000a001000000
1305,f69601009c4a0000a001000000
1306,f79601009c4a0000a101000000
1307,f89601009c4a0000a101000000
1308,f996010070490000a501000000
1309,fa960100394a0000a801000002
1310,fb960100004b0000b601000000
1311,fc960100004b0000b601000000
1312,fd96010050460000b801000000
1313,fe960100204e0000bd01000000
1314,ff960100204e0000be01000000
1315,00970100844e0000c101000000
1316,01970100844e0000c101000000
1317,02970100844e0000c101000000
1318,03970100844e0000c301000000
1319,04970100844e0000c301000000
1320,05970100e84e0000c501000001
1321,0697010074590000ca01000000
1322,0797010074590000cc01000000
1323,0897010074590000cc01000000
1324,099701004c4f0000ce01000000
1325,0a9701004c4f0000ce01000000
1326,0b97010078500000d601000000
1327,0c97010078500000d701000000
1328,0d97010040510000d901000000
1329,0e97010040510000dc01000001
1330,0f97010040510000dc01000002
1331,11970100dc500000db01000000
1332,1297010008520000e701000000
1333,1397010008520000e801000000
1334,1497010008520000e801000000
1335,1597010008520000eb01000000
1336,16970100d0520000f101000000
1337,17970100d0520000ad00000000
1338,1897010060540000fd01000000
1339,1997010060540000fe01000000
1340,1a970100c4540000ff01000000
1341,1b970100285500005b00000000
1342,1c970100285500005b00000000
1343,1d9701008c5500000602000000
1344,1e9701008c5500000602000000
1345,1f9701008c5500000702000000
1346,209701008c5500000702000000
1347,219701008c5500000702000000
1348,229701008c5500000802000000
1349,239701008c5500000902000000
1350,24970100f05500000d02000000
1351,25970100f05500000d02000001
1352,26970100545600000e02000000
1353,27970100545600000e02000000
1354,28970100545600005300000000
1355,29970100b85600001102000000
1356,2a970100b85600001102000001
1357,2b970100b85600001102000001
1358,2c970100b85600001102000000
1359,2d9701003c5a00001e02000000
1360,2e9701003c5a00001e02000000
1361,2f9701003c5a00001f02000000
1362,309701003c5a00001f02000000
1363,31970100a05a00002002000000
1364,32970100a05a00002002000000
1365,33970100a05a00002002000001
1366,34970100045b00005500000000
1367,35970100045b00005500000000
1368,36970100045b00002202000000
1369,37970100685b00002402000000
1370,38970100685b00002402000000
1371,39970100305c00002b02000000
1372,3a970100945c00002d02000000
1373,3b970100f85c00003202000000
1374,3c970100f85c00003202000002
1375,3d9701005c5d00004502000000
1376,3e9701005c5d00004502000000
1377,3f970100c05d00004702000000
1378,40970100c05d00004702000000
1379,41970100b47201004d02000000
1380,42970100885e00004e02000000
1381,43970100885e00004e02000000
1382,44970100885e00005002000000
1383,45970100b45f00005402000000
1384,46970100b45f00005502000000
1385,47970100b45f00005602000000
1386,48970100186000005902000000
1387,49970100186000005902000000
1388,4a970100186000005a02000000
1389,4b9701007c6000005c02000000
1390,4c970100904c00005f02000000
1391,4d970100904c00006002000000
1392,4e970100904c00006002000000
1393,4f970100e06000006c02000000
1394,50970100e06000006c02000000
1395,51970100a86100007302000000
1396,529701000c3000007502000000
1397,539701000c3000007502000000
1398,549701000c3000007602000000
1399,559701000c3000007602000000
1400,569701000c3000007702000000
1401,57970100703000007a02000000
1402,58970100d43000007c02000000
1403,59970100d43000007c02000000
1404,5a970100d43000007c02000002
1405,5b970100a87401008a02000000
1406,5c970100a87401008b02000000
1407,5d9701000c6200008c02000000
1408,5e9701009c6300009402000000
1409,5f9701009c6300009402000002
1410,60970100906500009a02000000
1411,61970100906500009a02000000
1412,62970100f46500009c02000000
1413,63970100586600009e02000000
1414,64970100586600009a02000000
1415,65970100586600009f02000000
1416,66970100586600009f02000000
1417,67970100f46500008000000000
1418,68970100bc6600009602000000
1419,69970100bc6600009602000002
1420,6a97010020670000ae02000000
1421,6b97010084670000b102000000
1422,6c97010084670000b102000000
1423,6d97010084670000b202000000
1424,6e97010084670000b002000000
1425,6f970100e8670000b602000000
1426,70970100e8670000b602000000
1427,719701004c6800008f02000000
1428,7297010014690000d102000000
1429,739701004c680000cc02000000
1430,74970100b0680000d502000000
1431,75970100b0680000d702000000
1432,7697010078690000d302000001
1433,7797010078690000d302000002
1434,78970100dc690000e002000000
1435,79970100406a0000e402000002
1436,7a970100c46d0000f002000000
1437,7b970100ac710000e802000000
1438,7c970100ac710000e902000000
1439,7d970100ac710000ea02000000
1440,7e970100ac710000ea02000000
1441,7f97010010720000eb02000000
1442,8097010010720000eb02000000
1443,8197010010720000ec02000000
1444,8297010010720000ec02000000
1445,8397010010720000e902000000
1446,8497010010720000ee02000000
1447,85970100207a0100f702000000
1448,86970100207a0100f802000000
1449,87970100847a0100fb02000000
1450,88970100d8720000fd02000000
1451,89970100d8720000fd02000000
1452,8a970100d8720000fe02000000
1453,8b970100d8720000fe02000000
1454,8c9701003c730000ff02000000
1455,8d970100cc7400000a03000000
1456,8e970100cc7400000b03000000
1457,8f970100cc7400000b03000000
1458,90970100cc7400000c03000000
1459,91970100cc7400000c03000000
1460,92970100307500000903000000
1461,93970100307500000903000000
1462,94970100307500000e03000000
1463,95970100947500000703000001
1464,96970100947500000703000002
1465,97970100f87500001903000000
1466,989701005c7600001b03000000
1467,999701005c7600001b03000000
1468,9a9701005c7600001b03000000
1469,9b9701005c7600001c03000000
1470,9c9701005c7600001d03000000
1471,9d970100c07600001703000000
1472,9e970100c07600001703000002
1473,9f970100247700002803000000
1474,a0970100887700002b03000000
1475,a1970100887700002d03000000
1476,a2970100887700002d03000000
1477,a3970100887700002e03000000
1478,a4970100ec7700002503000000
1479,a5970100ec7700002503000000
1480,a6970100ec7700002503000002
1481,a7970100b80b00002f03000000
1482,a8970100507800003303000000
1483,a9970100507800003303000000
1484,aa970100b47800003603000000
1485,ab970100b47800003603000000
1486,ac970100b47800003703000000
1487,ad970100b47800003703000000
1488,ae970100b47800009102000000
1489,af970100e07900003903000000
1490,b0970100e07900003903000000
1491,b19701007c7900004003000000
1492,b2970100447a00004303000000
1493,b3970100447a00004303000000
1494,b4970100447a00004303000000
1495,b5970100447a00004403000000
1496,b6970100447a00004403000000
1497,b7970100a87a00004803000000
1498,b8970100a87a00004803000000
1499,b9970100a87a00004903000000
1500,ba970100a87a00004903000000
1501,bb970100a87a00004303000000
1502,bc9701000c7b00004b03000000
1503,bd9701000c7b00004b03000000
1504,be9701000c7b00004c03000000
1505,bf9701000c7b00004c03000000
1506,c0970100707b00004f03000000
1507,c1970100707b00004f03000000
1508,c2970100707b00004f03000002
1509,c3970100007d00005303000000
1510,c4970100007d00005403000000
1511,c5970100007d00005403000000
1512,c6970100007d00005503000000
1513,c7970100007d00005503000000
1514,c8970100007d00005503000000
1515,c9970100007d00005703000000
1516,ca970100286801006303000000
1517,cb970100c87d00006803000000
1518,cc970100c87d00006903000000
1519,cd970100c87d00006a03000000
1520,ce9701002c7e00006b03000000
1521,cf9701002c7e00006c03000000
1522,d09701002c7e00006c03000000
1523,d19701002c7e00006e03000000
1524,d2970100907e00007003000000
1525,d3970100907e00007003000000
1526,d4970100907e00007003000002
1527,d5970100f47e00007103000000
1528,d6970100f47e00007103000000
1529,d7970100f47e00007103000000
1530,d8970100587f00007403000000
1531,d9970100587f00007403000000
1532,da970100587f00007403000000
1533,db970100587f00007503000000
1534,dc970100587f00007503000000
1535,dd970100587f00007703000000
1536,de970100bc7f00007803000000
1537,df970100bc7f00007803000000
1538,e0970100b88201007a03000000
1539,e1970100b88201007a03000000
1540,e2970100208000008003000000
1541,e3970100208000008003000000
1542,e4970100208000008103000000
1543,e5970100208000008103000000
1544,e6970100208000004201000000
1545,e7970100208000004201000000
1546,e8970100848000008303000000
1547,e9970100848000008403000000
1548,ea970100848000009202000000
1549,eb970100848000009202000000
1550,ec970100e88000007f03000000
1551,ed970100e88000007f03000000
1552,ee9701004c8100008c03000000
1553,ef9701004c8100008c03000000
1554,f09701004c8100008e03000000
1555,f19701004c8100008e03000000
1556,f2970100b08100008f03000000
1557,f3970100b08100009003000000
1558,f4970100b08100009103000000
1559,f5970100b08100009103000000
1560,f6970100148200009303000000
1561,f7970100148200009303000002
1562,f8970100788200009a03000000
1563,f9970100788200009a03000000
1564,fa970100788200009d03000000
1565,fb970100dc8200009f03000000
1566,fc970100dc8200009f03000000
1567,fd970100dc820000a003000000
1568,fe97010040830000a103000002
1569,ff970100a4830000a403000000
1570,00980100a4830000a503000000
1571,01980100a4830000a503000000
1572,02980100a4830000a503000000
1573,0398010008840000a803000000
1574,0498010008840000a803000000
1575,0598010008840000a903000000
1576,069801006c840000ab03000000
1577,079801006c840000ab03000000
1578,089801006c840000ab03000002
1579,099801003c860100af03000000
1580,0a980100d0840000b203000000
1581,0b980100d0840000b203000000
1582,0c98010098850000b803000000
1583,0d980100b8880000ba03000000
1584,0e980100b8880000ba03000000
1585,0f980100b8880000bb03000000
1586,10980100b8880000bc03000000
1587,11980100c1890100ce03000000
1588,12980100c1890100ce03000000
1589,13980100e4890000d103000000
1590,14980100e4890000d103000000
1591,15980100e4890000d103000000
1592,16980100e4890000d203000000
1593,17980100e4890000d303000000
1594,18980100e4890000d303000000
1595,19980100488a0000d603000000
1596,1a980100488a0000d603000000
1597,1b980100488a0000d503000000
1598,1c980100488a0000d503000000
1599,1d980100488a0000d503000000
1600,1e980100488a0000d403000000
1601,1f980100ac8a0000d803000000
1602,20980100ac8a0000d803000000
1603,21980100ac8a0000d803000002
1604,22980100248a0100dc03000000
1605,23980100248a0100dd03000000
1606,24980100d88b0000e103000000
1607,25980100d88b0000e103000000
1608,26980100d88b0000e203000000
1609,27980100d88b0000e303000000
1610,289801003c8c0000e403000000
1611,299801003c8c0000e603000000
1612,2a9801003c8c0000e703000000
1613,2b980100a08c0000e803000000
1614,2c980100a08c0000e803000000
1615,2d980100a08c0000e803000002
1616,2e980100508b0100ef03000000
1617,2f98010088900000f503000000
1618,3098010088900000f503000000
1619,3198010088900000f603000000
1620,3298010088900000f603000000
1621,33980100048d0000f703000000
1622,34980100048d0000f703000000
1623,35980100048d0000f803000000
1624,36980100048d0000f803000000
1625,37980100048d0000f803000000
1626,38980100048d0000fb03000000
1627,39980100688d0000fc03000000
1628,3b980100cc8d0000fe03000000
1629,3c980100cc8d0000ff03000000
1630,3d980100cc8d0000ff03000000
1631,3e980100308e00000004000000
1632,3f980100308e00000104000000
1633,40980100308e00000204000000
1634,41980100308e00000304000000
1635,42980100948e00000404000000
1636,43980100948e00000404000000
1637,449801005c8f00000704000000
1638,459801005c8f00000704000000
1639,469801005c8f00000804000000
1640,479801005c8f00000904000000
1641,48980100c08f00000a04000000
1642,49980100c08f00000c04000000
1643,4a980100388f01001204000000
1644,4b980100649600001904000000
1645,4c980100649600001904000000
1646,4d980100649600001904000002
1647,4e980100509100001d04000000
1648,4f980100509100001f04000000
1649,50980100509100001f04000000
1650,51980100509100001f04000000
1651,52980100857a01002c04000000
1652,53980100e09200003304000000
1653,54980100e09200003404000000
1654,55980100e09200003404000000
1655,56980100e09200003504000000
1656,57980100a89300005002000000
1657,589801000c9400004304000000
1658,599801000c9400004404000000
1659,5a9801000c9400002d02000000
1660,5b980100709400004604000000
1661,5c980100709400004604000000
1662,5d980100d49400005604000000
1663,5e980100d49400005804000000
1664,5f980100f49700004702000000
1665,60980100f49700009300000000
1666,61980100009600005c04000000
1667,62980100009600005c04000002
1668,63980100c89600006204000000
1669,64980100c89600006304000000
1670,659801002c9700006404000000
1671,669801002c9700006504000000
1672,67980100909700006704000000
1673,68980100909700006704000002
1674,69980100409601006804000000
1675,6a980100bc9800006d04000000
1676,6b980100bc9800006d04000000
1677,6c980100bc9800006e04000000
1678,6d980100209900006f04000000
1679,6e980100209900006f04000000
1680,6f980100e89301007504000000
1681,70980100e89900007a04000000
1682,71980100e89900007b04000000
1683,729801004c9a00007c04000000
1684,739801004c9a00007c04000000
1685,749801004c9a00007d04000000
1686,759801004c9a00007d04000000
1687,769801004c9a00007d04000000
1688,779801004c9a00007f04000000
1689,78980100b09a00008004000000
1690,79980100b09a00008004000000
1691,7a980100b09a00008004000000
1692,7b980100149b00008404000000
1693,7c980100149b00008404000000
1694,7d980100149b00008404000000
1695,7e980100149b00008604000000
1696,7f980100149b00008604000000
1697,80980100789b00008d01000000
1698,81980100dc9b00008104000000
1699,82980100dc9b00008104000000
1700,83980100409c00009d04000000
1701,84980100409c00009d04000000
1702,85980100409c00009d04000000
1703,86980100409c00009e04000000
1704,87980100409c00009e04000000
1705,88980100409c00009e04000000
1706,89980100089d00009f04000000
1707,8a980100a49c0000a204000000
1708,8b980100a49c0000a204000002
1709,8c980100fc980100a604000000
1710,8d980100fc980100a704000000
1711,8e980100fc980100a704000000
1712,8f9801006c9d0000ac04000000
1713,909801006c9d0000ac04000000
1714,91980100349e0000ae04000000
1715,92980100349e0000ae04000000
1716,93980100349e0000ae04000000
1717,94980100349e0000af04000000
1718,95980100349e0000af04000000
1719,96980100349e00000f01000000
1720,97980100f09a0100ba04000000
1721,98980100989e0000c004000000
1722,99980100989e0000c004000000
1723,9a980100fc9e0000c204000000
1724,9b980100fc9e0000c204000000
1725,9c980100fc9e0000c304000000
1726,9d980100fc9e0000c304000000
1727,9e980100fc9e0000c504000000
1728,9f980100989e0000bf04000000
1729,a0980100989e0000bf04000000
1730,a1980100989e0000bf04000000
1731,a298010028a00000d704000000
1732,a398010028a000000800000000
1733,a498010028a000000800000000
1734,a5980100c49f0000d304000000
1735,a6980100c49f0000d304000000
1736,a7980100c49f0000d404000000
1737,a8980100c49f0000d404000000
1738,a9980100c49f00000b00000000
1739,aa9801008ca00000d204000000
1740,ab9801008ca00000d204000000
1741,ac9801008ca00000be04000000
1742,ad980100609f0000be04000000
1743,ae980100609f0000be04000000
1744,af980100609f0000d904000000
1745,b0980100f8a10100d804000000
1746,b1980100f8a10100d904000000
1747,b2980100f8a10100da04000000
1748,b3980100f8a10100da04000000
1749,b498010054a10000e204000000
1750,b598010054a10000e204000000
1751,b698010054a10000e204000000
1752,b798010054a10000e304000000
1753,b898010054a10000e304000000
1754,b9980100f0a00000de04000000
1755,ba980100f0a00000de04000000
1756,bb980100f0a00000e004000000
1757,bc980100f0a00000e004000000
1758,bd980100f0a00000df04000000
1759,be980100f0a00000df04000000
1760,bf980100f0a00000df04000000
1761,c0980100b8a10000e104000000
1762,c1980100b8a10000e104000000
1763,c2980100f0a00000de04000000
1764,c3980100ac9d0100ee04000000
1765,c4980100ac9d0100ee04000000
1766,c59801003ca50000f404000000
1767,c69801003ca50000f404000000
1768,c79801003ca50000f404000000
1769,c89801003ca50000ce00000000
1770,c99801003ca50000ce00000000
1771,ca98010074a40000ce00000000
1772,cb98010074a40000f104000000
1773,cc98010074a40000f104000000
1774,cd98010074a40000f204000000
1775,ce98010074a40000f204000000
1776,cf980100a0a50000f004000000
1777,d0980100a0a50000f004000000
1778,d198010088a301000a05000000
1779,d298010088a301000a05000000
1780,d398010088a301000c05000000
1781,d498010088a301000c05000000
1782,d598010088a301000c05000000
1783,d698010004a60000ff04000000
1784,d798010004a60000ff04000000
1785,d898010004a600000005000000
1786,d998010004a600000005000000
1787,da98010004a60000cd00000000
1788,db98010004a60000cd00000000
1789,dc98010068a600000205000000
1790,dd98010068a600000205000000
1791,de98010068a600000305000000
1792,df98010068a600000305000000
1793,e098010068a600000305000000
1794,e198010068a600005300000000
1795,e298010068a600005300000000
1796,e3980100cca600000405000000
1797,e4980100cca600000405000000
1798,e5980100cca600000405000000
1799,119e0100e40c00000100000000
1800,129e0100e40c00002800000000
1801,139e0100e40c00002800000000
1802,149e0100e40c00002900000000
1803,159e0100f40100003c00000000
1804,169e0100740e00002e00000000
1805,179e0100480d00000c00000000
1806,189e0100740e00002e00000000
1807,199e0100780500000500000000
1808,1a9e0100a10f00003100000000
1809,1b9e0100200300000b00000000
1810,1c9e0100cc1000002800000000
1811,1d9e0100200300000700000000
1812,1e9e0100701700004600000000
1813,1f9e0100340800002e00000000
1814,209e0100c81900005600000000
1815,219e01002c1a00005c00000000
1816,229e0100340800006800000000
1817,239e0100581b00006c00000000
1818,249e0100581b00006c00000000
1819,259e0100bd1b00006f00000000
1820,269e0100bd1b00006f00000000
1821,279e0100bf1b00007000000001
1822,289e0100841c00007400000000
1823,299e01004c1d00007c00000000
1824,2a9e0100082000008800000000
1825,2b9e0100082000008800000000
1826,2c9e0100b80b00008f00000000
1827,2d9e0100b80b00008f00000000
1828,2e9e0100b00400008f00000000
1829,2f9e0100342100009500000000
1830,309e0100342100009500000000
1831,319e0100982100009600000000
1832,329e0100992100009800000000
1833,339e0100c42200009b00000000
1834,349e0100280a0000a100000000
1835,359e01008c230000a300000000
1836,369e01008c230000a300000000
1837,379e0100f0230000a500000000
1838,389e0100f0230000a500000000
1839,399e010054240000a800000002
1840,3a9e010010270000b500000000
1841,3b9e010010270000b500000000
1842,3c9e010074270000b700000000
1843,3d9e01003c280000c900000002
1844,3e9e0100a0280000ca00000000
1845,3f9e0100a0280000ca00000000
1846,409e0100a02800005000000000
1847,419e0100042900006a00000000
1848,429e0100042900006a00000000
1849,439e010068290000d200000000
1850,449e0100962a0000db00000000
1851,459e0100962a0000db00000000
1852,469e0100942a00002800000000
1853,479e0100942a00002800000000
1854,489e0100962a0000dc00000000
1855,499e0100242c0000e400000000
1856,4a9e0100242c0000e600000000
1857,4b9e0100e02e0000e900000000
1858,4c9e0100442f0000ee00000000
1859,4d9e0100442f00000d00000000
1860,4e9e0100442f0000ef00000000
1861,4f9e0100c8320000fa00000000
1862,509e0100843500000501000000
1863,519e0100843500000501000000
1864,529e0100e8350000f900000000
1865,539e0100843500000301000000
1866,549e0100b03600000d01000000
1867,559e01004f6201001501000000
1868,569e0100783700001801000000
1869,579e0100603b00002e01000000
1870,589e0100283c00004101000000
1871,599e0100b83d00005101000000
1872,5a9e0100543d00004d01000000
1873,5b9e0100543d00004d01000000
1874,5c9e0100543d00009300000000
1875,5d9e01001c3e00005301000000
1876,5e9e0100803e00005701000000
1877,5f9e0100803e00005701000000
1878,609e0100803e00006a00000000
1879,619e0100803e00005801000000
1880,629e0100684200007101000000
1881,639e0100684200007201000000
1882,649e0100684200007301000000
1883,659e010068420000fd00000000
1884,669e010068420000fd00000000
1885,679e01005c4400007701000000
1886,689e0100c04400007a01000000
1887,699e0100b44600008801000000
1888,6a9e0100986601009401000000
1889,6b9e01007c4700009001000000
1890,6c9e01009c4a00009f01000000
1891,6d9e01009c4a00009f01000000
1892,6e9e01009c4a0000a101000000
1893,6f9e010070490000a201000000
1894,709e010070490000a401000000
1895,719e0100004b0000b501000000
1896,729e0100004b0000b501000000
1897,739e0100844e0000c001000000
1898,749e0100e84e0000c501000000
1899,759e010074590000cb01000000
1900,769e01004c4f0000cb01000000
1901,779e01004c4f0000cb01000000
1902,789e01004c4f0000cd01000000
1903,799e01004c4f0000cd01000000
1904,7a9e0100b04f0000c901000002
1905,7b9e010078500000d601000000
1906,7c9e0100785000004d01000000
1907,7d9e0100dc5000000500000000
1908,7e9e0100dc500000d801000000
1909,7f9e010028550000e001000000
1910,809e0100dd6c01000102000000
1911,819e0100285500005b00000000
1912,829e0100545600000f02000000
1913,839e0100545600000f02000000
1914,849e0100d8590000ca00000000
1915,859e0100d8590000ca00000000
1916,869e01003c5a00004700000000
1917,879e0100045b00002102000000
1918,889e0100045b00002102000000
1919,899e0100045b00002202000000
1920,8a9e0100685b00005801000000
1921,8b9e0100945c00002f02000000
1922,8c9e0100945c00002f02000000
1923,8d9e0100945c00002f02000000
1924,8e9e0100945c00003002000000
1925,8f9e0100945c00003002000000
1926,909e01000c7001009101000000
1927,919e01005c5d00004402000000
1928,929e01005c5d00004602000000
1929,939e01005c5d00004602000000
1930,949e01005c5d00004602000000
1931,959e0100c05d00004802000000
1932,969e0100c05d00004802000000
1933,979e0100c05d00004902000000
1934,989e0100245e00004b02000000
1935,999e0100245e00004b02000000
1936,9a9e0100885e00005000000000
1937,9b9e0100ec5e00001a01000000
1938,9c9e0100187301006502000000
1939,9d9e0100904c00006202000000
1940,9e9e0100904c00006202000000
1941,9f9e0100e06000006e02000000
1942,a09e0100e06000006e02000000
1943,a19e0100d4750100a102000000
1944,a29e0100f46500009c02000000
1945,a39e0100586600009e02000000
1946,a49e0100586600009a02000000
1947,a59e010020670000ad02000000
1948,a69e010020670000ae02000000
1949,a79e010020670000af02000000
1950,a89e010020670000af02000000
1951,a99e01004c680000ce02000000
1952,aa9e01004c680000ce02000000
1953,ab9e01004c680000ce02000000
1954,ac9e010014690000d002000000
1955,ad9e010014690000d102000000
1956,ae9e01004c680000cc02000000
1957,af9e0100b0680000d602000000
1958,b09e0100b0680000d602000000
1959,b19e010058790100de02000000
1960,b29e0100ac710000e902000000
1961,b39e0100207a0100f902000000
1962,b49e0100d8720000fc02000000
1963,b59e0100d8720000fc02000000
1964,b69e01003c7300000003000000
1965,b79e0100a76d01000503000000
1966,b89e0100307500000d03000000
1967,b99e0100307500000d03000000
1968,ba9e0100307500000e03000000
1969,bb9e0100f87500001903000000
1970,bc9e0100f87500001903000000
1971,bd9e01005c7600001c03000000
1972,be9e0100247700002903000000
1973,bf9e0100247700002903000000
1974,c09e0100247700002a03000000
1975,c19e0100247700002a03000000
1976,c29e0100507800003303000000
1977,c39e0100c87d00006803000000
1978,c49e0100c87d00006803000000
1979,c59e0100c87d00006903000000
1980,c69e0100f47e00007303000000
1981,c79e0100b08100008f03000000
1982,c89e0100788200009c03000000
1983,c99e0100dc8200009e03000000
1984,ca9e010008840000a803000000
1985,cb9e0100d0840000b403000000
1986,cc9e010034850000b603000000
1987,cd9e0100348500009002000000
1988,ce9e0100348500009002000000
1989,cf9e0100b8880000ba03000000
1990,d09e0100508b0100ec03000000
1991,d19e010088900000f403000000
1992,d39e0100c08f00000a04000000
1993,d49e0100c08f00000b04000000
1994,d59e0100c08f00000b04000000
1995,d79e0100ec9000001404000000
1996,d89e0100ec9000001404000000
1997,d99e0100509100001e04000000
1998,da9e0100509100001e04000000
1999,db9e0100b49100002004000000
2000,dc9e0100b49100002104000000
2001,dd9e0100b49100002104000000
2002,de9e0100b49100002104000000
2003,df9e0100189200001c04000000
2004,e09e0100189200001c04000000
2005,e19e0100189200001c04000000
2006,e29e01002c9101003c04000002
2007,e39e0100ab6d01003a04000000
2008,e49e01007c9200003104000000
2009,e59e01007c9200003104000000
2010,e69e01007c9200003204000000
2011,e79e0100e09200003604000000
2012,e89e0100e09200003604000000
2013,e99e0100000000000000000004
2014,ea9e0100589201004704000000
2015,eb9e0100bc9201004a04000000
2016,ec9e0100d49400005704000000
2017,ed9e0100d49400005704000000
2018,ee9e0100d49400005704000000
2019,ef9e0100b09401005f04000000
2020,f09e0100bc9800005c00000000
2021,f19e0100bc9800005c00000000
2022,f29e0100209900006b00000000
2023,f39e0100849301007304000000
2024,f49e0100e89900002e00000000
2025,f59e0100e89900002e00000000
2026,f69e0100789b00008704000000
2027,f79e0100789b00008704000000
2028,f89e0100089d00000500000000
2029,f99e0100349e0000af04000000
2030,fa9e0100349e00000f01000000
2031,fb9e0100d09d0000b104000002
2032,fc9e0100549b0100b304000000
2033,fd9e0100989e00000501000000
2034,fe9e010054a10000e404000000
2035,ff9e010054a10000e404000000
2036,009f010054a10000e404000000
2037,019f0100e49c0100e904000000
2038,029f010074a400000100000000
2039,039f010004a600000005000000
2040,e1a50100b80b00001b00000000
2041,e2a50100b80b00002700000000
2042,e3a50100b80b00002700000000
2043,e4a50100e40c00000100000000
2044,e5a50100941100000100000000
2045,e6a501005c1200001400000000
2046,e7a501005c1200001400000000
2047,e8a50100f40100003c00000000
2048,e9a50100100e00002700000000
2049,eaa50100d00700000500000000
2050,eba50100100e00002a00000000
2051,eca50100100e00002b00000000
2052,eda50100100e00002b00000000
2053,eea50100780500000500000000
2054,efa501005c1200001400000000
2055,f0a501003c0f00003000000000
2056,f1a50100780500000500000000
2057,f2a50100a10f00000f00000000
2058,f3a50100840300000300000000
2059,f4a50100780500001700000000
2060,f5a501002c0100000400000000
2061,f6a50100740e00002500000000
2062,f7a501003c0f00002f00000000
2063,f8a501005c1200003900000000
2064,f9a50100cc1000002800000000
2065,faa50100681000000300000000
2066,fba50100701700004600000000
2067,fca50100701700004700000000
2068,fda50100d41700004500000000
2069,fea50100d41700004800000000
2070,ffa50100d51700004b00000000
2071,00a60100d41700004a00000000
2072,01a60100d61700004c00000000
2073,02a60100381800004d00000000
2074,03a601004d0400004e00000000
2075,04a601009c1800005000000000
2076,05a60100011900005400000000
2077,06a60100c81900005600000000
2078,07a60100c81900005600000000
2079,08a60100921a00005f00000000
2080,09a60100921a00005f00000000
2081,0aa60100911a00005e00000000
2082,0ba60100911a00005e00000000
2083,0ca60100901a00001a00000000
2084,0da60100f41a00006100000001
2085,0ea60100b80b0000a900000000
2086,0fa60100b80b00006000000000
2087,10a60100340800006800000000
2088,11a60100581b00006a00000000
2089,12a60100581b00006a00000000
2090,13a60100581b00006b00000000
2091,14a60100841c00007200000000
2092,15a60100841c00007400000000
2093,16a60100e81c00007800000000
2094,17a601004c1d00007a00000000
2095,18a60100e81c00007600000000
2096,19a60100641900007700000001
2097,1aa60100401f00008000000000
2098,1ba60100a41f00008500000000
2099,1ca60100a41f00008700000000
2100,1da60100a41f00008600000000
2101,1ea60100082000008a00000000
2102,1fa60100082000008a00000000
2103,20a60100082000008800000000
2104,21a601006c2000008c00000000
2105,22a601006c2000008c00000000
2106,23a601006c2000008c00000000
2107,24a601006e2000008e00000000
2108,25a60100b80b00008f00000000
2109,26a60100b80b00008f00000000
2110,27a60100b00400008f00000000
2111,28a60100342100009300000000
2112,29a60100342100009300000000
2113,2aa60100342100009400000000
2114,2ba60100982100008000000000
2115,2ca60100992100009800000000
2116,2da60100602200009f00000000
2117,2ea601008c230000a300000000
2118,2fa60100f0230000a500000000
2119,30a60100f0230000a700000000
2120,31a60100b8240000ac00000000
2121,32a60100b8240000ac00000000
2122,33a601001c250000ae00000000
2123,34a6010010270000b300000000
2124,35a6010010270000b500000000
2125,36a6010074270000b700000000
2126,37a60100d8270000c500000000
2127,38a60100d8270000c600000000
2128,39a60100a0280000cb00000000
2129,3aa60100a02800005000000000
2130,3ba6010004290000cd00000000
2131,3ca60100042900006a00000000
2132,3da6010069290000d400000000
2133,3ea6010068290000d100000000
2134,3fa6010068290000d100000000
2135,40a6010068290000d200000000
2136,41a60100302a0000d700000000
2137,42a60100942a0000d900000000
2138,43a60100942a0000da00000000
2139,44a60100942a00002800000000
2140,45a60100c02b0000e100000000
2141,46a60100c02b0000e200000000
2142,47a60100242c0000e600000000
2143,48a60100e02e0000ea00000000
2144,49a60100e02e0000eb00000000
2145,4aa60100e02e0000ec00000000
2146,4ba60100442f0000ef00000000
2147,4ca6010058340000fc00000000
2148,4da6010084350000f900000000
2149,4ea60100843500000401000000
2150,4fa60100843500000501000000
2151,50a60100e8350000fa00000000
2152,51a60100e83500000801000000
2153,52a60100b03600000b01000000
2154,53a60100b03600000d01000000
2155,54a60100143700000f01000000
2156,55a60100783700001701000000
2157,56a60100dc3700001a01000000
2158,57a60100dc3700001c01000000
2159,58a60100dc3700001d01000000
2160,59a601002c3300002401000000
2161,5aa60100fc3a00002b01000000
2162,5ba60100fc3a0000cb00000000
2163,5ca60100603b00002c01000000
2164,5da60100603b00002e01000000
2165,5ea60100603b00002a00000000
2166,5fa60100603b00002f01000002
2167,60a60100283c0000d400000000
2168,61a60100283c00004001000000
2169,62a601008c3c00004201000000
2170,63a601008c3c00004401000000
2171,64a60100543d00004d01000000
2172,65a60100543d00004e01000000
2173,66a60100803e00006a00000000
2174,67a60100803e00006a00000000
2175,68a60100803e00005801000000
2176,69a60100ac3f00006001000000
2177,6aa60100ac3f00006101000000
2178,6ba60100ac3f00006101000000
2179,6ca60100ac3f00006101000000
2180,6da60100104000006401000000
2181,6ea60100086501006b01000000
2182,6fa60100086501006c01000000
2183,70a60100684200007101000000
2184,71a60100684200007101000000
2185,72a60100684200007201000000
2186,73a60100684200007301000000
2187,74a60100684200007301000000
2188,75a60100694200007401000000
2189,76a601005c4400007701000000
2190,77a601005c4400007901000000
2191,78a60100c04400007901000000
2192,79a60100884500008101000000
2193,7aa60100ec4500008401000000
2194,7ba60100ec4500008401000000
2195,7ca60100b44600008701000000
2196,7da60100b44600008701000000
2197,7ea60100b44600008601000000
2198,7fa60100b44600008a01000000
2199,80a60100504600008f01000000
2200,81a60100444800009701000000
2201,82a60100a84800009901000000
2202,83a60100a84800009b01000000
2203,85a601009c4a0000a001000000
2204,86a6010070490000a301000000
2205,87a6010070490000a401000000
2206,88a6010070490000a501000000
2207,89a60100004b0000b501000000
2208,8aa60100004b0000b601000000
2209,8ba6010050460000b801000000
2210,8ca60100204e0000be01000000
2211,8da60100204e0000bf01000000
2212,8ea60100204e0000bf01000000
2213,8fa60100844e0000c001000000
2214,90a60100844e0000c201000000
2215,91a60100844e0000c201000000
2216,92a60100204e0000bf01000000
2217,93a60100e84e0000c501000000
2218,94a60100000000000000000004
2219,95a6010074590000ca01000000
2220,96a6010074590000cb01000000
2221,97a6010074590000cc01000000
2222,98a601004c4f0000ca01000000
2223,99a601004c4f0000cb01000000
2224,9aa60100000000000000000004
2225,9ba6010078500000d601000000
2226,9ca60100dc5000000500000000
2227,9da60100dc5000000500000000
2228,9ea60100dc500000d801000000
2229,9fa60100dc500000d801000000
2230,a0a6010040510000d901000000
2231,a1a6010040510000da01000000
2232,a2a6010040510000da01000000
2233,a3a6010040510000dc01000002
2234,a4a6010008520000e801000000
2235,a5a6010008520000ea01000000
2236,a6a60100d0520000f101000000
2237,a7a6010034530000f501000000
2238,a8a6010060540000fd01000000
2239,a9a60100dd6c01000102000002
2240,aaa60100285500000502000000
2241,aba60100285500000502000000
2242,aca601008c5500000802000000
2243,ada60100545600000f02000000
2244,aea60100d85900001b02000000
2245,afa60100d85900001b02000000
2246,b0a601003c5a00001d02000000
2247,b1a60100d85900001a02000000
2248,b2a601003c5a00001e02000000
2249,b3a601003c5a00004700000000
2250,b4a60100a06d01002702000000
2251,b5a60100045b00002102000000
2252,b6a60100045b00005500000000
2253,b7a60100685b00002302000000
2254,b8a60100685b00002302000000
2255,b9a60100685b00005801000000
2256,baa60100685b00006a00000000
2257,bba60100685b00006a00000000
2258,bca60100685b00006a00000000
2259,bda60100685b00002502000000
2260,bea60100cc5b00002602000000
2261,bfa60100cc5b00002602000002
2262,c0a60100000000000000000004
2263,c1a60100945c00002e02000000
2264,c2a60100c05d00004802000000
2265,c3a60100c05d00004902000000
2266,c4a60100c05d00004902000000
2267,c5a60100245e00004b02000001
2268,c6a60100245e00004b02000002
2269,c7a60100b47201004d02000000
2270,c8a60100b4720100da00000000
2271,c9a60100b47201002800000000
2272,caa60100b4720100db00000000
2273,cba60100885e00005000000000
2274,cca60100885e00005000000000
2275,cda60100885e00004702000000
2276,cea60100ec5e00001a01000000
2277,cfa60100ec5e00005102000000
2278,d0a60100186000005702000000
2279,d1a60100186000005702000000
2280,d2a60100186000005802000000
2281,d3a60100186000005902000000
2282,d4a60100186000005a02000000
2283,d5a60100904c00006202000000
2284,d6a60100446100007002000000
2285,d7a60100e06000006e02000000
2286,d8a60100a86100007302000000
2287,d9a601000c3000007502000000
2288,daa601000c3000007702000000
2289,dba601000c3000007702000000
2290,dca60100a87401008702000000
2291,dda60100a87401008902000000
2292,dea60100a87401008702000000
2293,dfa601000c6200008c02000000
2294,e0a60100d4750100a102000000
2295,e1a60100d4750100be01000000
2296,e2a60100d4750100be01000000
2297,e3a60100d4750100a202000000
2298,e4a60100f46500008000000000
2299,e5a60100586600009d02000000
2300,e6a60100906500009b02000000
2301,e7a6010020670000ad02000000
2302,e8a6010020670000ad02000000
2303,e9a6010020670000ae02000000
2304,eaa6010084670000b202000000
2305,eba60100e8670000b602000002
2306,eca60100000000000000000003
2307,eda60100000000000000000003
2308,eea601002c780100ca02000000
2309,efa601002c7801000500000000
2310,f0a601002c7801000b00000000
2311,f1a601002c780100cb02000000
2312,f2a601002c780100cb02000001
2313,f3a601002c780100cb02000002
2314,f5a60100e87a0100d802000000
2315,f6a60100e87a01002f02000000
2316,f7a60100e87a01005100000000
2317,f8a60100502d0000d902000000
2318,f9a60100502d0000d902000001
2319,faa60100502d0000d902000002
2320,fba60100512d0000da02000000
2321,fca60100b0680000d402000000
2322,fda60100b0680000cd02000000
2323,fea60100b0680000d702000000
2324,ffa6010058790100de02000001
2325,00a7010058790100de02000001
2326,01a70100dc690000e002000000
2327,02a70100dc690000e102000000
2328,03a70100dc690000e102000000
2329,04a70100dc690000e202000000
2330,05a70100dc690000e202000000
2331,06a70100406a0000e402000000
2332,07a70100406a0000e402000000
2333,08a70100406a0000e402000002
2334,09a70100ac710000e902000000
2335,0aa70100ac710000ea02000000
2336,0ba7010010720000e902000000
2337,0ca7010010720000ed02000000
2338,0da7010010720000ed02000000
2339,0ea70100207a0100f802000000
2340,0fa70100d8720000fc02000000
2341,10a70100d8720000fe02000000
2342,11a701003c730000ff02000000
2343,12a701003c7300000003000000
2344,13a701003c7300000003000000
2345,14a70100307500000d03000000
2346,15a70100947500000703000001
2347,16a70100f87500001a03000000
2348,17a701005c7600001d03000000
2349,18a70100247700002a03000000
2350,19a70100887700002b03000000
2351,1aa70100887700002c03000000
2352,1ba70100887700002c03000000
2353,1ca70100887700002c03000000
2354,1da70100ec7700002503000000
2355,1ea70100b80b00002f03000000
2356,1fa70100b80b00002f03000002
2357,20a70100b80b00002f03000002
2358,21a70100507800003503000000
2359,22a70100507800003503000000
2360,23a70100507800003503000000
2361,24a70100b47800003703000000
2362,25a70100522d00003b03000000
2363,26a70100522d00003b03000000
2364,27a70100f0810100ca00000000
2365,28a70100f08101005000000000
2366,29a70100f08101003a03000000
2367,2aa701007c7900004003000000
2368,2ba70100447a00004403000000
2369,2ca701008c8101004603000000
2370,2da701008c8101004603000000
2371,2ea70100a87a00004903000000
2372,2fa701000c7b00004a03000000
2373,30a701000c7b00004a03000000
2374,31a701000c7b00004b03000000
2375,32a70100000000000000000006
2376,33a70100000000000000000004
2377,34a70100c87d00006a03000000
2378,35a701002c7e00006c03000000
2379,36a701002c7e00006e03000000
2380,37a70100f47e00007303000000
2381,38a70100f47e00007303000000
2382,39a70100587f00006203000000
2383,3aa70100587f00007603000000
2384,3ba70100587f00007603000000
2385,3ca70100b88201007a03000000
2386,3da70100b88201007b03000000
2387,3ea70100b88201007c03000000
2388,3fa70100b88201007c03000000
2389,40a70100b88201007c03000000
2390,41a70100b88201007d03000000
2391,42a70100208000004201000000
2392,43a70100e88000007f03000002
2393,44a70100e48301008803000000
2394,45a70100e48301008603000000
2395,46a70100e48301008703000000
2396,47a701004c8100008c03000000
2397,48a701004c8100008e03000000
2398,49a70100b08100009103000000
2399,4aa70100748501009f01000000
2400,4ba70100748501009f01000000
2401,4ca7010074850100a001000000
2402,4da7010074850100a001000000
2403,4ea70100748501009603000000
2404,4fa70100748501009603000000
2405,50a70100ac8401009703000000
2406,51a70100788200009c03000000
2407,52a70100788200009c03000000
2408,53a70100dc8200009e03000000
2409,54a70100dc8200009e03000000
2410,55a70100dc8200009f03000000
2411,56a70100d8850100b300000000
2412,57a70100d8850100b400000000
2413,58a70100d8850100b500000000
2414,59a70100d8850100b300000000
2415,5aa70100d8850100b400000000
2416,5ba70100d8850100b500000000
2417,5ca70100ac840100a303000000
2418,5da70100ac840100a303000001
2419,5ea70100a4830000a403000000
2420,5fa70100a4830000a403000000
2421,60a7010008840000a903000000
2422,61a7010008840000a903000000
2423,62a701003c860100af03000000
2424,63a70100d0840000b203000000
2425,64a70100348500009002000000
2426,65a70100b8880000bb03000000
2427,66a701001c890000be03000000
2428,67a701001c890000be03000000
2429,68a701001c890000bf03000000
2430,69a701001c890000bf03000000
2431,6aa7010080890000c103000000
2432,6ca70100c2890100cf03000000
2433,6da70100c2890100cf03000000
2434,6ea70100e4890000d203000000
2435,6fa70100e4890000d203000000
2436,70a70100488a0000d703000000
2437,71a70100248a0100db03000000
2438,72a70100248a0100db03000000
2439,73a70100248a0100db03000000
2440,74a70100248a0100dc03000000
2441,75a70100248a0100dc03000000
2442,76a70100248a0100dd03000000
2443,77a70100248a0100dd03000000
2444,78a70100d88b0000e203000000
2445,79a701003c8c0000e403000000
2446,7aa701003c8c0000e503000000
2447,7ba701003c8c0000e503000000
2448,7ca701003c8c0000e603000000
2449,7da7010088900000f503000000
2450,7ea7010088900000f603000000
2451,7fa70100048d0000f903000000
2452,80a70100048d0000fb03000000
2453,81a70100188c0100ad02000000
2454,82a70100188c0100ad02000000
2455,83a70100188c0100ae02000000
2456,84a70100188c0100ae02000000
2457,85a70100188c0100af02000000
2458,86a70100188c0100af02000000
2459,87a701007c8c01000504000000
2460,88a701007c8c01000504000000
2461,8aa70100cc8d0000ff03000000
2462,8ba70100308e00000104000000
2463,8ca70100308e00000204000000
2464,8da70100e08c01009300000000
2465,8ea70100e08c01009300000000
2466,8fa70100e08c01009400000000
2467,90a70100e08c01009400000000
2468,91a70100e08c01009500000000
2469,92a70100e08c01009500000000
2470,93a70100b68401000604000000
2471,94a701005c8f00000804000000
2472,95a701005c8f00000904000000
2473,96a70100c08f00000c04000000
2474,97a701009c8f01001004000000
2475,98a701009c8f01001104000000
2476,99a701009c8f01000f02000000
2477,9aa70100ec9000001504000000
2478,9ba70100ec9000001504000000
2479,9ca70100ec9000001504000000
2480,9da70100509100001e04000000
2481,9ea70100b49100002204000000
2482,9fa70100b49100002204000000
2483,a0a70100189200001c04000002
2484,a1a701007c9200003204000000
2485,a2a701007c9200003204000000
2486,a3a701007c9200008000000000
2487,a4a701007c9200008000000000
2488,a5a70100e0920000cd02000000
2489,a6a70100e09200003604000000
2490,a7a70100000000000000000004
2491,a8a70100000000000000000004
2492,a9a70100909101003d04000000
2493,aaa70100909101003d04000000
2494,aba70100909101003e04000000
2495,aca70100909101003e04000000
2496,ada70100909101003f04000000
2497,aea70100a89300004104000000
2498,afa701000c9400004304000000
2499,b0a701000c9400002d02000000
2500,b1a70100589201004904000000
2501,b2a70100d49400005604000000
2502,b3a70100d49400005804000000
2503,b4a70100f49700004702000000
2504,b5a70100f49700001300000000
2505,b6a70100f49700009300000000
2506,b7a70100b09401005d04000000
2507,b8a70100b09401005e04000000
2508,b9a70100b09401005e04000000
2509,baa70100b09401005e04000000
2510,bba70100b09401005f04000000
2511,bca70100b09401005f04000000
2512,bda70100b80b00006004000000
2513,bea70100c89600006304000000
2514,bfa701002c9700006304000000
2515,c0a701002c9700006404000000
2516,c1a70100409601006b04000000
2517,c2a70100409601006804000000
2518,c3a70100409601006904000000
2519,c4a70100409601006a04000000
2520,c5a70100409601006904000000
2521,c6a70100bc9800006e04000000
2522,c7a70100bc9800005c00000000
2523,c8a70100209900006b00000000
2524,c9a70100209900006b00000000
2525,caa70100849900007204000000
2526,cba70100849301007304000000
2527,cca70100849301003000000000
2528,cda70100e89900002e00000000
2529,cea701004c9a00007c04000000
2530,cfa70100149b00008604000000
2531,d0a70100789b00008804000000
2532,d1a70100789b00008804000000
2533,d2a70100dc9b00008104000000
2534,d3a701006c9701009804000000
2535,d4a701006c9701009904000000
2536,d5a701006c9701009904000000
2537,d6a701006c9701009904000000
2538,d7a701006c9701009b04000000
2539,d8a70100409c00001400000000
2540,d9a70100409c00001400000000
2541,daa70100089d00009f04000000
2542,dba70100089d00009f04000000
2543,dca70100089d0000a004000000
2544,dda70100089d0000a004000000
2545,dea70100089d00000500000000
2546,dfa70100089d00000500000000
2547,e0a70100089d0000a104000000
2548,e1a70100fc980100a604000000
2549,e2a70100fc980100a704000000
2550,e3a70100fc980100a804000000
2551,e4a70100fc980100a604000000
2552,e5a701006c9d0000ad04000000
2553,e6a701006c9d00002b00000000
2554,e7a701006c9d00002b00000000
2555,e8a70100349e00000f01000000
2556,e9a70100d09d0000b104000000
2557,eaa70100d09d0000b104000000
2558,eba70100d09d0000b104000000
2559,eca701008c9a0100b704000000
2560,eda70100000000000000000004
2561,eea70100989e00000501000000
2562,efa70100809c0100c704000000
2563,f0a70100809c0100c704000000
2564,f1a70100809c0100c804000000
2565,f2a70100809c0100c804000000
2566,f3a70100809c0100c904000000
2567,f4a70100809c0100c904000000
2568,f5a701001c9c0100ca04000000
2569,f6a701001c9c0100ca04000000
2570,f7a701001c9c0100ca04000000
2571,f8a70100c49f00000b00000000
2572,f9a70100c49f00000b00000000
2573,faa70100f8a10100d804000000
2574,fba70100f8a10100d904000000
2575,fca70100f8a10100d904000000
2576,fda70100f8a10100da04000000
2577,fea701005ca20100db04000000
2578,ffa701005ca20100db04000000
2579,00a801005ca20100db04000000
2580,01a801005ca20100db04000000
2581,02a8010054a10000e304000000
2582,03a80100e49c0100e804000000
2583,04a80100e49c0100ea04000000
2584,05a80100489d0100ec04000000
2585,06a801003ca50000f304000000
2586,07a801003ca50000f304000000
2587,08a8010074a40000f204000000
2588,0aa8010074a400000100000000
2589,0ba8010074a400000100000000
2590,0ca80100a0a50000f004000000
2591,0da8010088a301000a05000000
2592,0ea80100000000000000000004
2593,0fa8010004a60000ff04000000
2594,10a8010004a60000cd00000000
2595,11a8010004a600000105000000
2596,b1ad01005c1200003a00000000
2597,b2ad0100ac0d00003200000001
2598,b3ad0100740e00002b00000000
2599,b4ad0100a10f00003100000000
2600,b5ad0100d80e00003300000001
2601,b6ad0100d41700004900000000
2602,b7ad0100381800004d00000000
2603,b8ad01004c0400000d00000000
2604,b9ad01004d0400004f00000000
2605,baad0100b00400001200000000
2606,bbad0100001900005300000000
2607,bcad0100011900005400000000
2608,bdad0100c81900005800000000
2609,bead0100a40600002100000000
2610,bfad0100080700002200000000
2611,c0ad0100901a00001a00000000
2612,c1ad0100f41a00006100000000
2613,c2ad0100bc1b00006d00000000
2614,c3ad0100bc1b00001000000000
2615,c4ad0100bf1b00007100000000
2616,c5ad0100bf1b00007000000001
2617,c6ad0100000000000000000004
2618,c7ad01004c1d00007b00000000
2619,c8ad01004c1d00007900000000
2620,c9ad0100641900007700000002
2621,caad0100000000000000000004
2622,cbad0100000000000000000004
2623,ccad0100a41f00008500000000
2624,cdad0100141e00008400000000
2625,cead01006d2000008d00000000
2626,cfad01006e2000008e00000000
2627,d0ad0100b80b00008f00000000
2628,d1ad0100b80b00008f00000000
2629,d2ad0100b80b00008f00000000
2630,d3ad0100d02000009100000001
2631,d4ad0100d02000009100000001
2632,d5ad0100c42200009b00000000
2633,d6ad0100c52200009c00000000
2634,d7ad0100c62200009d00000000
2635,d8ad0100000000000000000004
2636,d9ad01008c230000a200000000
2637,daad01008c230000a400000000
2638,dbad010080250000aa00000000
2639,dcad010080250000aa00000002
2640,ddad0100b82400000500000000
2641,dead0100b8240000ab00000000
2642,dfad01001c250000ad00000000
2643,e0ad01001c250000ad00000000
2644,e1ad0100000000000000000004
2645,e2ad0100000000000000000004
2646,e3ad0100000000000000000004
2647,e4ad0100000000000000000004
2648,e6ad0100d8270000c700000000
2649,e7ad0100d8270000c800000000
2650,e8ad0100000000000000000004
2651,e9ad0100000000000000000008
2652,eaad010069290000d300000000
2653,ebad010068290000d100000000
2654,ecad0100cc290000d500000000
2655,edad0100942a0000da00000000
2656,eead0100962a0000db00000000
2657,efad01005c2b0000dd00000000
2658,f0ad01005c2b0000dd00000002
2659,f1ad0100b80b0000de00000000
2660,f2ad0100000000000000000004
2661,f3ad0100000000000000000004
2662,f4ad0100000000000000000004
2663,f5ad0100000000000000000004
2664,f6ad0100c02b0000e100000000
2665,f7ad0100c02b0000e200000000
2666,f8ad0100242c0000e400000000
2667,f9ad0100252c0000e500000000
2668,faad0100242c0000e300000000
2669,fbad0100882c0000e700000000
2670,fcad0100e02e0000ec00000000
2671,fdad0100442f0000ef00000000
2672,fead0100a82f0000f200000000
2673,ffad0100a82f0000f200000002
2674,00ae0100000000000000000004
2675,01ae0100000000000000000004
2676,02ae0100a82f0000f300000000
2677,03ae0100a82f0000f300000000
2678,04ae0100c8320000f900000000
2679,05ae010059340000fb00000000
2680,06ae0100bc340000fe00000000
2681,07ae0100bc340000fe00000002
2682,08ae01005c1200000201000000
2683,09ae01005c1200000201000000
2684,0aae0100e83500000601000000
2685,0bae0100e93500000701000000
2686,0cae0100e8350000fa00000000
2687,0dae0100e83500000801000000
2688,0eae01004c3600000901000000
2689,0fae0100843500000301000000
2690,10ae01009c1800000a01000000
2691,11ae01009c1800000a01000000
2692,14ae0100000000000000000007
2693,15ae0100000000000000000007
2694,16ae0100000000000000000007
2695,17ae0100000000000000000007
2696,18ae0100000000000000000007
2697,19ae0100000000000000000007
2698,1aae0100000000000000000007
2699,1bae0100000000000000000007
2700,1eae0100000000000000000007
2701,1fae0100000000000000000007
2702,20ae0100000000000000000007
2703,21ae0100000000000000000007
2704,22ae0100000000000000000007
2705,23ae0100000000000000000007
2706,28ae0100000000000000000007
2707,29ae0100000000000000000007
2708,2aae0100000000000000000007
2709,2bae0100000000000000000007
2710,2cae0100000000000000000007
2711,2dae0100000000000000000007
2712,2eae0100000000000000000007
2713,2fae0100000000000000000007
2714,30ae0100000000000000000007
2715,31ae0100000000000000000007
2716,32ae0100000000000000000007
2717,33ae0100000000000000000007
2718,34ae0100000000000000000007
2719,35ae0100000000000000000007
2720,36ae0100000000000000000007
2721,37ae0100000000000000000007
2722,38ae0100000000000000000007
2723,78ae0100b0360000fa00000000
2724,79ae0100b03600000e01000000
2725,7aae0100153700001001000000
2726,7bae010014370000f900000000
2727,7cae0100163700001201000000
2728,7dae0100000000000000000004
2729,7fae0100783700001601000000
2730,80ae0100783700001901000000
2731,81ae0100dc3700001b01000000
2732,82ae0100403800001e01000000
2733,83ae01002c3300002501000000
2734,84ae0100903300002801000001
2735,85ae0100603b00002f01000001
2736,86ae0100fc3a00003001000000
2737,87ae0100fc3a00003001000002
2738,88ae0100000000000000000004
2739,89ae0100000000000000000004
2740,8aae0100000000000000000004
2741,8bae0100000000000000000004
2742,8cae0100000000000000000004
2743,8dae0100000000000000000004
2744,8eae0100603b00003201000000
2745,8fae0100603b00003301000000
2746,90ae0100000000000000000004
2747,91ae0100593400003f01000000
2748,92ae01008c3c00004301000000
2749,93ae01008c3c00007f00000000
2750,94ae01008c3c00004601000000
2751,98ae0100b83d00005201000000
2752,99ae0100b83d00005001000000
2753,9aae01001c3e00005301000000
2754,9bae0100000000000000000004
2755,9cae0100e43e00005a01000000
2756,9dae0100e43e00005b01000000
2757,9eae0100483f00005d01000000
2758,9fae0100ac3f00005f01000000
2759,a0ae0100104000006301000000
2760,a1ae0100104000006501000000
2761,a2ae0100744000006601000000
2762,a3ae0100000000000000000004
2763,a4ae0100086501006b01000000
2764,a5ae01006c6501006e01000000
2765,a6ae0100cc4200007501000000
2766,a7ae0100cc4200007501000002
2767,a8ae01005c1200000201000000
2768,a9ae0100c04400007c01000000
2769,aaae0100244500007d01000000
2770,abae01009c1800000a01000000
2771,acae0100ec4500008201000000
2772,adae0100b44600008801000000
2773,aeae0100000000000000000004
2774,afae0100504600008d01000000
2775,b0ae01007c4700009001000000
2776,b1ae01007c4700009101000000
2777,b2ae01007c4700009301000000
2778,b3ae0100e04700004b01000000
2779,b4ae0100444800009601000000
2780,b5ae0100444800009701000000
2781,b6ae01000c4900009d01000001
2782,b7ae0100a84800009c01000000
2783,b8ae0100000000000000000004
2784,b9ae010070490000a201000000
2785,baae010070490000a601000000
2786,bbae0100d44900004801000000
2787,bcae0100000000000000000004
2788,bdae0100000000000000000004
2789,beae0100000000000000000004
2790,bfae0100000000000000000004
2791,c0ae0100000000000000000004
2792,c1ae0100000000000000000004
2793,c2ae0100000000000000000004
2794,c5ae0100394a0000a801000002
2795,c6ae0100004b00008e01000000
2796,c7ae0100004b0000b701000000
2797,c9ae0100644b0000ba01000002
2798,caae0100204e0000bd01000000
2799,cbae0100844e0000c301000000
2800,ccae0100000000000000000004
2801,cdae01004c4f0000cd01000000
2802,ceae01004c4f0000ce01000000
2803,cfae01004c4f0000cf01000000
2804,d0ae0100b04f0000c901000000
2805,d1ae0100000000000000000004
2806,d2ae0100000000000000000004
2807,d3ae0100000000000000000004
2808,d4ae01001c6a0100e001000000
2809,d5ae01001e6a0100e101000000
2810,d7ae010008520000e701000000
2811,d8ae010008520000eb01000000
2812,d9ae010008520000df01000001
2813,daae010010270000ee01000000
2814,dbae010010270000ee01000000
2815,dcae010010270000ee01000000
2816,ddae0100d0520000f101000000
2817,deae0100d0520000f701000000
2818,dfae010034530000f401000000
2819,e0ae010034530000f501000000
2820,e1ae010034530000f601000000
2821,e2ae010098530000f801000000
2822,e3ae0100502d0000f901000000
2823,e4ae0100502d0000f901000000
2824,e5ae0100502d0000f901000000
2825,e6ae0100fc530000fb01000000
2826,e7ae010060540000f601000000
2827,e8ae010060540000f301000000
2828,e9ae010060540000fe01000000
2829,eaae0100000000000000000004
2830,ebae01008c5500000802000000
2831,ecae0100f05500000d02000000
2832,edae010054560000e400000000
2833,eeae0100545600005300000000
2834,efae0100545600001002000000
2835,f0ae0100b85600001102000002
2836,f1ae0100000000000000000004
2837,f2ae0100000000000000000004
2838,f3ae0100000000000000000004
2839,f4ae0100000000000000000004
2840,f5ae0100000000000000000004
2841,f6ae0100000000000000000004
2842,f7ae0100000000000000000004
2843,fbae0100d85900001a02000000
2844,fcae01003c5a00004700000000
2845,fdae01003c5a00001f02000000
2846,feae0100a05a00002002000002
2847,00af0100a06d01002702000002
2848,01af0100000000000000000004
2849,02af0100685b00002402000000
2850,03af0100685b00005801000000
2851,04af0100000000000000000004
2852,08af0100000000000000000004
2853,09af0100000000000000000004
2854,0aaf0100305c00002a02000000
2855,0baf0100305c00002c02000000
2856,0caf0100945c00002d02000000
2857,0daf0100945c00003102000000
2858,0eaf0100f85c00003202000001
2859,0faf01000c7001003e02000000
2860,10af0100167001003e02000000
2861,11af0100000000000000000004
2862,12af01005c5d00004502000000
2863,13af0100c05d00004402000000
2864,14af0100ec5e00004f02000000
2865,15af0100ec5e00005002000000
2866,16af0100ec5e00005102000000
2867,17af0100ec5e00005202000000
2868,18af0100505f00005302000000
2869,19af0100302a00005e02000000
2870,1aaf0100302a00005e02000000
2871,1baf0100302a00005e02000000
2872,1caf0100b45f00005402000000
2873,1daf0100b45f00005502000000
2874,1eaf0100b45f00005602000000
2875,1faf0100186000005802000000
2876,20af0100186000005b02000000
2877,21af01007c6000005c02000000
2878,22af0100000000000000000004
2879,23af0100904c00005f02000000
2880,24af0100904c00005f02000000
2881,25af0100904c00006102000000
2882,26af0100e06000006f02000000
2883,27af0100446100007002000000
2884,28af0100446100007102000000
2885,29af0100446100007202000000
2886,2aaf0100d43000007c02000000
2887,2faf0100000000000000000004
2888,30af0100000000000000000004
2889,31af0100000000000000000004
2890,32af0100000000000000000004
2891,33af0100000000000000000004
2892,34af0100000000000000000004
2893,35af0100000000000000000004
2894,37af0100000000000000000004
2895,38af0100a87401008a02000000
2896,39af0100a87401008b02000000
2897,3aaf0100a87401008b02000000
2898,3baf01000c6200008c02000000
2899,3caf01000c6200008d02000000
2900,3daf01000c6200008e02000000
2901,3eaf01000c6200009302000000
2902,3faf01009c6300009402000000
2903,40af0100000000000000000004
2904,41af0100d5750100a302000002
2905,42af0100906500009902000000
2906,43af0100906500009a02000000
2907,44af0100906500009b02000000
2908,45af0100586600009e02000000
2909,46af0100586600009f02000000
2910,47af010058660000a002000000
2911,48af0100bc6600009602000000
2912,49af010020670000af02000000
2913,4aaf010084670000b302000000
2914,4baf010084670000b602000000
2915,4caf0100007701003e02000000
2916,4daf0100000000000000000004
2917,4eaf010002770100b702000000
2918,4faf01004c680000cd02000000
2919,50af01004c6800008f02000000
2920,51af010014690000d002000000
2921,52af010014690000d202000000
2922,53af01004c680000cc02000000
2923,54af0100b0680000d602000000
2924,55af0100b0680000cd02000000
2925,56af010078690000d302000000
2926,57af0100000000000000000004
2927,58af0100000000000000000008
2928,59af0100000000000000000008
2929,5aaf0100dc690000e102000000
2930,5baf0100dc690000e202000000
2931,5caf0100dc690000e302000000
2932,5daf0100406a0000e402000000
2933,5eaf0100c46d0000f002000000
2934,5faf010010720000eb02000000
2935,60af010010720000ec02000000
2936,61af010074720000ef02000000
2937,62af010074720000ef02000002
2938,63af0100000000000000000004
2939,64af0100000000000000000004
2940,65af0100000000000000000004
2941,66af0100000000000000000004
2942,67af0100000000000000000004
2943,68af0100000000000000000004
2944,69af0100000000000000000004
2945,6aaf0100000000000000000004
2946,6baf0100000000000000000004
2947,6caf0100000000000000000004
2948,6daf0100207a0100f702000000
2949,6eaf0100207a0100fa02000000
2950,6faf0100000000000000000008
2951,70af01003c7300000103000000
2952,71af01003c7300000203000000
2953,72af0100a07300000303000002
2954,73af0100000000000000000004
2955,74af0100a76d01000503000002
2956,75af0100cc7400000a03000000
2957,76af0100307500000f03000000
2958,77af0100000000000000000004
2959,78af0100f87500001a03000000
2960,79af0100f87500001e03000000
2961,7aaf0100c07600001703000000
2962,7baf0100c48001002303000000
2963,7caf0100000000000000000004
2964,7daf0100247700002803000000
2965,7eaf0100247700002903000000
2966,7faf0100887700002e03000000
2967,80af0100507800003403000000
2968,81af0100b47800003603000000
2969,82af0100b47800003803000000
2970,83af0100187900003203000000
2971,84af0100e07900003903000002
2972,85af01007c7900003f03000000
2973,86af0100447a00004503000000
2974,87af0100000000000000000004
2975,88af0100000000004703000004
2976,89af01000c7b00004c03000000
2977,8aaf01000c7b00004d03000000
2978,8baf0100707b00004f03000000
2979,8caf0100007d00005303000000
2980,8daf0100007d00005603000000
2981,8eaf0100007d00005703000000
2982,90af0100000000000000000004
2983,91af0100000000000000000004
2984,92af0100000000000000000004
2985,93af0100000000000000000004
2986,94af0100000000000000000004
2987,95af0100000000000000000004
2988,96af0100000000000000000004
2989,97af0100000000000000000004
2990,98af0100000000000000000004
2991,99af0100000000000000000004
2992,9aaf0100000000000000000004
2993,9baf0100c87d00006903000000
2994,9caf0100c87d00006a03000000
2995,9daf01002c7e00006b03000000
2996,9eaf01002c7e00006d03000000
2997,9faf01002c7e00006f03000000
2998,a0af0100907e00007003000000
2999,a1af0100a06d01000503000000
3000,a2af0100f47e00007203000000
3001,a3af0100bc7f00007803000000
3002,a4af01001c8301007e03000000
3003,a5af0100000000000000000004
3004,a6af0100208000008003000000
3005,a7af0100208000008203000000
3006,a8af0100e88000007f03000000
3007,a9af0100000000000000000004
3008,aaaf0100000000000000000006
3009,abaf01004c8100008d03000000
3010,acaf0100b08100009203000000
3011,adaf0100788200009b03000000
3012,aeaf010040830000a103000000
3013,afaf0100ac840100a303000000
3014,b0af0100a4830000a603000000
3015,b1af010008840000aa03000000
3016,b2af0100000000000000000004
3017,b3af0100000000000000000004
3018,b4af010034850000b603000000
3019,b5af010034850000b703000000
3020,b6af010098850000b803000001
3021,b7af0100b8880000bb03000000
3022,b8af01001c890000be03000000
3023,b9af01001c890000c003000000
3024,baaf0100000000000000000004
3025,bbaf0100000000000000000004
3026,bcaf0100000000000000000004
3027,bdaf0100000000000000000004
3028,beaf0100000000000000000004
3029,bfaf0100000000000000000004
3030,c0af0100000000000000000004
3031,c1af0100000000000000000004
3032,c2af0100000000000000000004
3033,c3af0100c2890100cf03000000
3034,c4af0100248a0100de03000000
3035,c5af0100000000000000000004
3036,c6af0100000000000000000003
3037,c7af0100a08c0000e803000000
3038,c8af0100508b0100ef03000000
3039,c9af0100000000000000000004
3040,caaf010088900000f403000000
3041,cbaf0100048d0000f703000000
3042,ccaf0100048d0000fa03000000
3043,cdaf0100688d0000fc03000000
3044,cfaf0100308e00000004000000
3045,d0af0100948e00000404000000
3046,d1af01005c8f00000704000000
3047,d2af0100c08f00000a04000000
3048,d3af0100c08f00000d04000000
3049,d4af0100249000000e04000000
3050,d6af0100388f01001204000000
3051,d7af0100000000000000000004
3052,d8af0100000000000000000004
3053,d9af0100ec9000001404000000
3054,daaf0100ec9000001604000000
3055,dbaf0100649600001904000000
3056,dcaf0100b49100002304000000
3057,ddaf0100b49100002004000000
3058,deaf0100000000000000000004
3059,dfaf0100000000000000000004
3060,e0af0100000000000000000004
3061,e1af0100000000000000000004
3062,e2af0100000000000000000004
3063,e3af0100000000000000000004
3064,e4af0100000000000000000004
3065,e5af0100000000000000000004
3066,e6af0100000000000000000004
3067,e7af0100000000000000000004
3068,e8af01007c9200003104000000
3069,e9af0100e09200003604000002
3070,eaaf0100000000000000000004
3071,ebaf0100000000000000000003
3072,ecaf0100a89300005002000000
3073,edaf01000c9400004304000000
3074,eeaf01000c9400004504000000
3075,efaf0100709400004604000000
3076,f1af0100bc9201004d04000000
3077,f2af0100000000000000000004
3078,f3af0100d49400005904000000
3079,f4af0100009600005c04000000
3080,f5af0100b09401005d04000000
3081,f6af0100b80b00006004000001
3082,f7af0100c89600006104000000
3083,f8af0100c89600006204000000
3084,f9af01002c9700006504000000
3085,faaf01002c9700006604000000
3086,fbaf0100909700006704000000
3087,fcaf0100409601006804000000
3088,fdaf0100bc9800007104000000
3089,feaf0100209900007004000000
3090,ffaf0100000000000000000004
3091,00b00100e89900007a04000000
3092,01b00100149b00008504000000
3093,02b00100789b00008704000000
3094,03b00100789b00008d01000000
3095,04b00100789b00008904000000
3096,05b00100000000000000000004
3097,06b00100000000000000000004
3098,07b00100000000000000000004
3099,08b00100000000000000000004
3100,09b00100000000000000000004
3101,0ab00100000000000000000004
3102,0bb00100000000000000000004
3103,0cb00100000000000000000004
3104,0db00100000000000000000004
3105,0eb001006c9701009a04000000
3106,0fb001006c9701009b04000000
3107,10b00100000000000000000004
3108,11b00100409c00001400000000
3109,12b00100089d00009f04000000
3110,13b00100000000000000000004
3111,14b00100000000000000000003
3112,16b001006c9d00002b00000000
3113,17b001008c9a0100b804000000
3114,18b001008c9a0100b904000000
3115,19b00100000000000000000004
3116,1ab00100989e0000c104000000
3117,1bb00100989e00000501000000
3118,1cb00100989e0000bf04000002
3119,1db001001c9c0100ca04000000
3120,1eb0010028a00000d604000000
3121,1fb0010028a00000d704000000
3122,20b00100c49f0000d504000000
3123,21b001008ca00000d204000000
3124,22b00100609f0000be04000000
3125,23b0010054a10000e504000000
3126,24b00100b8a10000e104000000
3127,25b00100ac9d0100ee04000000
3128,26b00100000000000000000004
3129,27b001003ca50000f504000000
3130,28b00100a0a50000f004000000
3131,29b00100000000000000000004
3132,2ab00100000000000000000004
3133,2bb00100000000000000000004
3134,2cb00100000000000000000004
3135,2db00100000000000000000004
3136,2eb00100000000000000000004
3137,2fb00100000000000000000004
3138,30b00100000000000000000004
3139,31b00100000000000000000004
3140,32b0010088a301000d05000000
3141,33b00100000000000000000004
3142,34b00100cca600000405000000
