idx,hex,i32_0
0,6f170000,5999
1,61240000,9313
2,0b270000,9995
3,0c270000,9996
4,0d270000,9997
5,0e270000,9998
6,0f270000,9999
7,f32a0000,10995
8,f72a0000,10999
9,df2e0000,11999
10,c7320000,12999
11,af360000,13999
12,973a0000,14999
13,7f3e0000,15999
14,67420000,16999
15,4f460000,17999
16,374a0000,18999
17,1f4e0000,19999
18,06520000,20998
19,a7610000,24999
20,8f650000,25999
21,14ae0100,110100
22,15ae0100,110101
23,16ae0100,110102
24,17ae0100,110103
25,18ae0100,110104
26,19ae0100,110105
27,1aae0100,110106
28,1bae0100,110107
