uid,level,type,type_label,target,limit_id,value,flag,target_name,limit_name
10001,30,1,mob,69,6100,50,0,ซาวารัน,ยอดเขาโลกันต์ A1
10002,30,1,mob,75,6100,50,0,ผีเสื้อเพลิง,ยอดเขาโลกันต์ A1
10003,30,1,mob,74,6100,50,0,เรดเจลลี่,ยอดเขาโลกันต์ A1
10004,30,1,mob,84,6400,50,0,หนังสือปีศาจ,เมืองสคาโร: A1
10005,30,1,mob,83,6400,50,0,เดธฮาวด์,เมืองสคาโร: A1
10006,30,1,mob,85,6600,50,0,เอลิซาร์ด,เขตแดนแห่งความสับสน
10007,30,1,mob,86,6600,50,0,ริสเบลค์,เขตแดนแห่งความสับสน
10008,30,1,mob,65,6600,50,0,รูติน,เขตแดนแห่งความสับสน
10009,30,1,mob,116,7300,50,0,โปว่า,หุบเขาโลโนโก้
10010,30,1,mob,127,8000,50,0,ร็อคเซลาส,ที่ราบดาร์คานอน
10011,30,1,mob,128,8000,50,0,โปโจ,ที่ราบดาร์คานอน
10012,40,1,mob,44,3700,3,0,เห็ดดำ,ช่องแคบเคาส์
10013,40,1,mob,95,6800,50,0,ปลาสิงโตเลเบ,ถ้ำลูทารอส: ทางเข้า
10014,40,1,mob,93,6800,50,0,สโตนโซลเดอร์,ถ้ำลูทารอส: ทางเข้า
10015,40,1,mob,111,7100,50,0,ปีศาจทหาร,ปราสาทจันทรา
10016,40,1,mob,109,7100,50,0,หุ่นเชิดนักดาบ,ปราสาทจันทรา
10017,40,1,mob,110,7100,50,0,หุ่นเชิดจอมเวท,ปราสาทจันทรา
10018,40,1,mob,16,7100,50,0,สโตน,ปราสาทจันทรา
10019,40,1,mob,117,7400,50,0,ราเทีย,ลุ่มน้ำคอร์ดา
10020,40,1,mob,122,7500,50,0,ก็อบลินกลายพันธุ์,ปล่องภูเขาไฟซาฮาม
10021,40,1,mob,124,7500,50,0,ออร์ค,ปล่องภูเขาไฟซาฮาม
10022,40,1,mob,135,8100,50,0,ฟอกซ์เกอร์,ที่ราบสูงเซนเทริโอ
10023,40,1,mob,134,8100,50,0,แซนด์บรอช,ที่ราบสูงเซนเทริโอ
10024,40,1,mob,136,8200,50,0,คิโดร่า,เนินเขาฮาร์เด
10025,40,1,mob,137,8200,50,0,ซาริเฟน,เนินเขาฮาร์เด
10026,40,1,mob,138,8200,50,0,เบอร์รี่โปมัม,เนินเขาฮาร์เด
10027,40,1,mob,139,8300,50,0,สคูเร็ต,สุสานจักรพรรดินียุคโบราณ: A1
10028,40,1,mob,140,8300,50,0,แบล็คเจลลี่,สุสานจักรพรรดินียุคโบราณ: A1
10029,40,1,mob,147,8500,50,0,ผึ้งบุปผา,เขตการปกครองฟิโก
10030,40,1,mob,148,8500,50,0,เมปุส,เขตการปกครองฟิโก
10031,40,1,mob,149,8500,50,0,หุ่นไล่กาจอมทำลาย,เขตการปกครองฟิโก
10032,40,1,mob,158,8800,50,0,เดธซอมบีทส์,หอรบเอทอส
10033,40,1,mob,159,8800,50,0,ฟลายอิ้งควอทซ์,หอรบเอทอส
10034,40,1,mob,162,9100,50,0,กลาซ,เขตแดนฟาบิโซ
10035,40,1,mob,163,9100,50,0,ราโม่,เขตแดนฟาบิโซ
10036,40,1,mob,164,9100,50,0,บาซอลท์,เขตแดนฟาบิโซ
10037,50,1,mob,68,4200,3,0,ทอร์ทูก้า,ทะเลสาบอิคูล
10038,50,1,mob,35,4000,3,0,มิราเคิลโปทัม,วัดที่ล่มสลาย: แอเรีย 1
10039,50,1,mob,150,8600,50,0,นกเค้าแมว,ที่ดินทำกินในเขตการปกครอง: แอเรีย 1
10040,50,1,mob,128,8600,50,0,โปโจ,ที่ดินทำกินในเขตการปกครอง: แอเรีย 1
10041,50,1,mob,152,8600,50,0,ไลม์โปทัม,ที่ดินทำกินในเขตการปกครอง: แอเรีย 1
10042,50,1,mob,155,8900,50,0,สุภาพบุรุษเงา,เมืองที่หายไป
10043,50,1,mob,156,8900,50,0,สุนัขปรสิต,เมืองที่หายไป
10044,50,1,mob,165,9200,50,0,โคลอนซอมบี้,ดินแดนผุพังวีเชด: แอเรีย 1
10045,50,1,mob,166,9200,50,0,นัยน์ตาปีศาจ,ดินแดนผุพังวีเชด: แอเรีย 1
10046,50,1,mob,167,9200,50,0,เห็ดมอส,ดินแดนผุพังวีเชด: แอเรีย 1
10047,50,1,mob,5,9400,50,0,คิจิมู,ทางไปต่างพิภพ: แอเรีย 1
10048,50,1,mob,171,9400,50,0,แอสทรอน,ทางไปต่างพิภพ: แอเรีย 1
10049,50,1,mob,172,9400,50,0,ไวท์เจลลี่,ทางไปต่างพิภพ: แอเรีย 1
10050,50,1,mob,179,10000,50,0,ชีโปริส,ไมอาดีล่า
10051,50,1,mob,180,10000,50,0,ฮาเนทามะ,ไมอาดีล่า
10052,50,1,mob,181,10000,50,0,กิรี่,ไมอาดีล่า
10053,50,1,mob,202,10400,50,0,ทิวลิน,ที่ราบไร้จุดหมาย
10054,50,1,mob,203,10400,50,0,เกิร์ก,ที่ราบไร้จุดหมาย
10055,50,1,mob,80,10400,50,0,โคริน,ที่ราบไร้จุดหมาย
10056,60,1,mob,64,4300,3,0,ไจแอนท์โบอา,ภูเขานิเซล
10057,60,1,mob,87,6300,3,0,โครินยักษ์,หมู่บ้านโดเซ่
10058,60,1,mob,173,9500,50,0,เพลนเฮด,ประตูต่างพิภพ: แอเรีย 1
10059,60,1,mob,174,9500,50,0,โกว์เรย์,ประตูต่างพิภพ: แอเรีย 1
10060,60,1,mob,182,10100,50,0,มิราเกล่า,เนินกรวด
10061,60,1,mob,183,10100,50,0,มิวเต้,เนินกรวด
10062,60,1,mob,184,10100,50,0,แมงป่องหิน,เนินกรวด
10063,60,1,mob,204,10200,50,0,คิลิซนาร์,ทะเลทรายอาคาร์ค: แอเรีย 1
10064,60,1,mob,197,10200,50,0,แซนด์แองเกลอร์ ,ทะเลทรายอาคาร์ค: แอเรีย 1
10065,60,1,mob,198,10200,50,0,มัดบรอช,ทะเลทรายอาคาร์ค: แอเรีย 1
10066,60,1,mob,205,10500,50,0,ยูล่า,เนินเขาเทียอัส
10067,60,1,mob,206,11500,50,0,เซอร์เพน,เนินเขาเทียอัส: พื้นที่ชุ่มน้ำ
10068,60,1,mob,207,11500,50,0,กลิซ,เนินเขาเทียอัส: พื้นที่ชุ่มน้ำ
10069,60,1,mob,106,10500,50,0,คิโนเต้,เนินเขาเทียอัส
10070,60,1,mob,214,10800,50,0,ฟิเมร่า,หุบเขาดุงเคล
10071,60,1,mob,215,10800,50,0,รอปเปิ้ล,หุบเขาดุงเคล
10072,60,1,mob,216,10800,50,0,โคซ่า,หุบเขาดุงเคล
10073,60,1,mob,225,11200,50,0,เคนเดร่า,คาลมอลต์
10074,60,1,mob,226,11200,50,0,โกสต์โปทัม,คาลมอลต์
10075,60,1,mob,233,12000,50,0,เยติ,หุบเขาน้ำแข็งพอลเด้
10076,60,1,mob,234,12000,50,0,แรฟบี้,หุบเขาน้ำแข็งพอลเด้
10077,60,1,mob,236,12000,50,0,มิลค์โปทัม,หุบเขาน้ำแข็งพอลเด้
10078,70,1,mob,175,9500,3,0,หมาป่าต่างพิภพ,ประตูต่างพิภพ: แอเรีย 1
10079,70,1,mob,101,6700,3,0,อาร์คอยริส,ที่ราบสูงโยร์
10080,70,1,mob,211,10600,50,0,นาฬิกาต้องสาป,เขตกำจัดขยะเวทมนตร์: แอเรีย 1
10081,70,1,mob,212,10600,50,0,ดัสตอน,เขตกำจัดขยะเวทมนตร์: แอเรีย 1
10082,70,1,mob,208,10600,50,0,กูน,เขตกำจัดขยะเวทมนตร์: แอเรีย 1
10083,70,1,mob,209,10600,50,0,ออเร้นจ์เจลลี่,เขตกำจัดขยะเวทมนตร์: แอเรีย 1
10084,70,1,mob,210,10600,50,0,มิวริน,เขตกำจัดขยะเวทมนตร์: แอเรีย 1
10085,70,1,mob,217,10900,50,0,ทาร์ก้า,นรกไม่หวนกลับ: แอเรีย 1
10086,70,1,mob,218,10900,50,0,เชลล์คราเคน,นรกไม่หวนกลับ: แอเรีย 1
10087,70,1,mob,219,10900,50,0,กรัมป์,นรกไม่หวนกลับ: แอเรีย 1
10088,70,1,mob,40,10900,50,0,แพลนต้า,นรกไม่หวนกลับ: แอเรีย 1
10089,70,1,mob,228,11300,50,0,โซลรีปเปอร์,ภูเขาลูนาเฮนเต้: แอเรีย 1
10090,70,1,mob,229,11300,50,0,แฮงก์เกอร์มัมมี่,ภูเขาลูนาเฮนเต้: แอเรีย 1
10091,70,1,mob,230,11300,50,0,โนวาร์เนมิโก,ภูเขาลูนาเฮนเต้: แอเรีย 1
10092,70,1,mob,227,11300,50,0,โฟบอส,ภูเขาลูนาเฮนเต้: แอเรีย 1
10093,70,1,mob,249,13000,50,0,นักสู้ปรสิต,ทุ่งหญ้ารกร้างอันมืดมิด
10094,70,1,mob,250,13000,50,0,อัศวินปรสิต,ทุ่งหญ้ารกร้างอันมืดมิด
10095,70,1,mob,156,13000,50,0,สุนัขปรสิต,ทุ่งหญ้ารกร้างอันมืดมิด
10096,70,1,mob,226,13600,50,0,โกสต์โปทัม,สวนแห่งการเริ่มต้น
10097,70,1,mob,260,13700,50,0,ฮีทพัฟเฟอร์,กระจกแห่งความมืด
10098,70,1,mob,261,13700,50,0,ซันนิออน,กระจกแห่งความมืด
10099,70,1,mob,249,13700,50,0,นักสู้ปรสิต,กระจกแห่งความมืด
10100,70,1,mob,267,14000,50,0,บลูม,แม่น้ำอนธการ
10101,70,1,mob,268,14000,50,0,แรบบิทซัมมอน,แม่น้ำอนธการ
10102,70,1,mob,269,14000,50,0,เห็ดปรสิต,แม่น้ำอนธการ
10103,70,1,mob,250,14000,50,0,อัศวินปรสิต,แม่น้ำอนธการ
10104,80,1,mob,113,7100,3,0,มูนไลท์โปทัม,ปราสาทจันทรา
10105,80,1,mob,125,7500,3,0,ไจแอนท์ไนท์,ปล่องภูเขาไฟซาฮาม
10106,80,1,mob,238,12100,50,0,ปอน,ป้อมปราการโซลฟินี: กำแพง
10107,80,1,mob,13,12100,50,0,สเกลตัน,ป้อมปราการโซลฟินี: กำแพง
10108,80,1,mob,7,12100,50,0,ก็อบลิน,ป้อมปราการโซลฟินี: กำแพง
10109,80,1,mob,239,12100,50,0,ฟรอสตี้,ป้อมปราการโซลฟินี: กำแพง
10110,80,1,mob,251,13400,50,0,จีเวลอาย,น้ำพุแห่งการเกิดใหม่: ด้านล่าง
10111,80,1,mob,252,13400,50,0,ฟินเพน,น้ำพุแห่งการเกิดใหม่: ด้านล่าง
10112,80,1,mob,262,13800,50,0,โคดามะ,สวนสู่โลกเบื้องบน: แอเรีย 1
10113,80,1,mob,263,13800,50,0,อราเมีย,สวนสู่โลกเบื้องบน: แอเรีย 1
10114,80,1,mob,249,13800,50,0,นักสู้ปรสิต,สวนสู่โลกเบื้องบน: แอเรีย 1
10115,80,1,mob,250,13800,50,0,อัศวินปรสิต,สวนสู่โลกเบื้องบน: แอเรีย 1
10116,80,1,mob,264,13800,50,0,เครซี่โรอา,สวนสู่โลกเบื้องบน: แอเรีย 1
10117,80,1,mob,271,14100,50,0,เปโคล่า,จุดกำเนิดแห่งนักรบ: ทางเข้า
10118,80,1,mob,272,14100,50,0,โมซิกซ์,จุดกำเนิดแห่งนักรบ: ทางเข้า
10119,80,1,mob,273,14100,50,0,แรบบิทเพชฌฆาต,จุดกำเนิดแห่งนักรบ: ทางเข้า
10120,80,1,mob,282,14300,50,0,หนวดประหลาด,พลาสทิด้า: แอเรีย 1
10121,80,1,mob,283,14300,50,0,คริสตัลบินได้,พลาสทิด้า: แอเรีย 1
10122,80,1,mob,284,14300,50,0,ไร้ลักษณ์พเนจร,พลาสทิด้า: แอเรีย 1
10123,80,1,mob,285,14300,50,0,แมงกะพรุนสูบชีวิต,พลาสทิด้า: แอเรีย 1
10124,80,1,mob,298,15100,50,0,มนุษย์จักรกล,แนวป้องกันตั้งรับอัตโนมัติ
10125,80,1,mob,299,15100,50,0,ออร์นิสมนุษย์จักรกล,แนวป้องกันตั้งรับอัตโนมัติ
10126,80,1,mob,203,15100,50,0,เกิร์ก,แนวป้องกันตั้งรับอัตโนมัติ
10127,80,1,mob,212,15400,50,0,ดัสตอน,คาสเปสรัม
10128,80,1,mob,320,15400,50,0,โทแรท,คาสเปสรัม
10129,80,1,mob,321,15400,50,0,สลัมโปทัม,คาสเปสรัม
10130,90,1,mob,144,8300,3,0,ยูยูริน,สุสานจักรพรรดินียุคโบราณ: A1
10131,90,1,mob,154,8000,3,0,แรคคูนจอมโหด,ที่ราบดาร์คานอน
10132,90,1,mob,278,14200,50,0,กลาดิเอเตอร์ปรสิต,คฤหาสน์แห่งความมืด: แอเรีย 1
10133,90,1,mob,279,14200,50,0,นักรบโล่ปรสิต,คฤหาสน์แห่งความมืด: แอเรีย 1
10134,90,1,mob,280,14200,50,0,ตำราเวทแห่งความมืด,คฤหาสน์แห่งความมืด: แอเรีย 1
10135,90,1,mob,289,13100,50,0,แมนทิสคอร์,ปราสาทแห่งความมืด: แอเรีย 1
10136,90,1,mob,290,13100,50,0,นักรบองครักษ์ปรสิต,ปราสาทแห่งความมืด: แอเรีย 1
10137,90,1,mob,291,13100,50,0,อัศวินองครักษ์ปรสิต,ปราสาทแห่งความมืด: แอเรีย 1
10138,90,1,mob,292,13100,50,0,แชโดว์ฟลาย,ปราสาทแห่งความมืด: แอเรีย 1
10139,90,1,mob,293,13100,50,0,นักรบหุ่นเชิด,ปราสาทแห่งความมืด: แอเรีย 1
10140,90,1,mob,294,13100,50,0,อัศวินหุ่นเชิด,ปราสาทแห่งความมืด: แอเรีย 1
10141,90,1,mob,301,15200,50,0,มดเปลวไฟ,หุบเขาร้อนระอุ: พื้นโลก
10142,90,1,mob,306,15200,50,0,ซาฟัลด์,หุบเขาร้อนระอุ: พื้นโลก
10143,90,1,mob,322,15500,50,0,ออคทาเรย์,โบราณสถานซินโกเรย์: ชั้นที่ 1
10144,90,1,mob,323,15500,50,0,ดาบเวทต้องสาป,โบราณสถานซินโกเรย์: ชั้นที่ 1
10145,90,1,mob,127,15500,50,0,ร็อคเซลาส,โบราณสถานซินโกเรย์: ชั้นที่ 1
10146,90,1,mob,324,15500,50,0,เคปเรท,โบราณสถานซินโกเรย์: ชั้นที่ 1
10147,90,1,mob,333,15700,50,0,มัดดี้โนม,สถานที่พบซีมแคร็กเกอร์
10148,90,1,mob,334,15700,50,0,กาโจ,สถานที่พบซีมแคร็กเกอร์
10149,90,1,mob,147,15700,50,0,ผึ้งบุปผา,สถานที่พบซีมแคร็กเกอร์
10150,90,1,mob,343,16000,50,0,เพลนท์มาคินา,ที่กำจัดขยะเปริโกร
10151,90,1,mob,106,16000,50,0,คิโนเต้,ที่กำจัดขยะเปริโกร
10152,90,1,mob,344,16000,50,0,เปทัล,ที่กำจัดขยะเปริโกร
10153,100,1,mob,200,10200,3,0,แมงป่องเหล็ก,ทะเลทรายอาคาร์ค: แอเรีย 1
10154,100,1,mob,160,8900,3,0,สุภาพบุรุษเรืองแสง,เมืองที่หายไป
10155,100,1,mob,176,9200,3,0,เดธโคลอน,ดินแดนผุพังวีเชด: แอเรีย 1
10156,100,1,mob,335,15800,50,0,โกเล็มประดิษฐ์,โรงงานคริสตายักษ์: ชั้นที่ 1
10157,100,1,mob,336,15800,50,0,มนุษย์จักรกลคัสทอส,โรงงานคริสตายักษ์: ชั้นที่ 1
10158,100,1,mob,337,15800,50,0,นาฬิการักษาการณ์,โรงงานคริสตายักษ์: ชั้นที่ 1
10159,100,1,mob,345,16100,50,0,ออร์ต้ามาคินา,โรงงานมนุษย์จักรกลขนาดเล็ก: แอเรีย 1
10160,100,1,mob,346,16100,50,0,ฟิสมาคินา,โรงงานมนุษย์จักรกลขนาดเล็ก: แอเรีย 1
10161,100,1,mob,347,16100,50,0,รูกอสเดมิมาคินา,โรงงานมนุษย์จักรกลขนาดเล็ก: แอเรีย 1
10162,100,1,mob,351,16300,50,0,เมคลิตเติ้ลโบอา,หุบเขาลึกซีเกีย
10163,100,1,mob,352,16300,50,0,เดมิออร์ค,หุบเขาลึกซีเกีย
10164,100,1,mob,353,16300,50,0,คอฟฟี่เจลลี่,หุบเขาลึกซีเกีย
10165,100,1,mob,354,16400,50,0,เลดอนมาคินา,โรงงานมนุษย์จักรกลขนาดใหญ่: แอเรีย 1
10166,100,1,mob,355,16400,50,0,ฮอร์นมาคินา,โรงงานมนุษย์จักรกลขนาดใหญ่: แอเรีย 1
10167,100,1,mob,356,16400,50,0,โกเล็มการ์ด,โรงงานมนุษย์จักรกลขนาดใหญ่: แอเรีย 1
10168,100,1,mob,375,17500,50,0,เอิร์ลโคลอน,คฤหาสน์รูเฟนาส: สวน
10169,100,1,mob,376,17500,50,0,ไทกริสมาคินา,คฤหาสน์รูเฟนาส: สวน
10170,100,1,mob,377,17500,50,0,กองหน้าไลอาร์ค,คฤหาสน์รูเฟนาส: สวน
10171,100,1,mob,384,17800,50,0,คิลเลอร์เม้าส์,ทางน้ำใต้ดินอัลทิเมีย: ทิศตะวันออก
10172,100,1,mob,385,17800,50,0,เอนเนอจี้ควอทซ์,ทางน้ำใต้ดินอัลทิเมีย: ทิศตะวันออก
10173,100,1,mob,82,17800,50,0,โซลเดอร์แรท,ทางน้ำใต้ดินอัลทิเมีย: ทิศตะวันออก
10174,100,1,mob,386,17900,50,0,ซิงกิ้งอาย,ทางน้ำใต้ดินอัลทิเมีย: ทิศตะวันออกเฉียงใต้
10175,100,1,mob,387,17900,50,0,อันเดอร์กราวเนมิโก,ทางน้ำใต้ดินอัลทิเมีย: ทิศตะวันออกเฉียงใต้
10176,100,1,mob,388,17900,50,0,เกรปเจลลี่,ทางน้ำใต้ดินอัลทิเมีย: ทิศตะวันออกเฉียงใต้
10177,110,1,mob,220,10900,3,0,แกรนนี่,นรกไม่หวนกลับ: แอเรีย 1
10178,110,1,mob,232,10400,3,0,กรีเล,ที่ราบไร้จุดหมาย
10179,110,1,mob,237,12000,3,0,ดอนเยติ,หุบเขาน้ำแข็งพอลเด้
10180,110,1,mob,369,17000,50,0,เห็ดสนธยา,ป่าปีศาจ: ทางแห่งหมอก
10181,110,1,mob,370,17000,50,0,โอล์ซาร์ด,ป่าปีศาจ: ทางแห่งหมอก
10182,110,1,mob,371,17000,50,0,เปคอล์ส,ป่าปีศาจ: ทางแห่งหมอก
10183,110,1,mob,253,17000,50,0,เนเพนท์,ป่าปีศาจ: ทางแห่งหมอก
10184,110,1,mob,378,17600,50,0,พัพเพตดราก้อน,คฤหาสน์รูเฟนาส: ทางเข้า
10185,110,1,mob,379,17600,50,0,แอสซอลท์โกเล็ม,คฤหาสน์รูเฟนาส: ทางเข้า
10186,110,1,mob,377,17600,50,0,กองหน้าไลอาร์ค,คฤหาสน์รูเฟนาส: ทางเข้า
10187,110,1,mob,389,18100,50,0,มิสเทรี่พอต,ศูนย์วิจัยบราช: อาคาร 1
10188,110,1,mob,390,18100,50,0,นิฟมาคินา,ศูนย์วิจัยบราช: อาคาร 1
10189,110,1,mob,391,18100,50,0,ทหารพิเศษไลอาร์ค,ศูนย์วิจัยบราช: อาคาร 1
10190,110,1,mob,392,18100,50,0,รีเทนเนอร์ดอล,ศูนย์วิจัยบราช: อาคาร 1
10191,110,1,mob,393,18100,50,0,แมงมุมปรสิต,ศูนย์วิจัยบราช: อาคาร 1
10192,110,1,mob,394,18100,50,0,ไบโอลันซ์เชอร์,ศูนย์วิจัยบราช: อาคาร 1
10193,110,1,mob,386,18100,50,0,ซิงกิ้งอาย,ศูนย์วิจัยบราช: อาคาร 1
10194,110,1,mob,397,18000,50,0,สเควอเนล,ทางน้ำใต้ดินอัลทิเมีย: ทิศใต้
10195,110,1,mob,398,18000,50,0,ไมน์ดิกเกอร์,ทางน้ำใต้ดินอัลทิเมีย: ทิศใต้
10196,110,1,mob,399,18000,50,0,เวนอมซ์,ทางน้ำใต้ดินอัลทิเมีย: ทิศใต้
10197,110,1,mob,406,18500,50,0,อิกนิสโกเล็ม,เมืองอัลทิเมีย: บนหลังคา
10198,110,1,mob,407,18500,50,0,เปทาร์มา,เมืองอัลทิเมีย: บนหลังคา
10199,110,1,mob,408,18500,50,0,เดธมีเดีย,เมืองอัลทิเมีย: บนหลังคา
10200,110,1,mob,415,19100,50,0,ยังพอร์,อ่างเก็บน้ำโคเปีย
10201,110,1,mob,416,19100,50,0,พอนดสเนค,อ่างเก็บน้ำโคเปีย
10202,110,1,mob,417,19100,50,0,แมวโคเปีย,อ่างเก็บน้ำโคเปีย
10203,110,1,mob,445,20000,50,0,มอลเมต,ทุ่งหญ้าโทลบาส
10204,110,1,mob,446,20000,50,0,ลันแบท,ทุ่งหญ้าโทลบาส
10205,110,1,mob,447,20000,50,0,ฮีลลิลี,ทุ่งหญ้าโทลบาส
10206,120,1,mob,256,13600,3,0,ไนท์แมร์โปทัม,สวนแห่งการเริ่มต้น
10207,120,1,mob,319,13400,3,0,คุณพ่อฟินเพน,น้ำพุแห่งการเกิดใหม่: ด้านล่าง
10208,120,1,mob,270,14000,3,0,ลาปินเนโครแมนเซอร์,แม่น้ำอนธการ
10209,120,1,mob,400,18300,50,0,ทหารจักรกลไลอาร์ค,คุกเกอร์โว่: ชั้น 1
10210,120,1,mob,401,18300,50,0,ทอยโบล์ก,คุกเกอร์โว่: ชั้น 1
10211,120,1,mob,402,18300,50,0,ผู้คุมเรือนจําไลอาร์ค,คุกเกอร์โว่: ชั้น 1
10212,120,1,mob,403,18300,50,0,ผีในเรือนจำ,คุกเกอร์โว่: ชั้น 1
10213,120,1,mob,409,18600,50,0,แคนนอนโกเล็ม,บริเวณจตุรัสโดรม่า: แอเรีย 1
10214,120,1,mob,410,18600,50,0,โวโล,บริเวณจตุรัสโดรม่า: แอเรีย 1
10215,120,1,mob,411,18600,50,0,นักสู้ไลอาร์ค,บริเวณจตุรัสโดรม่า: แอเรีย 1
10216,120,1,mob,408,18600,50,0,เดธมีเดีย,บริเวณจตุรัสโดรม่า: แอเรีย 1
10217,120,1,mob,418,18800,50,0,สตาวรอสมาคินา,วังอัลทิเมีย: บริเวณคลังเก็บของ 1
10218,120,1,mob,419,18800,50,0,วีลมาคินา,วังอัลทิเมีย: บริเวณคลังเก็บของ 1
10219,120,1,mob,420,18800,50,0,ทหารป้องกันไลอาร์ค,วังอัลทิเมีย: บริเวณคลังเก็บของ 1
10220,120,1,mob,421,18800,50,0,ไฮไทกริส,วังอัลทิเมีย: บริเวณคลังเก็บของ 1
10221,120,1,mob,437,19200,50,0,ลอสต์มาคินา,เบรีทาวเวอร์: ส่วนยอดของสิ่งที่พังทลาย
10222,120,1,mob,398,19200,50,0,ไมน์ดิกเกอร์,เบรีทาวเวอร์: ส่วนยอดของสิ่งที่พังทลาย
10223,120,1,mob,438,19200,50,0,กัลดอน,เบรีทาวเวอร์: ส่วนยอดของสิ่งที่พังทลาย
10224,120,1,mob,458,22900,50,0,เทฮอน,ป่าคูรอนเน่: ทิศตะวันออก
10225,120,1,mob,459,22900,50,0,บีลีด,ป่าคูรอนเน่: ทิศตะวันออก
10226,120,1,mob,460,22900,50,0,กรีส,ป่าคูรอนเน่: ทิศตะวันออก
10227,120,1,mob,470,20600,50,0,ไทลูล,ภูเขามิสลูนา: ทางเข้า
10228,120,1,mob,333,20600,50,0,มัดดี้โนม,ภูเขามิสลูนา: ทางเข้า
10229,120,1,mob,471,20600,50,0,เทโนเบิลพาส,ภูเขามิสลูนา: ทางเข้า
10230,120,1,mob,5,20700,50,0,คิจิมู,ทุ่งราบโลโคโค
10231,120,1,mob,472,20700,50,0,รีดเดิลโคลอน,ทุ่งราบโลโคโค
10232,120,1,mob,471,20700,50,0,เทโนเบิลพาส,ทุ่งราบโลโคโค
10233,130,1,mob,281,14200,3,0,หัวหน้าอัศวินปรสิต,คฤหาสน์แห่งความมืด: แอเรีย 1
10234,130,1,mob,308,15200,3,0,ซาลาแมนเดอร์,หุบเขาร้อนระอุ: พื้นโลก
10235,130,1,mob,326,15500,3,0,ดาบเวทปีศาจ,โบราณสถานซินโกเรย์: ชั้นที่ 1
10236,130,1,mob,445,20100,50,0,มอลเมต,เหมืองทัวร์นัส: แอเรีย 1
10237,130,1,mob,448,20200,50,0,คอมราบี,เหมืองทัวร์นัส: ห้องโถงใหญ่
10238,130,1,mob,449,20100,50,0,ร็อคแมดดิโล,เหมืองทัวร์นัส: แอเรีย 1
10239,130,1,mob,450,20100,50,0,ไลท์แองเกอร์ ,เหมืองทัวร์นัส: แอเรีย 1
10240,130,1,mob,451,20100,50,0,เปลเล,เหมืองทัวร์นัส: แอเรีย 1
10241,130,1,mob,458,20300,50,0,เทฮอน,ป่าคูรอนเน่: ทิศเหนือแอเรีย 1
10242,130,1,mob,459,20300,50,0,บีลีด,ป่าคูรอนเน่: ทิศเหนือแอเรีย 1
10243,130,1,mob,461,20300,50,0,ปาปาเร,ป่าคูรอนเน่: ทิศเหนือแอเรีย 1
10244,130,1,mob,462,20300,50,0,วูลแจ็ค,ป่าคูรอนเน่: ทิศเหนือแอเรีย 1
10245,130,1,mob,473,20800,50,0,ฟลัก,ถ้ำที่ถูกลืม
10246,130,1,mob,474,20800,50,0,เมล่อนโซดาโปทัม,ถ้ำที่ถูกลืม
10247,130,1,mob,16,20800,50,0,สโตน,ถ้ำที่ถูกลืม
10248,130,1,mob,487,21000,50,0,มิตต้าเทรต,ซากปรักหักพังภูเขามิสลูนา:ทางเดิน
10249,130,1,mob,488,21000,50,0,ฮาเลียบูโบ,ซากปรักหักพังภูเขามิสลูนา:ทางเดิน
10250,130,1,mob,489,21000,50,0,อาร์ดวาน,ซากปรักหักพังภูเขามิสลูนา:ทางเดิน
10251,130,1,mob,490,21000,50,0,มอสกรานิเต้,ซากปรักหักพังภูเขามิสลูนา:ทางเดิน
10252,130,1,mob,497,21200,50,0,โฟรเบล,ทางเดินบาร์บารัส
10253,130,1,mob,498,21200,50,0,อาซาเลีย,ทางเดินบาร์บารัส
10254,130,1,mob,173,21200,50,0,เพลนเฮด,ทางเดินบาร์บารัส
10255,130,1,mob,506,21500,50,0,เมดิทาติ้งโปทัม,ทางเดินไฮเรเจีย
10256,130,1,mob,507,21500,50,0,เฮอมิทดอล,ทางเดินไฮเรเจีย
10257,130,1,mob,517,21800,50,0,อเคลนิกซ์,สวนหิมะน้ำแข็ง
10258,130,1,mob,91,21800,50,0,แพะ,สวนหิมะน้ำแข็ง
10259,140,1,mob,338,15800,3,0,บิวเดอร์โกเล็ม,โรงงานคริสตายักษ์: ชั้นที่ 1
10260,140,1,mob,348,16100,3,0,ดัสก์มาคินา,โรงงานมนุษย์จักรกลขนาดเล็ก: แอเรีย 1
10261,140,1,mob,357,16400,3,0,โอดิลอนมาคินา,โรงงานมนุษย์จักรกลขนาดใหญ่: แอเรีย 1
10262,140,1,mob,499,21300,50,0,แองเจิ้ลบัพ,วิหารแห่งทวยเทพ: แอเรีย 1
10263,140,1,mob,500,21300,50,0,ผู้พิทักษ์เทพแห่งการอำนวยพร,วิหารแห่งทวยเทพ: แอเรีย 1
10264,140,1,mob,501,21300,50,0,ซารา,วิหารแห่งทวยเทพ: แอเรีย 1
10265,140,1,mob,502,21300,50,0,พุชมาตี้,วิหารแห่งทวยเทพ: แอเรีย 1
10266,140,1,mob,508,21600,50,0,แซงจูรี่การ์เดี้ยน,วิหารแห่งทวยเทพ: แอเรีย 4
10267,140,1,mob,509,21600,50,0,ออดดี้,วิหารแห่งทวยเทพ: แอเรีย 4
10268,140,1,mob,518,21900,50,0,ซิลเวอร์จังค์,ภูเขาเอลฟ์: แอเรีย 1
10269,140,1,mob,519,21900,50,0,โครว์,ภูเขาเอลฟ์: แอเรีย 1
10270,140,1,mob,520,21900,50,0,ไอซ์สติงเกอร์,ภูเขาเอลฟ์: แอเรีย 1
10271,140,1,mob,539,23000,50,0,ดรอน,ถนนวาลเซโร่
10272,140,1,mob,538,23000,50,0,อซูบรอช,ถนนวาลเซโร่
10273,140,1,mob,202,23000,50,0,ทิวลิน,ถนนวาลเซโร่
10274,140,1,mob,545,23300,50,0,รีรีเซต,ป่าเอิน
10275,140,1,mob,85,23300,50,0,เอลิซาร์ด,ป่าเอิน
10276,140,1,mob,546,23300,50,0,มอสโมล,ป่าเอิน
10277,140,1,mob,554,23600,50,0,บอมเบอร์เนีย,เขตฟาบริสก้า
10278,140,1,mob,555,23600,50,0,เคบีส,เขตฟาบริสก้า
10279,140,1,mob,556,23600,50,0,คูนิก้าโกเล็ม,เขตฟาบริสก้า
10280,150,1,mob,372,17000,3,0,เห็ดแห่งความตาย,ป่าปีศาจ: ทางแห่งหมอก
10281,150,1,mob,380,17600,3,0,คอมมานเดอร์โกเล็ม,คฤหาสน์รูเฟนาส: ทางเข้า
10282,150,1,mob,396,18100,3,0,หัวหน้าทหารพิเศษไลอาร์ค,ศูนย์วิจัยบราช: อาคาร 1
10283,150,1,mob,526,22100,50,0,เนน่าฟิน,วิหารแห่งความมืด: ชั้นล่าง
10284,150,1,mob,228,22100,50,0,โซลรีปเปอร์,วิหารแห่งความมืด: ชั้นล่าง
10285,150,1,mob,527,22100,50,0,เบดีร่า,วิหารแห่งความมืด: ชั้นล่าง
10286,150,1,mob,83,22100,50,0,เดธฮาวด์,วิหารแห่งความมืด: ชั้นล่าง
10287,150,1,mob,541,23100,50,0,บีแอนท์,ถนนเอลดัน: แอเรีย 1
10288,150,1,mob,542,23100,50,0,มิยู,ถนนเอลดัน: แอเรีย 1
10289,150,1,mob,71,23100,50,0,โรก้า,ถนนเอลดัน: แอเรีย 1
10290,150,1,mob,543,23100,50,0,เออไรน์,ถนนเอลดัน: แอเรีย 1
10291,150,1,mob,547,23400,50,0,แมงมุมมิตทรี,โลกส่วนเกินมอสเคเล: แอเรีย1
10292,150,1,mob,548,23400,50,0,ราฟเรเซีย,โลกส่วนเกินมอสเคเล: แอเรีย1
10293,150,1,mob,344,23400,50,0,เปทัล,โลกส่วนเกินมอสเคเล: แอเรีย1
10294,150,1,mob,106,23400,50,0,คิโนเต้,โลกส่วนเกินมอสเคเล: แอเรีย1
10295,150,1,mob,580,23900,50,0,อินเซกเตอร์,เขตอาร์ตัวเล
10296,150,1,mob,581,23900,50,0,มอสเตอร์,เขตอาร์ตัวเล
10297,150,1,mob,582,23900,50,0,ยาร์ดริกิ,เขตอาร์ตัวเล
10298,150,1,mob,80,24200,50,0,โคริน,เขตดิกิต
10299,150,1,mob,583,24200,50,0,อัลโปก้า,เขตดิกิต
10300,150,1,mob,590,24200,50,0,ราทามะ,เขตดิกิต
10301,150,1,mob,596,24500,50,0,อีรัสทิก้า,เขตพูพราวป์
10302,150,1,mob,597,24500,50,0,ออรัสทิก้า,เขตพูพราวป์
10303,150,1,mob,598,24500,50,0,คาดาเวรัสทิก้า,เขตพูพราวป์
10304,150,1,mob,629,12300,50,0,มินิมิว,พื้นที่รกร้างอินานิส
10305,150,1,mob,630,12300,50,0,แซนด์เซลาส,พื้นที่รกร้างอินานิส
10306,150,1,mob,631,12300,50,0,โคโรเนลล่า,พื้นที่รกร้างอินานิส
10307,160,1,mob,440,17900,3,0,อะมีบามาคินา,ทางน้ำใต้ดินอัลทิเมีย: ทิศตะวันออกเฉียงใต้
10308,160,1,mob,412,18600,3,0,โวโลเทอร์,บริเวณจตุรัสโดรม่า: แอเรีย 1
10309,160,1,mob,422,18800,3,0,วันเดอร์ริงวีล,วังอัลทิเมีย: บริเวณคลังเก็บของ 1
10310,160,1,mob,557,23700,50,0,โพบีดอน,เขตเฟรคตัม: แอเรีย 1 
10311,160,1,mob,558,23700,50,0,มอสคิวรัส,เขตเฟรคตัม: แอเรีย 1 
10312,160,1,mob,559,23700,50,0,ฟลอราต์,เขตเฟรคตัม: แอเรีย 1 
10313,160,1,mob,560,23700,50,0,ฟลอราต์ปรสิต,เขตเฟรคตัม: แอเรีย 1 
10314,160,1,mob,580,24000,50,0,อินเซกเตอร์,เขตลาบรินธ์: แอเรีย 1
10315,160,1,mob,583,24000,50,0,อัลโปก้า,เขตลาบรินธ์: แอเรีย 1
10316,160,1,mob,584,24000,50,0,เทรตเตอร์,เขตลาบรินธ์: แอเรีย 1
10317,160,1,mob,585,24000,50,0,ราบูร,เขตลาบรินธ์: แอเรีย 1
10318,160,1,mob,282,24300,50,0,หนวดประหลาด,เอเว้นท์พลาสทิด้า: แอเรีย1
10319,160,1,mob,591,24300,50,0,ก็อบลินปรสิต,เอเว้นท์พลาสทิด้า: แอเรีย1
10320,160,1,mob,592,24300,50,0,หนวดบิน,เอเว้นท์พลาสทิด้า: แอเรีย1
10321,160,1,mob,593,24300,50,0,ผลึกโลหิตพเนจร,เอเว้นท์พลาสทิด้า: แอเรีย1
10322,160,1,mob,620,24800,50,0,โอคุมะมุชิ,ซากคฤหาสน์รูเฟนาส
10323,160,1,mob,621,24800,50,0,จระเข้ดึกดำบรรพ์,ซากคฤหาสน์รูเฟนาส
10324,160,1,mob,622,24800,50,0,มาร์ควิสโคลอน,ซากคฤหาสน์รูเฟนาส
10325,160,1,mob,666,26000,50,0,พาเจอร์,ลูนาเฮนเต้ใต้หน้าผา
10326,160,1,mob,667,26000,50,0,ผู้ชี้นำความตาย,ลูนาเฮนเต้ใต้หน้าผา
10327,160,1,mob,665,26100,50,0,ฟิวเร,หมู่บ้านอินเจ
10328,160,1,mob,128,26100,50,0,โปโจ,หมู่บ้านอินเจ
10329,160,1,mob,668,26100,50,0,ครายเมอร์โปทัม,หมู่บ้านอินเจ
10330,160,1,mob,685,26400,50,0,คินัวร์,ที่ราบสูงเซราร่า
10331,160,1,mob,686,26400,50,0,โอนัวร์,ที่ราบสูงเซราร่า
10332,160,1,mob,687,26400,50,0,อัลโบนัวร์,ที่ราบสูงเซราร่า
10333,170,1,mob,439,19200,3,0,เซราฟมาคินา,เบรีทาวเวอร์: ส่วนยอดของสิ่งที่พังทลาย
10334,170,1,mob,452,20100,3,0,โซโลบี,เหมืองทัวร์นัส: แอเรีย 1
10335,170,1,mob,463,20300,3,0,บีลีดดอน,ป่าคูรอนเน่: ทิศเหนือแอเรีย 1
10336,170,1,mob,599,24600,50,0,เวลทาเคิล,เขตรีเซพเทเคิล: แอเรีย1
10337,170,1,mob,600,24600,50,0,ทอกซินาเรีย,เขตรีเซพเทเคิล: แอเรีย1
10338,170,1,mob,601,24600,50,0,แอคตินิราเนีย,เขตรีเซพเทเคิล: แอเรีย1
10339,170,1,mob,602,24600,50,0,เบลดฟิช,เขตรีเซพเทเคิล: แอเรีย1
10340,170,1,mob,624,24900,50,0,โนโนกราฟ,เขตห้องปฏิบัติการเดร์ซอน: แอเรีย1
10341,170,1,mob,625,24900,50,0,โคลอป,เขตห้องปฏิบัติการเดร์ซอน: แอเรีย1
10342,170,1,mob,626,24900,50,0,มิกุมิกุ,เขตห้องปฏิบัติการเดร์ซอน: แอเรีย1
10343,170,1,mob,632,12400,50,0,แซนด์แบนด์จอมทำลาย,ทะเลทรายไกสท์ : แอเรีย1
10344,170,1,mob,633,12400,50,0,แซนด์แบนด์แกงค์,ทะเลทรายไกสท์ : แอเรีย1
10345,170,1,mob,634,12400,50,0,แซนด์แบนด์โปทัม,ทะเลทรายไกสท์ : แอเรีย1
10346,170,1,mob,652,25100,50,0,คาบริโก้,ซากปรักหักพังชานเมืองเออร์แบน
10347,170,1,mob,653,25100,50,0,วอลคอง,ซากปรักหักพังชานเมืองเออร์แบน
10348,170,1,mob,654,25100,50,0,สแตบ,ซากปรักหักพังชานเมืองเออร์แบน
10349,170,1,mob,669,26200,50,0,มาร์ส,ชายฝั่งดูเซีย: แอเรีย 1
10350,170,1,mob,670,26200,50,0,คาเบลโล่,ชายฝั่งดูเซีย: แอเรีย 1
10351,170,1,mob,666,26200,50,0,พาเจอร์,ชายฝั่งดูเซีย: แอเรีย 1
10352,170,1,mob,671,26200,50,0,ไอลาด้า,ชายฝั่งดูเซีย: แอเรีย 1
10353,170,1,mob,717,26700,50,0,คูฟา,ซากเมืองโลโคโค
10354,170,1,mob,655,26700,50,0,บูน,ซากเมืองโลโคโค
10355,170,1,mob,718,26700,50,0,โคลอนการ์ด,ซากเมืองโลโคโค
10356,170,1,mob,724,26800,50,0,คัปปาดอน,ที่ลุ่มน้ำเนจิม
10357,170,1,mob,725,26800,50,0,อเมนบอล,ที่ลุ่มน้ำเนจิม
10358,170,1,mob,726,26800,50,0,สไปราโบล,ที่ลุ่มน้ำเนจิม
10359,170,1,mob,717,26800,50,0,คูฟา,ที่ลุ่มน้ำเนจิม
10360,180,1,mob,475,20700,3,0,อัลโตพาส,ทุ่งราบโลโคโค
10361,180,1,mob,491,21000,3,0,มิสลูนาลิงซ์,ซากปรักหักพังภูเขามิสลูนา:ทางเดิน
10362,180,1,mob,503,21200,3,0,ฟอลบัพ,ทางเดินบาร์บารัส
10363,180,1,mob,688,26500,50,0,เบซุย,หุบเขาอาร์ค: แอเรีย 1
10364,180,1,mob,689,26500,50,0,สเมอร์,หุบเขาอาร์ค: แอเรีย 1
10365,180,1,mob,690,26500,50,0,บรอนัวร์,หุบเขาอาร์ค: แอเรีย 1
10366,180,1,mob,719,26900,50,0,เอนตี้,ป่าแม่มด:แอเรีย 1
10367,180,1,mob,720,26900,50,0,บายาเกอร์,ป่าแม่มด:แอเรีย 1
10368,180,1,mob,721,26900,50,0,หุ่นไล่กาลึกลับ,ป่าแม่มด:แอเรีย 1
10369,180,1,mob,736,27100,50,0,อาร์คทิด้า,นอฟดีลล่า: แอเรีย 1
10370,180,1,mob,737,27100,50,0,ทอปทิด้า,นอฟดีลล่า: แอเรีย 1
10371,180,1,mob,738,27100,50,0,จูบัสทิด้า,นอฟดีลล่า: แอเรีย 1
10372,180,1,mob,744,29100,50,0,ออบซิเดี้ยนลิซาร์ด,ป่าแห่งความอึกทึก
10373,180,1,mob,746,29100,50,0,โบอาเลต,ป่าแห่งความอึกทึก
10374,180,1,mob,745,29100,50,0,ฮิปโปโป,ป่าแห่งความอึกทึก
10375,180,1,mob,764,29400,50,0,ออนกาเซล,โมเวอเรอร์ สเปคคูลา
10376,180,1,mob,765,29400,50,0,อริทอปส์,โมเวอเรอร์ สเปคคูลา
10377,180,1,mob,766,29400,50,0,กุตเตอร์,โมเวอเรอร์ สเปคคูลา
10378,180,1,mob,780,29900,50,0,จีโอราเวน,ถนนในเขตชานเมือง 
10379,180,1,mob,779,29900,50,0,อิซุนะ,ถนนในเขตชานเมือง 
10380,180,1,mob,778,29900,50,0,เมโป,ถนนในเขตชานเมือง 
10381,180,1,mob,794,30200,50,0,กราสทาเปีย,ไพโอเนียร์ ยูมาโน
10382,180,1,mob,793,30200,50,0,มอกคีย์,ไพโอเนียร์ ยูมาโน
10383,180,1,mob,792,30200,50,0,ออสทริช,ไพโอเนียร์ ยูมาโน
10384,180,1,mob,809,30500,50,0,โคตันส์,ทุ่งราบฟลูเมน
10385,180,1,mob,808,30500,50,0,โทริเนโกะ,ทุ่งราบฟลูเมน
10386,180,1,mob,810,30500,50,0,กิกิการิ,ทุ่งราบฟลูเมน
30001,30,2,item,100021,,20,0,เศษลาวา,
30002,30,2,item,104027,,20,0,ปีกเพลิง,
30003,30,2,item,108029,,20,0,ของเหลวไหม้ไฟ,
30004,30,2,item,108037,,20,0,หน้าที่ขาด,
30005,30,2,item,104032,,20,0,เขี้ยวแหลม,
30006,30,2,item,102035,,20,0,หนังจิ้งเหลน,
30007,30,2,item,108038,,20,0,ใบใหญ่,
30008,30,2,item,104034,,20,0,เขี้ยวมังกรเล็ก,
30009,30,2,item,108053,,20,0,ใบอ่อน,
30010,30,2,item,100051,,20,0,เศษหิน,
30011,30,2,item,102048,,20,0,ขนปีกนุ่ม,
30012,40,2,item,104041,,20,0,เกล็ดปลา,
30013,40,2,item,100033,,20,0,เศษหินปลายแหลม,
30014,40,2,item,106021,,20,0,ไม้แห้ง,
30015,40,2,item,100036,,20,0,เหรียญหินนักดาบ,
30016,40,2,item,100038,,20,0,เหรียญหินจอมเวท,
30017,40,2,item,100040,,20,0,ก้อนหินแข็ง,
30018,40,2,item,104046,,20,0,ฟันหนู,
30019,40,2,item,100043,,20,0,แผ่นเหล็กบุบ,
30020,40,2,item,106025,,20,0,ไม้กระบองมีรอยแตก,
30021,40,2,item,104049,,20,0,กรงเล็บสัตว์อสูร,
30022,40,2,item,102051,,20,0,หนังกบทราย,
30023,40,2,item,106026,,20,0,กิ่งคิโดร่า,
30024,40,2,item,102054,,20,0,พู่ขนสีเหลืองทอง,
30025,40,2,item,108062,,20,0,ใบโปมัมแข็ง,
30026,40,2,item,104054,,20,0,กระดูกมังกร,
30027,40,2,item,108065,,20,0,น้ำหมึกดำ,
30028,40,2,item,102060,,20,0,ปีกผึ้ง,
30029,40,2,item,102061,,20,0,ขนจิ้งจอก,
30030,40,2,item,106031,,20,0,ฟางแห้ง,
30031,40,2,item,102067,,20,0,ขนประหลาด,
30032,40,2,item,100066,,20,0,เศษคริสตัลฟ้า,
30033,40,2,item,102068,,20,0,ขนโปร่งใส,
30034,40,2,item,106037,,20,0,กิ่งเล็กแข็ง,
30035,40,2,item,102069,,20,0,ขนมังกรแข็งแกร่ง,
30036,50,2,item,102062,,20,0,ขนปีกนกแข็ง,
30037,50,2,item,104059,,20,0,ขนโปทัมเหลืองเขียว,
30038,50,2,item,106035,,20,0,ไม้เท้าที่หายไป,
30039,50,2,item,104062,,20,0,เขี้ยวหมาสกปรก,
30040,50,2,item,106039,,20,0,ไม้ผุ,
30041,50,2,item,102070,,20,0,หนังน่ารังเกียจ,
30042,50,2,item,100069,,20,0,หินเก่า,
30043,50,2,item,102072,,20,0,หนังพิลึก,
30044,50,2,item,102073,,20,0,หนังจากต่างพิภพ,
30045,50,2,item,108081,,20,0,ของเหลวต่างพิภพ,
30046,50,2,item,102076,,20,0,ขนกระรอก,
30047,50,2,item,100077,,20,0,เปลือกไข่แข็ง,
30048,50,2,item,106042,,20,0,ใบไม้แห้งยักษ์,
30049,50,2,item,106046,,20,0,รากหนา,
30050,50,2,item,100083,,20,0,แผ่นโลหะแข็ง,
30051,50,2,item,106048,,20,0,กิ่งเล็กอ่อน,
30052,60,2,item,100075,,20,0,เศษดาว,
30053,60,2,item,102074,,20,0,หนังสีสด,
30054,60,2,item,100076,,20,0,ทรายแห่งดวงดาว,
30055,60,2,item,104078,,20,0,ขนลายเรขาคณิต,
30056,60,2,item,102078,,20,0,ผ้าลินินเก่า,
30057,60,2,item,100078,,20,0,เปลือกแมงป่อง,
30058,60,2,item,102079,,20,0,หนังกระดำกระด่าง,
30059,60,2,item,102080,,20,0,ครีบยักษ์,
30060,60,2,item,102081,,20,0,หนังเย็น,
30061,60,2,item,102084,,20,0,หนังหย่อนยาน,
30062,60,2,item,102085,,20,0,คราบงูเก่า,
30063,60,2,item,104065,,20,0,ตีนกบแหลม,
30064,60,2,item,106049,,20,0,กิ่งผอม,
30065,60,2,item,104097,,20,0,หนวดแมลง,
30066,60,2,item,100092,,20,0,เศษโขดหิน,
30067,60,2,item,102088,,20,0,ขนแพะ,
30068,60,2,item,100095,,20,0,แก้วแตก,
30069,60,2,item,102089,,20,0,ผ้าพันแผลสกปรก,
30070,60,2,item,106059,,20,0,กระบองไม้เย็น,
30071,60,2,item,102094,,20,0,ขนอ่อนนุ่ม,
30072,60,2,item,102095,,20,0,ขนขาวของโปทัม,
30073,70,2,item,100085,,20,0,เพนดูลัมใหญ่,
30074,70,2,item,102086,,20,0,ผ้าขาดรุ่งริ่ง,
30075,70,2,item,100087,,20,0,สายฟ้ายักษ์,
30076,70,2,item,108094,,20,0,ฟองของเหลว,
30077,70,2,item,106051,,20,0,กิ่งมีรู,
30078,70,2,item,104100,,20,0,กระดองมีรอยแตก,
30079,70,2,item,104102,,20,0,หนวดแหลม,
30080,70,2,item,106052,,20,0,ไม้เก่า,
30081,70,2,item,106054,,20,0,รากยาว,
30083,70,2,item,106057,,20,0,ด้ามเคียว,
30084,70,2,item,102090,,20,0,ผ้ามีรอยเขียน,
30085,70,2,item,106058,,20,0,กิ่งเล็กชื้น,
30086,70,2,item,104103,,20,0,เขี้ยววิญญาณร้าย,
30087,70,2,item,100104,,20,0,เกราะแตกปรสิต,
30088,70,2,item,106063,,20,0,โล่ปรสิต,
30089,70,2,item,102101,,20,0,ขนปรสิต,
30090,70,2,item,102089,,20,0,ผ้าพันแผลสกปรก,
30091,70,2,item,102104,,20,0,ผิวฉนวนกันร้อน,
30092,70,2,item,106064,,20,0,รากไหม้,
30093,70,2,item,100104,,20,0,เกราะแตกปรสิต,
30094,70,2,item,104121,,20,0,หูสัตว์เล็ก,
30095,70,2,item,102109,,20,0,เชือกฉีกขาด,
30096,70,2,item,106068,,20,0,กิ่งไม้แห้ง,
30097,70,2,item,100116,,20,0,เศษสะพานหิน,
30098,80,2,item,102096,,20,0,ผ้าขาดสีเขียว,
30099,80,2,item,106061,,20,0,แผ่นไม้,
30100,80,2,item,102097,,20,0,ผ้าหนา,
30101,80,2,item,106062,,20,0,กิ่งเล็กแช่แข็ง,
30102,80,2,item,102102,,20,0,ผ้าแกว่ง,
30103,80,2,item,102103,,20,0,ครีบอ่อน,
30104,80,2,item,104118,,20,0,เขาน่ารัก,
30105,80,2,item,102106,,20,0,ผิวมันวาว,
30106,80,2,item,100105,,20,0,แขนใหญ่ปรสิต,
30107,80,2,item,100106,,20,0,หอกปรสิต,
30108,80,2,item,102014,,20,0,ขนปีกเทพธิดา,
30109,80,2,item,102111,,20,0,ขนสัตว์คริสตัล,
30110,80,2,item,100117,,20,0,เศษโลหะประหลาด,
30111,80,2,item,100119,,20,0,ขวานใหญ่ขึ้นสนิม,
30112,80,2,item,104127,,20,0,เศษสิ่งมีชีวิตลึกลับ,
30113,80,2,item,100127,,20,0,เศษคริสตัลแตก,
30114,80,2,item,102116,,20,0,เจลลี่ที่เหมือนผิวหนัง,
30115,80,2,item,102118,,20,0,ผิวหนังมีชีวิต,
30116,80,2,item,102123,,20,0,ผ้าคลุมขาด,
30117,80,2,item,100143,,20,0,กรงเล็บเหล็กขึ้นสนิม,
30118,80,2,item,100145,,20,0,แท่นเก่า,
30119,80,2,item,102130,,20,0,ผ้ามีรอยเปื้อน,
30120,80,2,item,104139,,20,0,หนวดหนู,
30121,80,2,item,104141,,20,0,ขนโปทัมสกปรก,
30122,90,2,item,100123,,20,0,เศษเกราะแฟนซี,
30123,90,2,item,100125,,20,0,เกราะขาปรสิต,
30124,90,2,item,102114,,20,0,ปกหนังสือขาด,
30125,90,2,item,102119,,20,0,หนังสัตว์อสูร,
30126,90,2,item,100132,,20,0,เศษโล่แพลทินัม,
30127,90,2,item,100135,,20,0,เศษเกราะหมวกดำสนิท,
30128,90,2,item,102120,,20,0,ขนเงารัตติกาล,
30129,90,2,item,100137,,20,0,เศษเกราะกลายพันธุ์,
30130,90,2,item,104135,,20,0,หนวดไหม้ไฟ,
30131,90,2,item,100149,,20,0,ก้อนหินร้อน,
30132,90,2,item,102131,,20,0,คลีบลื่น,
30133,90,2,item,100153,,20,0,เศษปลายดาบแตก,
30134,90,2,item,100155,,20,0,ผิวหินร้าว,
30135,90,2,item,100156,,20,0,ดาบสั้นหัก,
30136,90,2,item,106074,,20,0,เศษไม้เปื้อนโคลน,
30137,90,2,item,104148,,20,0,ขนปีกฟูฟ่อง,
30138,90,2,item,106076,,20,0,เปลือกไม้อ่อน,
30139,90,2,item,106078,,20,0,ไม้ปนเปื้อน,
30140,90,2,item,106080,,20,0,เศษไม้ขึ้นรา,
30141,90,2,item,106081,,20,0,รากเหี่ยว,
30142,100,2,item,100160,,20,0,แผ่นเหล็กขึ้นสนิม,
30143,100,2,item,102134,,20,0,เชือกสกปรก,
30144,100,2,item,106073,,20,0,หน้าปัดนาฬิกาแตก,
30146,100,2,item,100167,,20,0,โซ่ฉีกขาด,
30147,100,2,item,104150,,20,0,กระดูกใหญ่,
30148,100,2,item,102136,,20,0,รองเท้าหนังพังแล้ว,
30149,100,2,item,104154,,20,0,ขนสัตว์หยาบ,
30150,100,2,item,102139,,20,0,ผ้าฝ้ายขาด,
30151,100,2,item,108138,,20,0,ของเหลวข้นคลั่ก,
30152,100,2,item,102140,,20,0,ผิวแปลก,
30153,100,2,item,100173,,20,0,เปลือกเหล็ก,
30154,100,2,item,100174,,20,0,น็อตยักษ์,
30155,100,2,item,106087,,20,0,เศษไม้โคลอน,
30156,100,2,item,100178,,20,0,กรงเล็บเหล็ก,
30157,100,2,item,102144,,20,0,ผ้าเนื้อหยาบ,
30158,100,2,item,102149,,20,0,ขนหนูท่อ,
30159,100,2,item,100185,,20,0,ก้อนผลึกสีฟ้า,
30160,100,2,item,102150,,20,0,ถุงมือหยาบ,
30161,100,2,item,104167,,20,0,หนวดเต้นระบำ,
30162,100,2,item,104168,,20,0,หูค้างคาว,
30163,100,2,item,108154,,20,0,ของเหลวเปรี้ยวหวาน,
30165,110,2,item,106082,,20,0,ขอนไม้ตะไคร่ขึ้น,
30166,110,2,item,102142,,20,0,ผ้าคลุมเก่า,
30167,110,2,item,106084,,20,0,เปลือกหัวหอม,
30168,110,2,item,106085,,20,0,เถาวัลย์เหนียว,
30169,110,2,item,102145,,20,0,ผ้าฝ้ายมอมแมม,
30170,110,2,item,100181,,20,0,ชิ้นส่วนท่อ,
30171,110,2,item,102148,,20,0,กระเป๋าใส่เครื่องมือขาด,
30172,110,2,item,100191,,20,0,กรงแข็ง,
30173,110,2,item,100194,,20,0,เกราะแตก,
30174,110,2,item,108156,,20,0,เข็มฉีดยาพังแล้ว,
30175,110,2,item,106089,,20,0,ไม้ปัดฝุ่นหัก,
30176,110,2,item,104169,,20,0,กระดองแวววาว,
30177,110,2,item,100190,,20,0,น็อตเบี้ยว,
30178,110,2,item,104171,,20,0,หอยโข่งแตก,
30179,110,2,item,100202,,20,0,ฝาเหล็กแตก,
30180,110,2,item,104172,,20,0,เข็มพิษ,
30181,110,2,item,104174,,20,0,เขาแดงแตก,
30182,110,2,item,100215,,20,0,รูปปั้นหินแตก,
30183,110,2,item,100216,,20,0,ดินปืนเปียก,
30184,110,2,item,106092,,20,0,รากไม้โค้งมน,
30185,110,2,item,104181,,20,0,หนังงู,
30186,110,2,item,104183,,20,0,ขนแมว,
30187,110,2,item,100240,,20,0,หมวกเหล็กบุบ,
30188,110,2,item,100241,,20,0,โคมที่พังแล้ว,
30189,110,2,item,108173,,20,0,สมุนไพรเหี่ยว,
30190,120,2,item,106091,,20,0,ท่อนไม้อวบ,
30191,120,2,item,100206,,20,0,หมวกเหล็กแบน,
30192,120,2,item,102155,,20,0,เสื้อผู้คุมที่ขาดแล้ว,
30193,120,2,item,100209,,20,0,ก้อนหินในคุก,
30194,120,2,item,100219,,20,0,เศษเหล็ก,
30195,120,2,item,102159,,20,0,ผ้าเตี่ยวของนักโทษประหาร,
30196,120,2,item,102160,,20,0,หนังเทียมมีตำหนิ,
30197,120,2,item,106095,,20,0,วัสดุคอนเทนเนอร์,
30198,120,2,item,100224,,20,0,ไฟที่เสียแล้ว,
30199,120,2,item,106096,,20,0,กระบองร้าว,
30200,120,2,item,100227,,20,0,เศษเกราะหนัก,
30201,120,2,item,106097,,20,0,เถาวัลย์ผูกรัด,
30202,120,2,item,100233,,20,0,ใบพัดแตก,
30203,120,2,item,104187,,20,0,กระดองยักษ์,
30204,120,2,item,102167,,20,0,เฟอร์ลายทาง,
30205,120,2,item,106101,,20,0,ไม้เท้าผุพัง,
30206,120,2,item,104199,,20,0,ฟันหน้าอันแหลมคม,
30207,120,2,item,104203,,20,0,ขนนกสีฟ้า,
30208,120,2,item,100247,,20,0,ก้อนหินกลม,
30209,120,2,item,102168,,20,0,ขนฟูฟู,
30210,120,2,item,108188,,20,0,เมล็ดองุ่น,
30211,120,2,item,108190,,20,0,ใบใหญ่โคลอน,
30212,130,2,item,100240,,20,0,หมวกเหล็กบุบ,
30213,130,2,item,106099,,20,0,ไม้เท้าเห็ดหัก,
30214,130,2,item,104192,,20,0,เกล็ดแหลม,
30215,130,2,item,102166,,20,0,ครีบทนทาน,
30216,130,2,item,104195,,20,0,ก้อนเนื้อแข็ง,
30217,130,2,item,106102,,20,0,ชิเดะแดงขาว,
30218,130,2,item,106104,,20,0,กิ่งไม้ขาว,
30219,130,2,item,104201,,20,0,กรงเล็บหมาป่าฉลาม,
30220,130,2,item,102170,,20,0,ผิวฟลัก,
30221,130,2,item,108193,,20,0,น้ำโคลน,
30222,130,2,item,100249,,20,0,หินปริศนา,
30223,130,2,item,102174,,20,0,ขนดำฟ้า,
30224,130,2,item,104211,,20,0,ปีกสีเทา,
30225,130,2,item,100255,,20,0,ก้อนหินแสนสวย,
30226,130,2,item,100257,,20,0,เศษเกราะหิน,
30227,130,2,item,104214,,20,0,หนวดฉีกขาด,
30228,130,2,item,100261,,20,0,คริสตัลม่วงที่แตกแล้ว,
30229,130,2,item,100268,,20,0,ทางเดินเศษอิฐ,
30230,130,2,item,102184,,20,0,ผ้ากันเปื้อนขาด,
30231,130,2,item,100269,,20,0,ชิ้นส่วนของโล่กลม,
30232,130,2,item,108202,,20,0,เสาน้ำแข็งหัก,
30233,130,2,item,104219,,20,0,ขนหนาขาว,
30234,140,2,item,100263,,20,0,หินแห่งเทพ,
30235,140,2,item,100264,,20,0,โล่เขียวชอุ่มที่แตกแล้ว,
30236,140,2,item,108199,,20,0,สารสีม่วงเรืองแสง,
30237,140,2,item,100266,,20,0,หินเหลี่ยมที่แตกแล้ว,
30238,140,2,item,100271,,20,0,เศษเกราะผู้พิทักษ์,
30239,140,2,item,104216,,20,0,หางหมีกระสอบ,
30240,140,2,item,104221,,20,0,ขนหงอกแข็ง,
30241,140,2,item,104223,,20,0,เขายาวหัก,
30242,140,2,item,104226,,20,0,ก้ามเย็น,
30243,140,2,item,108206,,20,0,สีเขียวเหนอะหนะ,
30244,140,2,item,102196,,20,0,หนังท้องพองฟู,
30245,140,2,item,106116,,20,0,ก้านทนทาน,
30246,140,2,item,106119,,20,0,กิ่งทนทาน,
30247,140,2,item,104244,,20,0,ปลายหูสีเขียว,
30248,140,2,item,106121,,20,0,ตะไคร่เปลือกไม้,
30249,140,2,item,100287,,20,0,หัวฉีดไหม้ไฟ,
30250,140,2,item,100289,,20,0,กระดิ่งเตือนภัย,
30251,140,2,item,100290,,20,0,เกลียวสปริงพังแล้ว,
30252,150,2,item,104230,,20,0,เขี้ยวอ่อน,
30253,150,2,item,100277,,20,0,เคียวเก็บเกี่ยว,
30254,150,2,item,106114,,20,0,เถาไอวี่,
30255,150,2,item,104232,,20,0,กรงเล็บเงาดำ,
30256,150,2,item,102197,,20,0,ปีกอ่อนผึ้ง,
30257,150,2,item,104237,,20,0,ขนนิ่มปุกปุย,
30258,150,2,item,108211,,20,0,กระดองมอส,
30259,150,2,item,104239,,20,0,ขนมนุษย์หมาป่า,
30260,150,2,item,108215,,20,0,สมุนไพรมีตำหนิ,
30261,150,2,item,104247,,20,0,ฟันพืชที่ดุร้าย,
30262,150,2,item,106122,,20,0,รากม่วง,
30263,150,2,item,108218,,20,0,สปอร์เห็ดพิษ,
30264,150,2,item,102203,,20,0,เสื้อคลุมเรืองแสง,
30265,150,2,item,104253,,20,0,ฟันหน้าหัก,
30266,150,2,item,106130,,20,0,ใบไม้แห้ง,
30267,150,2,item,106138,,20,0,ก้านดอกอ่อน  ,
30268,150,2,item,108237,,20,0,หญ้าข้างทางที่งดงาม  ,
30269,150,2,item,104258,,20,0,เปลือกไข่แตก  ,
30270,150,2,item,100298,,20,0,ก้อนหินส่องประกาย,
30271,150,2,item,104262,,20,0,คางทนทาน,
30272,150,2,item,104263,,20,0,กระดูกปรสิต,
30273,150,2,item,104274,,20,0,ขนปีกสีดำหักๆ,
30274,150,2,item,104276,,20,0,เขาเล็กแซนด์สโตน,
30275,150,2,item,104278,,20,0,เกร็ดงูทะเลทราย,
30276,160,2,item,102200,,20,0,หนังกำพร้าแข็ง,
30277,160,2,item,102201,,20,0,ผ้าพันแผลลึกลับ,
30278,160,2,item,106123,,20,0,เขาที่เหมือนดอกตูม,
30279,160,2,item,104255,,20,0,หางนุ่มนิ่ม,
30280,160,2,item,106133,,20,0,เปลือกไม้เก่าแก่,
30281,160,2,item,106135,,20,0,เศษไม้กินคน,
30282,160,2,item,102205,,20,0,หนังยืดได้  ,
30283,160,2,item,102206,,20,0,กางเกงขาดๆ  ,
30284,160,2,item,102208,,20,0,เปลือกยืดหยุ่น  ,
30285,160,2,item,102209,,20,0,ครีบอ่อนไหว  ,
30286,160,2,item,104271,,20,0,เขี้ยวหินปูน,
30287,160,2,item,100310,,20,0,หินฐานคฤหาสน์เก่า,
30288,160,2,item,106143,,20,0,ใบไม้ที่ตั้งได้,
30289,160,2,item,102228,,20,0,ผ้าเปียกชื้น,
30290,160,2,item,104288,,20,0,ครีบโปร่งใส,
30291,160,2,item,108262,,20,0,สารสกัดจากชีวิต,
30292,160,2,item,108260,,20,0,ไข่ยักษ์,
30293,160,2,item,104290,,20,0,อุ้งเท้านักปีนเขา,
30294,160,2,item,106149,,20,0,เศษเห็นต้นไม้,
30295,160,2,item,106150,,20,0,กิ่งกาฝาก,
30296,160,2,item,106151,,20,0,ไม้ที่ทนทาน,
30297,170,2,item,108240,,20,0,ฟองพิษปุดๆ,
30298,170,2,item,102211,,20,0,เกล็ดหนังทนทาน,
30299,170,2,item,108243,,20,0,ดอกไม้ทะเลฉีกขาด,
30300,170,2,item,102212,,20,0,ครีบใบมีดแตก,
30301,170,2,item,108246,,20,0,หน้ากระดาษที่แตกต่าง,
30302,170,2,item,100313,,20,0,กะบังลม,
30303,170,2,item,102219,,20,0,ชายผ้าเสื้อโค้ตยาว,
30304,170,2,item,102221,,20,0,กางเกงขาดเป็นรู,
30305,170,2,item,102223,,20,0,รองเท้าบูทโทรมๆ,
30306,170,2,item,102225,,20,0,ผ้าสีแดงฉีกขาด,
30307,170,2,item,108255,,20,0,ขยะน่าขนลุก,
30308,170,2,item,100329,,20,0,ก้อนหินคัดสรร,
30309,170,2,item,104291,,20,0,เส้นขนพันกัน,
30310,170,2,item,104288,,20,0,ครีบโปร่งใส,
30311,170,2,item,104293,,20,0,กระดูกวิญญาณร้าย,
30312,170,2,item,102237,,20,0,หนังงูน่าขนลุก,
30313,170,2,item,104305,,20,0,ปีกปรสิต,
30314,170,2,item,106153,,20,0,เกราะหมวกเปลือกไม้ ,
30315,170,2,item,100335,,20,0,แว่นตากันลมที่พังแล้ว,
30316,170,2,item,104308,,20,0,ขนอ่อนที่ปลายเท้า,
30317,170,2,item,106159,,20,0,ก้านแขน,
30318,170,2,item,100340,,20,0,เนื้อเกล็ดแก้ว,
30319,170,2,item,104316,,20,0,เขี้ยวยักษ์,
30320,170,2,item,104317,,20,0,ขนโบอา,
30321,180,2,item,102233,,20,0,ชิ้นส่วนเครื่องรางปิดผนึก,
30322,180,2,item,104299,,20,0,เขี้ยวลึกลับ,
30323,180,2,item,104301,,20,0,หางกบ,
30324,180,2,item,100333,,20,0,หน้ากากเอนตี้,
30325,180,2,item,106156,,20,0,ตอไม้ลอยน้ำ ,
30326,180,2,item,102239,,20,0,เสื้อผ้าเก่าขาดวิ่น ,
30327,180,2,item,104312,,20,0,ฟิมเบรียหนึบหนับ,
30328,180,2,item,108290,,20,0,เมอแร็งก์มหัศจรรย์,
30329,180,2,item,108292,,20,0,ของเหลวเหนียวหนืด,
30330,180,2,item,100340,,20,0,เนื้อเกล็ดแก้ว,
30331,180,2,item,104316,,20,0,เขี้ยวยักษ์,
30332,180,2,item,104317,,20,0,ขนโบอา,
30333,180,2,item,106164,,20,0,กิ่งของต้นไม้,
30334,180,2,item,104328,,20,0,เขาสัตว์กินพืช ,
30335,180,2,item,104330,,20,0,จงอยปากแข็ง,
30336,180,2,item,102251,,20,0,ขนแกะสวยงาม,
30337,180,2,item,104334,,20,0,หางใหญ่,
30338,180,2,item,104336,,20,0,ขนปีกแวววาว,
30339,180,2,item,102256,,20,0,ขนลูกสน,
30340,180,2,item,104343,,20,0,หางอุ่น,
30341,180,2,item,108310,,20,0,พุ่มไม้นุ่มนิ่ม,
30342,180,2,item,104351,,20,0,เล็บแมวน้อย,
30343,180,2,item,106174,,20,0,ปีกไม้แกะสลัก,
30344,180,2,item,106176,,20,0,กิ่งส่วนเกิน,
50001,30,3,smith,10006,18,1,0,เซเบอร์,
50002,30,3,smith,11005,18,1,0,เบลดยาว,
50003,30,3,smith,12005,18,1,0,ธนูเหล็ก,
50004,30,3,smith,13007,40,1,0,ฮันเตอร์โบว์กัน,
50005,30,3,smith,14005,5,1,0,ไม้เท้าน้ำ,
50006,30,3,smith,15005,20,1,0,กงล้อสายลม,
50007,30,3,smith,16005,9,1,0,กรงเล็บ,
50008,30,3,smith,24004,18,1,0,บัลดิช,
50009,30,3,smith,25004,14,10,0,คุวากุโมะ,
50010,40,3,smith,10008,18,1,0,ดาบอเดล,
50011,40,3,smith,10008,12,10,0,ดาบอเดล,
50012,40,3,smith,11008,65,3,0,ดาบกระดูก,
50013,40,3,smith,11008,29,1,0,ดาบกระดูก,
50014,40,3,smith,12009,40,1,0,ธนูเขาเหล็ก,
50015,40,3,smith,12009,1,1,0,ธนูเขาเหล็ก,
50016,40,3,smith,13008,18,1,0,ขวานโบว์กัน,
50017,40,3,smith,13008,51,1,0,ขวานโบว์กัน,
50018,40,3,smith,14009,65,4,0,ไม้เท้าหิน,
50019,40,3,smith,14009,49,1,0,ไม้เท้าหิน,
50020,40,3,smith,15008,40,1,0,ปีกเหล็ก,
50021,40,3,smith,15008,47,1,0,ปีกเหล็ก,
50022,40,3,smith,16009,41,1,0,จามาร์ดา,
50023,40,3,smith,16009,5,1,0,จามาร์ดา,
50024,40,3,smith,24005,65,3,0,ทริเดนท์,
50025,40,3,smith,24005,47,1,0,ทริเดนท์,
50026,40,3,smith,25006,65,5,0,คิราโบชิ,
50027,40,3,smith,25006,40,1,0,คิราโบชิ,
50028,50,3,smith,10010,18,1,0,เรเปียร์,
50029,50,3,smith,10010,30,1,0,เรเปียร์,
50030,50,3,smith,11009,51,1,0,ฟอร์ทิสเบลด,
50031,50,3,smith,11009,45,1,0,ฟอร์ทิสเบลด,
50032,50,3,smith,12010,43,1,0,ธนูใบไม้เหล็ก,
50033,50,3,smith,12010,25,1,0,ธนูใบไม้เหล็ก,
50034,50,3,smith,13011,18,1,0,โบว์กันโค้ง,
50035,50,3,smith,13011,62,4294967295,0,โบว์กันโค้ง,
50036,50,3,smith,14012,65,1,0,ไม้เท้าไฟ,
50037,50,3,smith,14012,71,1,0,ไม้เท้าไฟ,
50038,50,3,smith,15011,50,1,0,แฟรี่พีซ,
50039,50,3,smith,15011,62,4294967295,0,แฟรี่พีซ,
50040,50,3,smith,16010,49,1,0,สนับมือแข็ง,
50041,50,3,smith,16010,18,1,0,สนับมือแข็ง,
50042,50,3,smith,24006,14,10,0,เบลดแลนซ์,
50043,50,3,smith,24006,40,1,0,เบลดแลนซ์,
50044,50,3,smith,25007,18,1,1,ทาเทสึบะ,
50045,50,3,smith,25007,21,1,1,ทาเทสึบะ,
50046,60,3,smith,10016,18,1,0,ดาบอาหรับ,
50047,60,3,smith,10016,25,1,0,ดาบอาหรับ,
50048,60,3,smith,11018,51,1,0,เฟลมเบอร์จ,
50049,60,3,smith,11018,42,1,0,เฟลมเบอร์จ,
50050,60,3,smith,12013,18,1,0,ธนูเหล็กใหญ่,
50051,60,3,smith,12013,45,1,0,ธนูเหล็กใหญ่,
50052,60,3,smith,13016,43,1,0,เอจโบว์กัน,
50053,60,3,smith,13016,45,1,0,เอจโบว์กัน,
50054,60,3,smith,14014,65,3,0,ไม้เท้าพายุ,
50055,60,3,smith,14014,32,1,0,ไม้เท้าพายุ,
50056,60,3,smith,15018,65,4,0,เอลเซนด์,
50057,60,3,smith,15018,74,1,0,เอลเซนด์,
50058,60,3,smith,16011,18,1,0,ไอรอนธอร์น,
50059,60,3,smith,16011,41,1,0,ไอรอนธอร์น,
50060,60,3,smith,24007,42,1,0,เมซาร์ค,
50061,60,3,smith,24007,24,1,1,เมซาร์ค,
50062,60,3,smith,25009,18,1,0,โคงะโกชิราเอะ,
50063,60,3,smith,25009,14,10,0,โคงะโกชิราเอะ,
50064,70,3,smith,10021,65,3,0,ดาบบลิทซ์,
50065,70,3,smith,10021,5,1,1,ดาบบลิทซ์,
50066,70,3,smith,11020,18,1,0,แฮมเมอร์ฟอล,
50067,70,3,smith,11020,22,1,0,แฮมเมอร์ฟอล,
50068,70,3,smith,12020,51,1,0,ธนูวงแหวน,
50069,70,3,smith,12020,14,10,0,ธนูวงแหวน,
50070,70,3,smith,13021,18,1,0,แอสเซาท์บาเรล,
50071,70,3,smith,13021,40,1,0,แอสเซาท์บาเรล,
50072,70,3,smith,14021,65,2,0,ไม้เท้าคริสตัล,
50073,70,3,smith,14021,33,1,0,ไม้เท้าคริสตัล,
50074,70,3,smith,15020,27,1,0,เข็มกลัดบาเรีย,
50075,70,3,smith,15020,29,1,0,เข็มกลัดบาเรีย,
50076,70,3,smith,16020,65,2,0,ไตรคลอว์,
50077,70,3,smith,16020,22,1,0,ไตรคลอว์,
50078,70,3,smith,24008,65,5,0,ไนท์แลนซ์,
50079,70,3,smith,24008,46,1,0,ไนท์แลนซ์,
50080,70,3,smith,25010,65,4,0,ชูร่าโคชิราเอะ,
50081,70,3,smith,25010,45,1,0,ชูร่าโคชิราเอะ,
50082,80,3,smith,10023,18,1,0,อิลวูน,
50083,80,3,smith,10023,8,1,0,อิลวูน,
50084,80,3,smith,11021,65,1,0,เฟรมเบรด,
50085,80,3,smith,11021,40,1,0,เฟรมเบรด,
50086,80,3,smith,12021,18,1,0,แกรนด์ฮอร์นโบว์,
50087,80,3,smith,12021,42,1,0,แกรนด์ฮอร์นโบว์,
50088,80,3,smith,13022,65,3,0,พลาสม่ากัน,
50089,80,3,smith,13022,36,1,1,พลาสม่ากัน,
50090,80,3,smith,14022,65,6,0,ไม้เท้าปีศาจ,
50091,80,3,smith,14022,50,1,0,ไม้เท้าปีศาจ,
50092,80,3,smith,15021,65,2,0,ลาลูเวีย,
50093,80,3,smith,15021,72,1,0,ลาลูเวีย,
50094,80,3,smith,16021,47,1,0,กาตาร์,
50095,80,3,smith,16021,51,1,0,กาตาร์,
50096,80,3,smith,24014,65,3,0,ธันเดอร์สเปียร์,
50097,80,3,smith,24014,47,1,0,ธันเดอร์สเปียร์,
50098,80,3,smith,25012,40,1,0,ซุมิเระเร็นชิ,
50099,80,3,smith,25012,42,1,0,ซุมิเระเร็นชิ,
50100,90,3,smith,10027,6,1,0,ดาบอินดิโก,
50101,90,3,smith,10027,40,1,0,ดาบอินดิโก,
50102,90,3,smith,11025,65,6,0,เดสเพอรันซา,
50103,90,3,smith,11025,42,1,0,เดสเพอรันซา,
50104,90,3,smith,12025,13,1,0,พันเซอร์โบว์,
50105,90,3,smith,12025,3,1,0,พันเซอร์โบว์,
50106,90,3,smith,13025,65,1,0,ดับเบิ้ลสตริง,
50107,90,3,smith,13025,18,1,0,ดับเบิ้ลสตริง,
50108,90,3,smith,14026,65,1,0,ไม้เท้านักปราชญ์,
50109,90,3,smith,14026,52,1,0,ไม้เท้านักปราชญ์,
50110,90,3,smith,15025,32,1,0,วงแหวนพลังเวท,
50111,90,3,smith,15025,20,1,1,วงแหวนพลังเวท,
50112,90,3,smith,16024,65,6,0,กงเล็บปีศาจ,
50113,90,3,smith,16024,30,1,0,กงเล็บปีศาจ,
50114,90,3,smith,24018,40,1,0,พอลล์แอ็กซ์,
50115,90,3,smith,24018,12,10,0,พอลล์แอ็กซ์,
50116,90,3,smith,25014,65,1,0,คุโรโมมิจิ,
50117,90,3,smith,25014,21,1,0,คุโรโมมิจิ,
50118,100,3,smith,10035,65,4,0,มิเลสซอร์ด,
50119,100,3,smith,10035,22,3,0,มิเลสซอร์ด,
50120,100,3,smith,10035,18,3,1,มิเลสซอร์ด,
50121,100,3,smith,11032,59,25,2,ซีลลิ่งเบรด,
50122,100,3,smith,11032,3,3,1,ซีลลิ่งเบรด,
50123,100,3,smith,11032,23,3,1,ซีลลิ่งเบรด,
50124,100,3,smith,12031,43,3,0,สเกลตันโบว์,
50125,100,3,smith,12031,30,3,0,สเกลตันโบว์,
50126,100,3,smith,12031,5,3,1,สเกลตันโบว์,
50127,100,3,smith,13031,65,1,0,ซอร์ดบาเรล,
50128,100,3,smith,13031,40,3,0,ซอร์ดบาเรล,
50129,100,3,smith,13031,18,3,1,ซอร์ดบาเรล,
50130,100,3,smith,14033,65,5,0,คทานักบวช,
50131,100,3,smith,14033,22,3,0,คทานักบวช,
50132,100,3,smith,14033,2,3,1,คทานักบวช,
50133,100,3,smith,15032,65,3,0,เอลเวนโต,
50134,100,3,smith,15032,47,3,0,เอลเวนโต,
50135,100,3,smith,15032,20,3,1,เอลเวนโต,
50136,100,3,smith,16032,18,3,0,เอเปทอล,
50137,100,3,smith,16032,42,3,0,เอเปทอล,
50138,100,3,smith,16032,31,3,1,เอเปทอล,
50139,100,3,smith,24026,50,3,0,พาลาดินสเปียร์,
50140,100,3,smith,24026,44,3,0,พาลาดินสเปียร์,
50141,100,3,smith,24026,10,3,1,พาลาดินสเปียร์,
50142,100,3,smith,25016,107,3,2,คุโรสึรุบามิ,
50143,100,3,smith,25016,30,3,0,คุโรสึรุบามิ,
50144,100,3,smith,25016,76,3,1,คุโรสึรุบามิ,
50145,110,3,smith,10038,18,3,0,ดาบอิมพีเรียล,
50146,110,3,smith,10038,10,3,0,ดาบอิมพีเรียล,
50147,110,3,smith,10038,44,3,1,ดาบอิมพีเรียล,
50148,110,3,smith,11035,18,3,0,ไซวน์ฮันเดอร์,
50149,110,3,smith,11035,51,3,0,ไซวน์ฮันเดอร์,
50150,110,3,smith,11035,1,3,1,ไซวน์ฮันเดอร์,
50151,110,3,smith,12033,65,5,0,ธนูซีฟีด,
50152,110,3,smith,12033,29,3,0,ธนูซีฟีด,
50153,110,3,smith,12033,40,3,1,ธนูซีฟีด,
50154,110,3,smith,13033,49,3,0,เมทัลโบว์กัน,
50155,110,3,smith,13033,50,3,0,เมทัลโบว์กัน,
50156,110,3,smith,13033,8,3,1,เมทัลโบว์กัน,
50157,110,3,smith,14035,20,3,0,คริสตัลร็อด,
50158,110,3,smith,14035,145,15,2,คริสตัลร็อด,
50159,110,3,smith,14035,62,4294967293,1,คริสตัลร็อด,
50160,110,3,smith,15033,65,5,0,ฟอรัลไลท์,
50161,110,3,smith,15033,76,3,0,ฟอรัลไลท์,
50162,110,3,smith,15033,36,3,1,ฟอรัลไลท์,
50163,110,3,smith,16034,38,3,2,กรงเล็บไอรอนแบร์,
50164,110,3,smith,16034,43,3,0,กรงเล็บไอรอนแบร์,
50165,110,3,smith,16034,9,3,1,กรงเล็บไอรอนแบร์,
50166,110,3,smith,24029,65,1,0,แบทเทิลสเปียร์,
50167,110,3,smith,24029,22,3,0,แบทเทิลสเปียร์,
50168,110,3,smith,24029,25,3,1,แบทเทิลสเปียร์,
50169,110,3,smith,25017,65,4,0,เขี้ยวเหล็ก,
50170,110,3,smith,25017,51,3,0,เขี้ยวเหล็ก,
50171,110,3,smith,25017,27,3,1,เขี้ยวเหล็ก,
50172,120,3,smith,10042,65,3,0,วินด์เรเปียร์,
50173,120,3,smith,10042,40,3,0,วินด์เรเปียร์,
50174,120,3,smith,10042,21,3,1,วินด์เรเปียร์,
50175,120,3,smith,11038,65,4,0,ดาบใหญ่สตีลมาคินา,
50176,120,3,smith,11038,18,3,0,ดาบใหญ่สตีลมาคินา,
50177,120,3,smith,11038,35,3,1,ดาบใหญ่สตีลมาคินา,
50178,120,3,smith,12035,65,3,0,ธนูสายฟ้า,
50179,120,3,smith,12035,41,3,0,ธนูสายฟ้า,
50180,120,3,smith,12035,18,3,1,ธนูสายฟ้า,
50181,120,3,smith,13037,59,25,2,ไรเฟิลมัสเคท,
50182,120,3,smith,13037,43,3,0,ไรเฟิลมัสเคท,
50183,120,3,smith,13037,5,3,1,ไรเฟิลมัสเคท,
50184,120,3,smith,14038,65,6,0,ไม้เท้าเอเลเจีย,
50185,120,3,smith,14038,20,3,0,ไม้เท้าเอเลเจีย,
50186,120,3,smith,14038,33,3,1,ไม้เท้าเอเลเจีย,
50187,120,3,smith,15036,65,2,0,ฟรอสต์สเกิร์ต,
50188,120,3,smith,15036,62,4294967293,0,ฟรอสต์สเกิร์ต,
50189,120,3,smith,15036,47,3,1,ฟรอสต์สเกิร์ต,
50190,120,3,smith,16038,65,3,0,กงจักร,
50191,120,3,smith,16038,144,4,2,กงจักร,
50192,120,3,smith,16038,73,3,1,กงจักร,
50193,120,3,smith,24031,14,30,0,โนเบิ้ลเกรย์วี่,
50194,120,3,smith,24031,40,3,0,โนเบิ้ลเกรย์วี่,
50195,120,3,smith,24031,6,3,1,โนเบิ้ลเกรย์วี่,
50196,120,3,smith,25022,65,5,0,คาสะคิริ,
50197,120,3,smith,25022,40,3,0,คาสะคิริ,
50198,120,3,smith,25022,62,3,1,คาสะคิริ,
50199,130,3,smith,10053,65,2,0,ดาบเอลฟิน,
50200,130,3,smith,10053,77,3,0,ดาบเอลฟิน,
50201,130,3,smith,10053,104,1,2,ดาบเอลฟิน,
50202,130,3,smith,11051,65,5,0,เคริฟเอจ,
50203,130,3,smith,11051,30,3,0,เคริฟเอจ,
50204,130,3,smith,11051,21,3,1,เคริฟเอจ,
50205,130,3,smith,12046,65,2,0,ธนูผู้พิทักษ์แห่งน้ำ,
50206,130,3,smith,12046,18,3,0,ธนูผู้พิทักษ์แห่งน้ำ,
50207,130,3,smith,12046,2,3,1,ธนูผู้พิทักษ์แห่งน้ำ,
50208,130,3,smith,13048,65,3,0,โรสทรัมโบว์กัน,
50209,130,3,smith,13048,43,3,0,โรสทรัมโบว์กัน,
50210,130,3,smith,13048,31,3,1,โรสทรัมโบว์กัน,
50211,130,3,smith,14048,65,4,0,เฟอร์ร็อด,
50212,130,3,smith,14048,20,3,0,เฟอร์ร็อด,
50213,130,3,smith,14048,71,3,1,เฟอร์ร็อด,
50214,130,3,smith,15048,65,4,0,เพลนท์อาร์ม,
50215,130,3,smith,15048,22,3,0,เพลนท์อาร์ม,
50216,130,3,smith,15048,34,3,1,เพลนท์อาร์ม,
50217,130,3,smith,16049,65,6,0,ลูปัสคลอว์,
50218,130,3,smith,16049,22,3,0,ลูปัสคลอว์,
50219,130,3,smith,16049,57,3,1,ลูปัสคลอว์,
50220,130,3,smith,24046,65,2,0,หอกสปาด้า,
50221,130,3,smith,24046,51,3,0,หอกสปาด้า,
50222,130,3,smith,24046,40,3,1,หอกสปาด้า,
50223,130,3,smith,25034,65,3,0,โคราคิริ,
50224,130,3,smith,25034,6,3,0,โคราคิริ,
50225,130,3,smith,25034,72,3,1,โคราคิริ,
50226,140,3,smith,10061,65,4,0,คาลิเบอร์,
50227,140,3,smith,10061,42,3,0,คาลิเบอร์,
50228,140,3,smith,10061,18,3,1,คาลิเบอร์,
50229,140,3,smith,11053,65,3,0,อเนมอสเบลด,
50230,140,3,smith,11053,23,3,0,อเนมอสเบลด,
50231,140,3,smith,11053,73,3,0,อเนมอสเบลด,
50232,140,3,smith,12050,65,6,0,เทเนปโบล,
50233,140,3,smith,12050,14,30,0,เทเนปโบล,
50234,140,3,smith,12050,42,3,1,เทเนปโบล,
50235,140,3,smith,13054,65,6,0,อาฟัมตี้โบว์กัน,
50236,140,3,smith,13054,18,3,0,อาฟัมตี้โบว์กัน,
50237,140,3,smith,13054,5,3,1,อาฟัมตี้โบว์กัน,
50238,140,3,smith,14051,65,3,0,ลอริเอล,
50239,140,3,smith,14051,32,3,0,ลอริเอล,
50240,140,3,smith,14051,20,3,1,ลอริเอล,
50241,140,3,smith,15052,40,100,2,แหวนปริซึม,
50242,140,3,smith,15052,33,3,0,แหวนปริซึม,
50243,140,3,smith,15052,21,3,1,แหวนปริซึม,
50244,140,3,smith,16057,65,2,0,ชิโรคุมะ,
50245,140,3,smith,16057,12,30,0,ชิโรคุมะ,
50246,140,3,smith,16057,14,30,1,ชิโรคุมะ,
50247,140,3,smith,24049,65,3,0,ไลท์เทนนิ่งโบลต์สเปีย,
50248,140,3,smith,24049,43,3,0,ไลท์เทนนิ่งโบลต์สเปีย,
50249,140,3,smith,24049,62,4294967293,1,ไลท์เทนนิ่งโบลต์สเปีย,
50250,140,3,smith,25038,65,2,0,จิตพิสุทธิ์,
50251,140,3,smith,25038,112,5,2,จิตพิสุทธิ์,
50252,140,3,smith,25038,40,3,0,จิตพิสุทธิ์,
50253,150,3,smith,10075,65,3,0,โชเทล,
50254,150,3,smith,10075,40,3,0,โชเทล,
50255,150,3,smith,10075,4,3,1,โชเทล,
50256,150,3,smith,11069,65,2,0,โรเซรัม,
50257,150,3,smith,11069,71,3,0,โรเซรัม,
50258,150,3,smith,11069,45,3,1,โรเซรัม,
50259,150,3,smith,12062,65,5,0,เอลฟินโบว์,
50260,150,3,smith,12062,22,3,0,เอลฟินโบว์,
50261,150,3,smith,12062,31,3,1,เอลฟินโบว์,
50262,150,3,smith,13067,65,4,0,นาทราโบว์กัน,
50263,150,3,smith,13067,10,3,0,นาทราโบว์กัน,
50264,150,3,smith,13067,25,3,1,นาทราโบว์กัน,
50265,150,3,smith,14064,65,6,0,ไม้เท้าจอมเวท,
50266,150,3,smith,14064,20,3,0,ไม้เท้าจอมเวท,
50267,150,3,smith,14064,58,3,1,ไม้เท้าจอมเวท,
50268,150,3,smith,15066,65,3,0,ฟลูเกล,
50269,150,3,smith,15066,47,3,0,ฟลูเกล,
50270,150,3,smith,15066,14,30,1,ฟลูเกล,
50271,150,3,smith,16070,65,4,0,คัทซ์โกลบ,
50272,150,3,smith,16070,136,2,2,คัทซ์โกลบ,
50273,150,3,smith,16070,73,3,1,คัทซ์โกลบ,
50274,150,3,smith,24063,65,4,0,ง้าววงจันทร์,
50275,150,3,smith,24063,42,3,0,ง้าววงจันทร์,
50276,150,3,smith,24063,6,3,1,ง้าววงจันทร์,
50277,150,3,smith,25051,65,4,0,คังปุ,
50278,150,3,smith,25051,18,3,0,คังปุ,
50279,150,3,smith,25051,49,3,1,คังปุ,
50280,160,3,smith,10084,65,5,0,ดาบศักดิ์สิทธิ์,
50281,160,3,smith,10084,18,3,0,ดาบศักดิ์สิทธิ์,
50282,160,3,smith,10084,22,3,1,ดาบศักดิ์สิทธิ์,
50283,160,3,smith,11076,65,6,0,สตราร์ฟเอจ  ,
50284,160,3,smith,11076,40,3,0,สตราร์ฟเอจ  ,
50285,160,3,smith,11076,127,15,2,สตราร์ฟเอจ  ,
50286,160,3,smith,12068,65,1,0,พันนิชโบว์  ,
50287,160,3,smith,12068,18,3,0,พันนิชโบว์  ,
50288,160,3,smith,12068,51,3,1,พันนิชโบว์  ,
50289,160,3,smith,13073,65,5,0,ไทอากรัมกัน,
50290,160,3,smith,13073,42,3,0,ไทอากรัมกัน,
50291,160,3,smith,13073,10,3,1,ไทอากรัมกัน,
50292,160,3,smith,14071,65,5,0,ไม้เท้าวิญญาณ,
50293,160,3,smith,14071,20,3,0,ไม้เท้าวิญญาณ,
50294,160,3,smith,14071,7,3,1,ไม้เท้าวิญญาณ,
50295,160,3,smith,15073,65,2,0,อควาเรเตอร์  ,
50296,160,3,smith,15073,47,3,0,อควาเรเตอร์  ,
50297,160,3,smith,15073,53,3,1,อควาเรเตอร์  ,
50298,160,3,smith,16077,65,1,0,ไวส์คอว์,
50299,160,3,smith,16077,49,3,0,ไวส์คอว์,
50300,160,3,smith,16077,24,3,1,ไวส์คอว์,
50301,160,3,smith,24070,65,1,0,อิกนิสเกรย์วี่  ,
50302,160,3,smith,24070,18,3,0,อิกนิสเกรย์วี่  ,
50303,160,3,smith,24070,54,3,1,อิกนิสเกรย์วี่  ,
50304,160,3,smith,25057,65,5,0,วัชระ,
50305,160,3,smith,25057,8,3,0,วัชระ,
50306,160,3,smith,25057,46,3,1,วัชระ,
50307,170,3,smith,10096,65,1,0,ดาบคาตาฟเนีย,
50308,170,3,smith,10096,107,6,2,ดาบคาตาฟเนีย,
50309,170,3,smith,10096,42,3,1,ดาบคาตาฟเนีย,
50310,170,3,smith,11087,65,5,0,เอสคูโดเบลด,
50311,170,3,smith,11087,49,3,0,เอสคูโดเบลด,
50312,170,3,smith,11087,45,3,0,เอสคูโดเบลด,
50313,170,3,smith,12080,65,6,0,ธนูรุยวา,
50314,170,3,smith,12080,12,30,0,ธนูรุยวา,
50315,170,3,smith,12080,57,3,1,ธนูรุยวา,
50316,170,3,smith,13086,65,2,0,ริเวียนบาเรล,
50317,170,3,smith,13086,18,3,0,ริเวียนบาเรล,
50318,170,3,smith,13086,10,3,1,ริเวียนบาเรล,
50319,170,3,smith,14085,65,2,0,ไม้เท้ามานาคาสเคด,
50320,170,3,smith,14085,33,3,0,ไม้เท้ามานาคาสเคด,
50321,170,3,smith,14085,37,3,1,ไม้เท้ามานาคาสเคด,
50322,170,3,smith,15084,65,2,0,เซลร์ออร์บ,
50323,170,3,smith,15084,44,3,0,เซลร์ออร์บ,
50324,170,3,smith,15084,52,3,1,เซลร์ออร์บ,
50325,170,3,smith,16088,65,3,0,นากิจักรา,
50326,170,3,smith,16088,18,3,0,นากิจักรา,
50327,170,3,smith,16088,73,3,1,นากิจักรา,
50328,170,3,smith,24081,65,3,0,เจดแลนซ์,
50329,170,3,smith,24081,22,3,0,เจดแลนซ์,
50330,170,3,smith,24081,62,4294967293,1,เจดแลนซ์,
50331,170,3,smith,25072,65,6,0,ลิลลี่แมงมุมแดง,
50332,170,3,smith,25072,161,8,2,ลิลลี่แมงมุมแดง,
50333,170,3,smith,25072,21,3,1,ลิลลี่แมงมุมแดง,
50334,180,3,smith,10105,65,6,0,ดาบเรปทิเลียน,
50335,180,3,smith,10105,18,3,0,ดาบเรปทิเลียน,
50336,180,3,smith,10105,21,3,1,ดาบเรปทิเลียน,
50337,180,3,smith,11094,65,4,0,เดสเซิร์ทเบลด,
50338,180,3,smith,11094,136,5,2,เดสเซิร์ทเบลด,
50339,180,3,smith,11094,22,3,1,เดสเซิร์ทเบลด,
50340,180,3,smith,12084,65,3,0,ฟอเรสต์โบล,
50341,180,3,smith,12084,20,3,0,ฟอเรสต์โบล,
50342,180,3,smith,12084,42,3,1,ฟอเรสต์โบล,
50343,180,3,smith,13091,56,3,0,ฮีทครอสโบว์,
50344,180,3,smith,13091,31,3,0,ฮีทครอสโบว์,
50345,180,3,smith,13091,18,3,1,ฮีทครอสโบว์,
50346,180,3,smith,14103,65,4,0,ไม้เท้าไวน์,
50347,180,3,smith,14103,12,30,0,ไม้เท้าไวน์,
50348,180,3,smith,14103,14,30,1,ไม้เท้าไวน์,
50349,180,3,smith,15089,65,6,0,ปรานดราออร์บ,
50350,180,3,smith,15089,38,8,2,ปรานดราออร์บ,
50351,180,3,smith,15089,75,3,1,ปรานดราออร์บ,
50352,180,3,smith,16094,65,5,0,โฮลี่กาตาร์,
50353,180,3,smith,16094,14,30,0,โฮลี่กาตาร์,
50354,180,3,smith,16094,25,3,1,โฮลี่กาตาร์,
50355,180,3,smith,24086,65,6,0,แอนท์เลอร์สเกลฟ,
50356,180,3,smith,24086,42,3,0,แอนท์เลอร์สเกลฟ,
50357,180,3,smith,24086,6,3,1,แอนท์เลอร์สเกลฟ,
50358,180,3,smith,25083,65,1,0,โฮมุระ,
50359,180,3,smith,25083,74,3,0,โฮมุระ,
50360,180,3,smith,25083,44,3,1,โฮมุระ,
71001,30,4,type4,1000,,5,0,รีไวต้า I,
71002,30,4,type4,1001,,5,0,รีไวต้า II,
71003,30,4,type4,1002,,5,0,รีไวต้า III,
71004,30,4,type4,1003,,5,0,รีไวต้า IV,
71005,30,4,type4,1004,,5,0,รีไวต้า V,
71006,30,4,type4,1005,,5,0,รีไวต้า VI,
71011,30,4,type4,1010,,3,0,รีเจล I,
71012,30,4,type4,1011,,3,0,รีเจล II,
71013,30,4,type4,1012,,3,0,รีเจล III,
71014,30,4,type4,1013,,3,0,รีเจล IV,
71015,30,4,type4,1014,,3,0,รีเจล V,
72001,30,4,type4,2000,,1,0,พลัสไวต้า I,
72002,30,4,type4,2001,,1,0,พลัสไวต้า II,
72003,30,4,type4,2002,,1,0,พลัสไวต้า III,
72011,30,4,type4,2010,,1,0,เมจิกแอด I,
72012,30,4,type4,2011,,1,0,เมจิกแอด II,
72013,30,4,type4,2012,,1,0,เมจิกแอด III,
72021,30,4,type4,2020,,10,0,วัคซีน I,
72022,30,4,type4,2021,,10,0,วัคซีน II,
72023,30,4,type4,2022,,10,0,วัคซีน III,
72402,30,4,type4,2401,,10,0,มันฝรั่งร้อนๆ,
72403,30,4,type4,2402,,10,0,มันฝรั่งอบเนย,
72404,30,4,type4,2403,,10,0,มันฝรั่งมายองเนส,
72405,30,4,type4,2404,,10,0,มันฝรั่งซีโอ,
72406,30,4,type4,2405,,5,0,มันฝรั่งกร๊อบกรอบ,
72407,30,4,type4,2406,,15,0,ไก่ย่างรสโอชา,
72502,30,4,type4,2501,,1,0,โพชั่นแม่นยำ,
72503,30,4,type4,2502,,1,0,ผีเสื้อร่ายรำ,
72504,30,4,type4,2503,,1,0,โพชั่นป้องกัน,
72505,30,4,type4,2504,,1,0,โพชั่นสปีด,
72506,30,4,type4,2505,,1,0,เห็ดนักกล้าม,
72507,30,4,type4,2506,,1,0,เยลลี่หนึบหนับ,
72508,30,4,type4,2507,,1,0,ดวงตานางฟ้า,
72509,30,4,type4,2508,,1,0,โพชั่นสปีดอย่างแรง,
72510,30,4,type4,2509,,1,0,โพชั่นโอเวอร์ฮีท,
72511,30,4,type4,2510,,1,0,โพชั่นเวทลวงตา,
72512,30,4,type4,2511,,1,0,ลูกอมหมอกสีนิล,
72513,30,4,type4,2512,,1,0,ไม้หอมพลังเวท,
72514,30,4,type4,2513,,1,0,สารสกัดทรงพลัง,
72515,30,4,type4,2514,,1,0,หนวดนักธนูเรืองนาม,
72516,30,4,type4,2515,,1,0,โพชั่นดาวตก,
72517,30,4,type4,2516,,1,0,โพชั่นสปีดขั้นเทพ,
72518,30,4,type4,2517,,1,0,หินพลังเวท,
72519,30,4,type4,2518,,1,1,แผ่นป้องกัน,
72520,30,4,type4,2519,,1,1,ไม้เท้าบาเรีย,
72521,30,4,type4,2520,,1,0,ครีมยืดหยุ่น,
72522,30,4,type4,2521,,1,0,ถุงมือช่วยเหลือ,
72523,30,4,type4,2522,,1,0,เพิ่มพลังเวท,
72524,30,4,type4,2523,,1,0,น้ำมันกล้ามเนื้อ,
72525,30,4,type4,2524,,1,0,โพชั่นแสงดาว,
72526,30,4,type4,2525,,1,0,เครื่องรางป้องกันไฟ,
72527,30,4,type4,2526,,1,0,เครื่องรางป้องกันน้ำ,
72528,30,4,type4,2527,,1,0,เครื่องรางป้องกันลม,
72529,30,4,type4,2528,,1,0,เครื่องรางป้องกันดิน,
72530,30,4,type4,2529,,1,0,น้ำมะเขือเทศรสเผ็ด,
72531,30,4,type4,2530,,1,0,เบลดออยล์,
72532,30,4,type4,2531,,1,0,แป้งแวววาว,
72533,30,4,type4,2532,,1,0,ผ้าพันคอแรงบันดาลใจ,
72534,30,4,type4,2533,,1,0,หินดูดพลังเวท,
72535,30,4,type4,2534,,1,0,มอนสเตอร์พอต,
72536,30,4,type4,2535,,1,1,ลูกอมทรงพลัง,
72537,30,4,type4,2536,,1,0,ดังโงะเหนียวหนืด,
72538,30,4,type4,2537,,1,0,เทราสปีดพอต,
72539,30,4,type4,2538,,1,0,ผ้าเช็ดหน้ากรองแสง,
72540,30,4,type4,2539,,1,1,ถุงมือต้านความมืด,
72541,30,4,type4,2540,,1,0,ตาดวงที่สาม,
72542,30,4,type4,2541,,1,0,โพรเทคเพลท,
72543,30,4,type4,2542,,1,0,โค้ทเคลือบเวทมนตร์,
72544,30,4,type4,2543,,1,0,ผ้าเตี่ยวแดงของผู้กล้า,
72545,30,4,type4,2544,,1,0,สเปลเฮดโฟน,
72546,30,4,type4,2545,,1,0,แหวนวิญญาณสงคราม,
72547,30,4,type4,2546,,1,0,ซุปเปอร์ผ้าพันแผล,
72548,30,4,type4,2547,,1,0,คีนินาเร,
72549,30,4,type4,2548,,1,0,ยาสูตรลับของผู้วิเศษ,
72550,30,4,type4,2549,,1,0,เม็ดยาเสริมพลัง,
72551,30,4,type4,2550,,1,0,มานาคาทาลิสต์,
72552,30,4,type4,2551,,1,0,แอร์แบ็คเวสท์,
72553,30,4,type4,2552,,1,0,น้ำมันเจาะเกราะ,
72554,30,4,type4,2553,,1,0,ศิลาวิเคราะห์บาเรีย,
72555,30,4,type4,2554,,1,0,แผ่นขนสัตว์อบอุ่น,
72556,30,4,type4,2555,,1,0,ผ้าพันคอชิโนบุ,
72557,30,4,type4,2556,,1,0,ไม้เบสบอลซาโยนาระ,
72558,30,4,type4,2557,,1,0,หัวกะโหลกเฝ้าระวัง,
72559,30,4,type4,2558,,1,0,โพรเทคเพลท II,
72560,30,4,type4,2559,,1,0,เอลฟ์เบอร์รีพอต,
72561,30,4,type4,2560,,1,0,โอคาริน่าบลูสกาย,
79003,30,4,type4,9002,,1,0,เหล็ก,
79005,30,4,type4,9004,,1,0,เหล็กดามัสกัส,
79007,30,4,type4,9006,,1,0,มิธริล,
79009,30,4,type4,9008,,1,0,โอริคัลคุม,
79010,30,4,type4,9009,,1,0,เหล็กบริสุทธิ์,
79011,30,4,type4,9010,,1,0,ดามัสกัสบริสุทธิ์,
79012,30,4,type4,9011,,1,0,มิธริลบริสุทธิ์,
79013,30,4,type4,9012,,1,0,โอริคัลคุมบริสุทธิ์,
