id,in_item_master,name_th,name_en,name_jp,name_kr,name_cnt,name_idn
1000,1,พื้นเก่า,Old Floor,ボロい床,낡은 바닥,破舊的地板,Lantai Tua
1001,1,กำแพงเก่า,Old Wall,ボロい壁,낡은 벽,破舊的牆壁,Dinding Tua
1002,1,กำแพงเก่า,Old Wall,ボロい壁,낡은 벽,破舊的牆壁,Dinding Tua
1003,1,หลังคาเก่า,Old Roof,ボロい屋根,낡은 지붕,破舊的屋頂,Atap Tua
1004,1,ประตูเก่า,Old Door,ボロいドア,낡은 문,破舊的門,Pintu Tua
1005,1,หน้าต่างเก่า,Old Window,ボロい窓,낡은 창문,破舊的窗戶,Jendela Tua
1006,1,デフォルトの床ブロック,デフォルトの床ブロック,デフォルトの床ブロック,デフォルトの床ブロック,デフォルトの床ブロック,デフォルトの床ブロック
1007,1,デフォルトの地面,デフォルトの地面,デフォルトの地面,デフォルトの地面,デフォルトの地面,デフォルトの地面
1008,0,デフォルトのLockground,デフォルトのLockground,デフォルトのLockground,デフォルトのLockground,デフォルトのLockground,デフォルトのLockground
1009,0,デフォルトのBackground,デフォルトのBackground,デフォルトのBackground,デフォルトのBackground,デフォルトのBackground,デフォルトのBackground
100001,1,เก้าอี้เก่า,Old Chair,ボロい椅子,낡은 의자,破舊的椅子,Kursi Tua
100002,1,เก้าอี้ 1,Chair A,椅子1,의자1,椅子1,Kursi 1
100003,1,เก้าอี้แอนทีค 1,Antique Chair A,古風な椅子1,고풍스러운 의자1,復古造型椅1,Kursi Antik 1
100004,1,เก้าอี้โมเดิร์น 1,Stylish Chair A,おしゃれな椅子1,세련된 의자1,時尚造型椅1,Kursi Modis 1
100005,1,เก้าอี้บุนวม 1,Seat Chair A,クッション椅子1,쿠션 의자1,單人椅1,Kursi Bantal 1
100006,1,เก้าอี้บุนวม 2,Seat Chair B,クッション椅子2,쿠션 의자2,單人椅2,Kursi Bantal 2
100007,1,เก้าอี้แอนทีค 2,Antique Chair B,古風な椅子2,고풍스러운 의자2,復古造型椅2,Kursi Antik 2
100008,1,เก้าอี้ 2,Chair B,椅子2,의자2,椅子2,Kursi 2
100009,1,เก้าอี้บุนวม 3,Seat Chair C,クッション椅子3,쿠션 의자3,單人椅3,Kursi Bantal 3
100010,1,เก้าอี้โมเดิร์น 2,Stylish Chair B,おしゃれな椅子2,세련된 의자2,時尚造型椅2,Kursi Modis 2
100011,1,เก้าอี้โคลอน,Colon Chair,コロン椅子,콜론 의자,科隆椅,Kursi Colon
100012,1,เก้าอี้โรงเรียน,School Chair,スクール椅子,스쿨 의자,課椅,Kursi Sekolah
100013,1,เก้าอี้โมเดิร์น 3,Stylish Chair C,おしゃれな椅子3,세련된 의자3,時尚造型椅3,Kursi Modis 3
100014,1,เก้าอี้โปทัม,Potum Chair,ポトゥムチェア,포툼 체어,波多姆椅子,Kursi Potum
100015,1,เบาะรองนั่ง 1,Zabuton A,座布団1,방석1,坐墊1,Zabuton 1
100016,1,เบาะรองนั่ง 2,Zabuton B,座布団2,방석2,坐墊2,Zabuton 2
100017,1,เบาะรองนั่ง 3,Zabuton C,座布団3,방석3,坐墊3,Zabuton 3
100018,1,เบาะรองนั่ง 4,Zabuton D,座布団4,방석4,坐墊4,Zabuton 4
100019,1,เก้าอี้โบสถ์,Church Pew,教会の椅子,교회 의자,教堂椅,Bangku Gereja
100020,1,เก้าอี้พับ,Fold Chair,パイプ椅子,파이프 의자,折疊椅,Kursi Pipa
100021,1,เก้าอี้โกธิค,Gothic Chair,ゴシックチェア,고딕 체어,哥德風椅子,Kursi Gotik
100022,1,เก้าอี้สูง 1,Bar Stool A,ハイチェア1,하이 체어1,高腳椅1,Kursi Tinggi 1
100023,1,เก้าอี้สูง 2,Bar Stool B,ハイチェア2,하이 체어2,高腳椅2,Kursi Tinggi 2
100024,1,เก้าอี้สูง 3,Bar Stool C,ハイチェア3,하이 체어3,高腳椅3,Kursi Tinggi 3
100025,1,เก้าอี้หัวใจ,Heart Chair,ハートチェア,하트 체어,心形椅子,Kursi Hati
100026,1,เก้าอี้ออฟฟิศ 1,Office Chair A,オフィスチェア1,사무실 의자1,辦公椅1,Kursi Kantor 1
100027,1,เก้าอี้ออฟฟิศ 2,Office Chair B,オフィスチェア2,사무실 의자2,辦公椅2,Kursi Kantor 2
100028,1,เก้าอี้ชนชั้นสูง,Aristocrat Chair,貴族の椅子,귀족 의자,貴族風椅子,Kursi Bangsawan
100029,1,เก้าอี้ผี,Spooky Chair,オバケチェア,유령 체어,幽靈造型椅,Kursi Hantu
100030,1,เก้าอี้ฟักทอง,Pumpkin Chair,カボチャチェア,호박 체어,南瓜造型椅,Kursi Labu
100031,1,เก้าอี้เลิฟลี่1 ,Lovely Chair A,ラヴリィチェア1,러블리 체어1,愛戀造型椅1,Kursi Syantik A
100032,1,เก้าอี้เลิฟลี่2,Lovely Chair B,ラヴリィチェア2,러블리 체어2,愛戀造型椅2,Kursi Syantik B
100033,1,เก้าอี้ผ้า 1,Sofa A,布椅子1,천 의자1,布質沙發椅1,Sofa A
100034,1,เก้าอี้ผ้า 2,Sofa B,布椅子2,천 의자2,布質沙發椅2,Sofa B
100035,1,เก้าอี้ผ้า 3,Sofa C,布椅子3,천 의자3,布質沙發椅3,Sofa C
100036,1,เก้าอี้สไตล์ยุโรป,Mansion Chair,洋館の椅子,서양식 저택 의자,別墅椅子,Kursi Wisma
100037,1,โซฟาพัมกิ้น,Pumpkin Sofa,パンプキンソファ,펌프킨 소파,南瓜沙發,Sofa Labu
100038,1,โซฟาโรงละคร,Theater Sofa,劇場のソファ,극장 소파,劇場的沙發,Sofa Teater
100039,1,เก้าอี้โรงละคร,Theater Chair,劇場の椅子,극장 의자,劇場的椅子,Kursi Teater
100040,1,โซฟาเลื่อนคริสต์มาส,Xmas Sleigh Chair,ソリチェア,썰매 체어,雪橇椅,Kursi Kereta Luncur
100041,1,สโนว์โซฟา,Snow Sofa,スノーソファ,스노우 소파,雪花沙發,Sofa Salju
100042,1,มาการองออตโตมัง1,Macaron Ottoman A,マカロンオットマン1,마카롱 오토만1,馬卡龍腳凳1,Kursi Ottoman Makaron A
100043,1,มาการองออตโตมัง2,Macaron Ottoman B,マカロンオットマン2,마카롱 오토만2,馬卡龍腳凳2,Kursi Ottoman Makaron B
100044,1,โซฟาในคฤหาสน์,Manor Sofa,洋館のソファ,서양식 저택 소파,洋樓的沙發,Sofa Wisma
100045,1,คอมแพคโซฟา A,Compact Sofa A,コンパクトソファA,콤팩트 소파A,小型沙發A,Sofa Kompak A
100046,1,คอมแพคโซฟา B,Compact Sofa B,コンパクトソファB,콤팩트 소파B,小型沙發B,Sofa Kompak B
100047,1,เก้าอี้ฐานลับ,Secret Base Chair,秘密基地の椅子,비밀기지 의자,秘密基地的椅子,Kursi Markas Rahasia
100048,1,เก้าอี้น้ำแข็งศักดิ์สิทธิ์,Sacred Ice Chair,聖氷の椅子,성빙 의자,聖冰椅子,Kursi Es Suci
100049,1,เก้าอี้เลิฟลี่ 3,Lovely Chair C,ラヴリィチェア3,러블리 체어3,愛戀造型椅3,Kursi Syantik C
100050,1,เก้าอี้เลิฟลี่ 4,Lovely Chair D,ラヴリィチェア4,러블리 체어4,愛戀造型椅4,Kursi Syantik D
100051,1,โต๊ะเล่นการ์ดเกม,Card Game Chair,カードゲーム椅子,카드 게임 의자,紙牌遊戲椅,Kursi Bermain Kartu
100052,1,เก้าอี้สุดหรูสีขาว,Gorgeous White Chair,豪華な椅子(白),호화찬란한 체어(화이트),豪華椅子(白),Kursi Putih Megah
100053,1,เก้าอี้สุดหรูสีแดง,Gorgeous Red Chair,豪華な椅子(赤),호화찬란한 체어(레드),豪華椅子(紅),Kursi Merah Megah
100054,1,เก้าอี้โบสถ์ 2,Church Pew B,教会の椅子2,교회 의자2,教堂椅2,Bangku Gereja B
100055,1,โซฟาหนัง 1,Leather Sofa 1,レザーソファ1,가죽 소파1,皮革沙發1,Sofa Kulit A
100056,1,โซฟาหนัง 2,Leather Sofa 2,レザーソファ2,가죽 소파2,皮革沙發2,Sofa Kulit B
100057,1,โซฟาหนัง 3,Leather Sofa 3,レザーソファ3,가죽 소파3,皮革沙發3,Sofa Kulit C
100058,1,โซฟาหนัง 4,Leather Sofa 4,レザーソファ4,가죽 소파4,皮革沙發4,Sofa Kulit D
100059,1,เก้าอี้เวดดิ้ง 1,Bridal Chair A,ウェディングの椅子1,웨딩 의자1,婚禮椅子1,Kursi Pelaminan A
100060,1,เก้าอี้ชั้นเลิศ,Fabulous Chair,素敵なチェア,근사한 의자,非凡的椅子,Kursi Mentereng
100061,1,โซฟาชั้นเลิศ,Fabulous Sofa,素敵なソファ,근사한 소파,非凡的沙發,Sofa Mentereng
100062,1,โซฟายาวชั้นเลิศ,Fabulous Sofa (Long),素敵なソファ(長),근사한 소파(장),非凡的沙發(長),Sofa Mentereng (Panjang)
100063,1,เก้าอี้โมเดิร์นยาว,Elegant Bench,おしゃれな長椅子,세련된 긴 의자,時尚造型長椅,Bangku Modis
100064,1,เก้าอี้คริสต์มาสยาว,Xmas Long Bench,クリスマス長椅子,크리스마스 긴 의자,聖誕長椅,Bangku Natal Panjang
100065,1,โซฟาหัวใจคู่ 1,Couple Heart Sofa A,ペアハートソファ1,페어 하트 소파1,成雙愛心沙發1,Sofa Hati Kopel A
100066,1,โซฟาหัวใจคู่ 2,Couple Heart Sofa B,ペアハートソファ2,페어 하트 소파2,成雙愛心沙發2,Sofa Hati Kopel B
100067,1,โซฟาหัวใจคู่ 3,Couple Heart Sofa C,ペアハートソファ3,페어 하트 소파3,成雙愛心沙發3,Sofa Hati Kopel C
100068,1,โซฟาหัวใจคู่ 4,Couple Heart Sofa D,ペアハートソファ4,페어 하트 소파4,成雙愛心沙發4,Sofa Hati Kopel D
100069,1,โดนัทออตโตมัน 1,Donut Ottoman A,ドーナッツオットマン1,도넛 오토만1,甜甜圈腳凳1,Kursi Ottoman Donat A
100070,1,โดนัทออตโตมัน 2,Donut Ottoman B,ドーナッツオットマン2,도넛 오토만2,甜甜圈腳凳2,Kursi Ottoman Donat B
100071,1,เก้าอี้เคาน์เตอร์ 1,Counter Stool A,カウンターチェア1,카운터 의자1,吧台椅A,Kursi Konter A
100072,1,เก้าอี้เคาน์เตอร์ 2,Counter Stool B,カウンターチェア2,카운터 의자2,吧台椅B,Kursi Konter B
100073,1,หมอนอิงคุกกี้กลม,Round Cookie Cushion,丸いクッキークッション,동그란 쿠키 쿠션,圓餅乾坐墊,Bantal Kukis Bulat
100074,1,เก้าอี้ทอง,Gold Chair,ゴールドチェア,골드 체어,純金座椅,Kursi Mas
100075,1,เก้าอี้โต๊ะไพ่นกกระจอก,Mahjong Chair,雀卓の椅子,마작 체어,麻將椅,Kursi Mahyong
100076,1,โซฟาโปทัม,Potum Sofa,ポトゥムソファ,포툼 소파,波多姆沙發,Sofa Potum
100077,1,เบาะรองนั่งสีซากุระ,Sakura Zabuton,桜色の座布団,벚꽃색 방석,櫻花色坐墊,Zabuton Sakura
100078,1,เก้าอี้เวดดิ้ง 2,Bridal Chair B,ウェディングの椅子2,웨딩 의자2,婚禮椅子2,Kursi Pelaminan B
200001,0,โต๊ะเก่า,Old Desk,ボロい机,낡은 테이블,破舊的桌子,Meja Tua
200002,0,โต๊ะ 1,Desk A,机1,테이블1,桌子1,Meja 1
200003,0,โต๊ะแอนทีค 1,Antique Desk A,古風な机1,고풍스러운 테이블1,復古造型桌1,Meja Antik 1
200004,0,โต๊ะโมเดิร์น,Stylish Desk,おしゃれな机,세련된 테이블,時尚造型桌2,Meja Modis
200005,0,โต๊ะ 2,Desk B,机2,테이블2,桌子2,Meja 2
200006,0,โต๊ะ 3,Desk C,机3,테이블3,桌子3,Meja 3
200007,0,โต๊ะแอนทีค 2,Antique Desk B,古風な机2,고풍스러운 테이블2,復古造型桌2,Meja Antik 2
200008,0,โต๊ะ 4,Desk D,机4,테이블4,桌子4,Meja 4
200009,0,โต๊ะโรงเรียน,School Desk,スクール机,스쿨 테이블,課桌,Meja Sekolah
200010,0,โต๊ะโปทัม,Potum Desk,ポトゥムデスク,포툼 데스크,波多姆書桌,Meja Potum
200011,0,โต๊ะ 1 (ยาว),Desk A (Long),机1(長),테이블1(장),長桌1,Meja 1 (Panjang)
200012,0,โต๊ะแอนทีค 1 (ยาว),Antique Desk A (Long),古風な机1(長),고풍스러운 테이블1(장),復古造型長桌1,Meja Antik 1 (Panjang)
200013,0,โต๊ะโมเดิร์น (ยาว),Stylish Desk (Long),おしゃれな机(長),세련된 테이블(장),時尚造型長桌,Meja Modis (Panjang)
200014,0,โต๊ะประชุม,Fold Table,会議テーブル,회의용 테이블,會議桌,Meja Rapat
200015,0,โต๊ะโกธิค,Gothic Desk,ゴシックデスク,고딕 데스크,哥德風桌子,Meja Gotik
200016,0,โต๊ะไม้มีลิ้นชัก,Tatami Writing Desk,座敷デスク,좌식 책상,日式書桌,Meja Ruang Tatami
200017,0,โต๊ะไม้กลมเล็ก,Low Dining Table A,ちゃぶ台1,나무 탁상1,日式飯桌1,Meja Bundar Rendah 1
200018,0,โต๊ะไม้กลมใหญ่,Low Dining Table B,ちゃぶ台2,나무 탁상2,日式飯桌2,Meja Bundar Rendah 2
200019,0,เคาน์เตอร์บาร์ 1,Bar Counter A,バーカウンター1,바 카운터1,吧檯1,Meja Bar 1
200020,0,เคาน์เตอร์บาร์ 2,Bar Counter B,バーカウンター2,바 카운터2,吧檯2,Meja Bar 2
200021,0,โต๊ะหัวใจ,Heart Desk,ハートデスク,하트 데스크,心形桌子,Meja Hati
200022,0,โต๊ะออฟฟิศ 1,Office Desk A,オフィスデスク1,사무실 책상1,辦公桌1,Meja Kantor 1
200023,0,โต๊ะออฟฟิศ 2,Office Desk B,オフィスデスク2,사무실 책상2,辦公桌2,Meja Kantor 2
200024,0,โต๊ะ 1 (ใหญ่),Desk A (L),机1(大),테이블1(대),桌子1(大),Meja 1 (Besar)
200025,0,โต๊ะแอนทีค 1 (ใหญ่),Antique Desk A (L),古風な机1(大),고풍스러운 테이블1(대),復古造型桌1(大),Meja Antik 1 (Besar)
200026,0,โต๊ะโมเดิร์น (ใหญ่),Stylish Desk (L),おしゃれな机(大),세련된 테이블(대),時尚造型桌(大),Meja Modis (Besar)
200027,0,โต๊ะชนชั้นสูง,Aristocrat Desk,貴族の机,귀족 책상,貴族風桌子,Meja Bangsawan
200028,0,โต๊ะฟักทอง,Pumpkin Desk,カボチャデスク,호박 데스크,南瓜造型桌,Meja Labu
200029,0,โต๊ะบุฟเฟ่ต์ 1,Buffet Table A,ビュッフェテーブル1,뷔페 테이블1,自助餐桌1,Meja Buffet A
200030,0,โต๊ะบุฟเฟ่ต์ 2,Buffet Table B,ビュッフェテーブル2,뷔페 테이블2,自助餐桌2,Meja Buffet B
200031,0,โต๊ะบุฟเฟ่ต์ 3,Buffet Table C,ビュッフェテーブル3,뷔페 테이블3,自助餐桌3,Meja Buffet C
200032,0,โต๊ะเลิฟลี่,Lovely Desk,ラヴリィデスク,러블리 데스크,愛戀造型桌,Meja Syantik
200033,0,โต๊ะสำหรับปาร์ตี้ (แดง),Party Table (Red),パーティテーブル(赤),파티 테이블(빨강),派對方桌(紅),Meja Pesta (Merah)
200034,0,โต๊ะสำหรับปาร์ตี้ (ฟ้า),Party Table (Blue),パーティテーブル(青),파티 테이블(파랑),派對方桌(藍),Meja Pesta (Biru)
200035,0,โต๊ะสไตล์ยุโรป,Mansion Table,洋館の机,서양식 저택 테이블,別墅桌子,Meja Wisma
200036,0,โต๊ะ 4 (ยาว),Desk D (Long),机4(長),테이블4(장),桌子4(長),Meja 4 (Panjang)
200037,0,โต๊ะ 4 (ใหญ่),Desk D (L),机4(大),테이블4(대),桌子4(大),Meja 4 (Besar)
200038,0,สโนว์เทเบิ้ล,Snow Table,スノーテーブル,스노우 테이블,雪花桌,Meja Salju
200039,0,โต๊ะอุ่นขา 1,Kotatsu A,こたつ1,코타츠1,暖桌1,Kotatsu A
200040,0,แท่นพิธีแบบในโบสถ์,Pulpit,教会風の教壇,교회풍 교단,教會風格的教壇,Mimbar Gereja
200041,0,โต๊ะเวดดิ้ง A,Wedding Table A,ウェディングテーブル1,웨딩 테이블1,婚禮餐桌1,Meja Pernikahan A
200042,0,โต๊ะเตี้ยในคฤหาสน์,Manor Low Table,洋館ローテーブル,서양식 저택 낮은 테이블,洋樓的矮桌,Meja Rendah Wisma
200043,0,โต๊ะฐานลับ,Secret Base Desk,秘密基地の机,비밀기지 책상,秘密基地的桌子,Meja Markas Rahasia
200044,0,โต๊ะน้ำแข็งศักดิ์สิทธิ์,Sacred Ice Table,聖氷の机,성빙 테이블,聖冰桌,Meja Es Suci
200045,0,โต๊ะสุดหรูสีขาว,Gorgeous White Table,豪華な机(白),호화찬란한 테이블(화이트),豪華桌子(白),Meja Putih Megah
200046,0,โต๊ะสุดหรูสีแดง,Gorgeous Red Table,豪華な机(赤),호화찬란한 테이블(레드),豪華桌子(紅),Meja Merah Megah
200047,0,โต๊ะอุ่นขาสีดำ,Black Kotatsu,ブラックこたつ,블랙 코타츠,黑色暖桌,Kotatsu Hitam
200048,0,โต๊ะเวดดิ้ง B,Wedding Table B,ウェディングテーブル2,웨딩 테이블2,婚禮餐桌2,Meja Pernikahan B
200049,0,โต๊ะเวดดิ้ง C,Wedding Table C,ウェディングテーブル3,웨딩 테이블3,婚禮餐桌3,Meja Pernikahan C
200050,0,โต๊ะยาวชั้นเลิศ,Fabulous Low Table,素敵なローテーブル,근사한 낮은 테이블,非凡的矮桌,Meja Rendah Mentereng
200051,0,โต๊ะทำงานตกปลา,Fishing Workbench,釣り作業台,낚시 작업대,釣魚工作桌,Meja Peralatan Pancing
200052,0,โต๊ะบอร์ดเกมขนาดใหญ่,Big Board Game Table,大きなゲームテーブル,커다란 게임 테이블,大型遊戲桌,Meja Bermain Besar
200053,0,โต๊ะชนชั้นสูง (กลม),Round Aristocrat Desk,貴族の机(丸),귀족 책상(원),貴族桌(圓),Meja Bangsawan Bulat
200054,0,โต๊ะชมจันทร์,Tsukimi Table,月見机,달구경 대,賞月桌,Meja Tsukimi
200055,0,โต๊ะคริสต์มาส,Xmas Table,クリスマステーブル,크리스마스 테이블,聖誕餐桌,Meja Natal
200056,0,โต๊ะสำหรับปาร์ตี้ (ใหญ่),Party Table (L),パーティテーブル(大),파티 테이블(대),派對方桌(大),Meja Pesta (B)
200057,0,เคาน์เตอร์คาเฟ่,Café Counter,カウンターテーブル,카운터 테이블,櫃檯桌,Konter Kafe
200058,0,เคาน์เตอร์คาเฟ่ (มุม),Café Counter (Corner),カウンターテーブル(角）,카운터 테이블(각),櫃檯桌(角),Konter Kafe (Sudut)
200059,0,โต๊ะไพ่นกกระจอก,Automatic Mahjong Table,全自動麻雀卓,전자동 마작 테이블,全自動麻將桌,Meja Mahyong Otomatis
200060,0,โต๊ะกลมเก่าซอมซ่อ 1,Shabby Round Table A,ボロの丸テーブル1,낡은 원형 테이블1,破舊圓桌1,Meja Bulat Usang A
200061,0,โต๊ะกลมเก่าซอมซ่อ 2,Shabby Round Table B,ボロの丸テーブル2,낡은 원형 테이블2,破舊圓桌2,Meja Bulat Usang B
200062,0,โต๊ะอุ่นขา 2,Kotatsu B,こたつ2,코타츠2,暖桌2,Kotatsu B
300001,0,เตียงเก่า,Old Bed,ボロいベッド,낡은 침대,破舊的床,Ranjang Tua
300002,0,เตียง 1,Bed A,ベッド1,침대1,床1,Ranjang 1
300003,0,เตียงดับเบิ้ล,Double Bed,ダブルベッド,더블 침대,雙人床,Ranjang Ganda
300004,0,เตียงแอนทีค,Antique Bed,古風なベッド,고풍스러운 침대,復古造型床,Ranjang Antik
300005,0,เตียงโมเดิร์น1,Stylish Bed A,おしゃれなベッド1,세련된 침대1,時尚造型床1,Ranjang Modis 1
300006,0,เตียง 2,Bed B,ベッド2,침대2,床2,Ranjang 2
300007,0,เตียงโคลอน,Colon Bed,コロンベッド,콜론 침대,科隆床,Ranjang Colon
300008,0,เตียงโมเดิร์น 2,Stylish Bed B,おしゃれなベッド2,세련된 침대2,時尚造型床2,Ranjang Modis 2
300009,0,เตียง 3,Bed C,ベッド3,침대3,床3,Ranjang 3
300010,0,เตียงหน้าร้อน,Deck Chair,サマーベッド,서머 베드,躺椅,Kursi Geladak
300011,0,โลงศพ,Coffin,棺桶,관,棺材,Peti Mati
300012,0,ที่นอนแบบญี่ปุ่น,Futon,敷き布団,이부자리,和風床組,Futon
300013,0,เตียงชนชั้นสูง,Noble's Bed,貴族のベッド,귀족 침대,貴族床組,Ranjang Bangsawan
300014,0,เตียงสี่เสา,Canopied Bed,天蓋付きベッド,캐노피 베드,天蓬床,Ranjang Kanopi
300015,0,เตียงเลิฟลี่,Lovely Bed,ラヴリィベッド,러블리 베드,愛戀床組,Ranjang Syantik
300016,0,เตียงแอลโคฟ,Alcove Bed,アルコーブ風ベッド,알코브 풍 침대,壁龕式床組,Ranjang Alcove
300017,0,เตียง 4,Bed D,ベッド4,침대4,床4,Ranjang 4
300018,0,เตียงสไตล์ยุโรป,Mansion Bed,洋館のベッド,서양식 저택 침대,別墅床組,Ranjang Wisma
300019,0,เตียงน้ำแข็งศักดิ์สิทธิ์,Sacred Ice Bed,聖氷のベッド,성스러운 얼음 침대,聖冰床組,Ranjang Es Suci
300020,0,เตียงยีนส์โดว์,Jeandoux Bed,ジャンドゥベッド,쟌두 침대,榛杜造型床,Matras Jeandoux
300021,0,เตียงสองชั้น,Loft Bed,ロフトベッド,로프트 베드,高腳床,Tempat Tidur Loteng
300022,0,เตียงโซฟาคริสต์มาส,Xmas Sofa Bed,クリスマスソファベッド,크리스마스 소파 베드,聖誕沙發床,Sofa Bed Natal
300023,0,หมอนพิลโล่,Pillow's Pillow,ピロー枕,Pillow 베개,枕頭枕,Bantal Pillow
300024,0,ที่นอนเสื่อทาทามิ,Sleeping Mat,寝茣蓙,삼베 돗자리,草蓆,Tikar Alas Tidur
300025,0,มุ้งกันยุง,Futon with Mosquito Net,蚊帳付き布団,이불 모기장,帶蚊帳的睡墊,Futon Berkelambu
300026,0,ไวท์เดย์โซฟาเบด,White Day Sofa Bed,ホワイトデーソファベッド,화이트데이 소파베드,白色情人節沙發床,Sofa Bed White Day
300027,0,โซฟาพักผ่อนสุดคูล,Cool Lounger,さわやかカウチベッド,시원한 카우치,清爽躺椅,Bangku Santai Keren
300028,0,เตียงสองชั้น 2,Loft Bed B,ロフトベッド2,로프트 베드 2,高腳床2,Tempat Tidur Loteng 2
300029,0,เตียงรถเลื่อนคริสต์มาส,Xmas Sleigh Bed,クリスマスソリベッド,크리스마스 썰매 베드,聖誕雪橇床,Ranjang Kereta Luncur
400001,0,ตู้เสื้อผ้าเก่า,Old Closet,ボロいクローゼット,낡은 옷장,破舊的衣櫃,Lemari Tua
400002,0,ตู้ลิ้นชักเก่า,Old Drawer,ボロいチェスト,낡은 수납장,破舊的收納櫃,Laci Tua
400003,0,ตู้เสื้อผ้า,Closet,クローゼット,옷장,衣櫃,Lemari
400004,0,ตู้ลิ้นชัก 1,Drawer A,チェスト1,수납장1,收納櫃1,Laci 1
400005,0,ตู้เสื้อผ้าแอนทีค,Antique Closet,古風なクローゼット,고풍스러운 옷장,復古造型衣櫃,Lemari Antik
400006,0,ตู้ลิ้นชักโมเดิร์น,Stylish Drawer,おしゃれなチェスト,세련된 수납장,時尚收納櫃,Laci Modis
400007,0,ชั้นวางของ,Shelf,棚,선반,收納架,Rak
400008,0,ชั้นวางของโมเดิร์น,Stylish Shelf,おしゃれな棚,세련된 선반,時尚造型架,Rak Modis
400009,0,ชั้นวางของกระจก 1,Glass Shelf A,ガラスの棚1,유리로 된 선반1,玻璃架1,Rak Kaca 1
400010,0,ชั้นวางของกระจก 2,Glass Shelf B,ガラスの棚2,유리로 된 선반2,玻璃架2,Rak Kaca 2
400011,0,ตู้เสื้อผ้าโคลอน,Colon Closet,コロンクローゼット,콜론 옷장,科隆衣櫃,Lemari Colon
400012,0,ตู้ลิ้นชักแอนทีค,Antique Drawer,古風なチェスト,고풍스러운 체스트,復古造型收納櫃,Laci Antik
400013,0,ล็อคเกอร์ 1,Locker A,ロッカー1,라커1,置物櫃1,Loker 1
400014,0,ตู้เสื้อผ้าสไตล์จีน,Chinese-Style Closet,中華風クローゼット,중화풍 옷장,中式衣櫃,Lemari Gaya Cina
400015,0,ตู้ลิ้นชัก 2,Drawer B,チェスト2,수납장2,收納櫃2,Laci 2
400016,0,ล็อคเกอร์ 2,Locker B,ロッカー2,라커2,置物櫃2,Loker 2
400017,0,โต๊ะเครื่องแป้งเลิฟลี่,Lovely Dresser,ラヴリィドレッサー,러블리 드레서,愛戀化妝台,Meja Rias Syantik
400018,0,ตู้ลิ้นชักเลิฟลี่,Lovely Chest,ラヴリィチェスト,러블리 체스트,愛戀收納櫃,Lemari Laci Syantik
400019,0,ชั้นวางภาชนะ,Cupboard,食器棚,식기 찬장,碗櫃,Lemari Dapur
400020,0,ชั้นเก็บเสื้อผ้าสไตล์ยุโรป,Mansion Closet,洋館のクローゼット,서양식 저택 옷장,別墅衣櫃,Lemari Wisma
400021,0,ตู้สเตนเลส,Stainless Steel Cabinet,ステンレスの収納,스테인리스 수납장,不鏽鋼收納櫃,Lemari Antikarat
400022,0,โต๊ะเครื่องแป้งสโนว์,Snow Vanity,スノードレッサー,스노우 드레서,雪花妝台,Meja Rias Salju
400023,0,ตู้เก็บเหล้า,Liquor Cabinet,酒棚,술 선반,酒櫃,Lemari Arak
400024,0,ตู้ฐานลับ,Secret Base Cabinet,秘密基地の棚,비밀기지 캐비닛,秘密基地的櫃子,Lemari Markas Rahasia
400025,0,ตู้น้ำแข็งศักดิ์สิทธิ์ A,Sacred Ice Closet A,聖氷のクローゼット1,성빙 옷장1,聖冰衣櫃1,Lemari Es Suci A
400026,0,ตู้น้ำแข็งศักดิ์สิทธิ์ B,Sacred Ice Closet B,聖氷のクローゼット2,성빙 옷장2,聖冰衣櫃2,Lemari Es Suci B
400027,0,ชั้นวางนักผสมของ 1,Synthesist's Shelf 1,合成屋の棚1,합성소 선반1,合成所的櫃子1,Rak Pakar Padu A
400028,0,ชั้นวางนักผสมของ 2,Synthesist's Shelf 2,合成屋の棚2,합성소 선반2,合成所的櫃子2,Rak Pakar Padu B
400029,0,ชั้นวางนักผสมของ 3,Synthesist's Shelf 3,合成屋の棚3,합성소 선반3,合成所的櫃子3,Rak Pakar Padu C
400030,0,ชั้นวางรีไวต้า,Revita Rack,リバイタの棚,리바이타 선반,回復劑收納架,Rak Revita
400031,0,ชั้นวางยาช่วยชีวิต,Life Potion Rack,ライポの棚,라이프포션 선반,生命藥收納架,Rak Life Potion
400032,0,ชั้นวางยามานา,Mana Potion Rack,マナポの棚,마나포션 선반,魔力劑收納架,Rak Mana Potion
400033,0,ชั้นวางยาความเร็ว,Speed Potion Rack,スピポの棚,스피드포션 선반,神速飲料收納架,Rak Jamu Ngebut
400034,0,ตู้ลิ้นชักไม้พาวโลว์เนีย,Paulownia Chiffonier,桐タンス,오동나무 서랍장,桐木五斗櫃,Lemari Laci Paulownia
400035,0,โต๊ะเครื่องแป้งสีทอง,Golden Vanity,金色のドレッサー,골든 드레서,金色梳妝台,Meja Rias Emas
400036,0,ตู้สไตล์ญี่ปุ่น,Japanese Step Chest,和風の箪笥,일본풍 서랍장,日式櫃子,Lemari Antik Tangga Jepang
500001,0,ตะเกียง 1,Lamp A,ランプ1,램프1,燈1,Lampu 1
500002,0,ไฟ 1,Light A,照明1,조명1,電燈1,Penerangan 1
500003,0,โคมไฟโมเดิร์น 1,Stylish Light A,おしゃれな照明1,세련된 조명1,時尚造型燈具1,Penerangan  Modis 1
500004,0,ตะเกียงโมเดิร์น,Stylish Lamp,おしゃれなランプ,세련된 램프,時尚造型燈,Lampu Modis
500005,0,ไฟแขวนแบบแอนทีค,Antique Pendant Light,古風な吊るし照明,고풍스러운 천장 조명,復古吊燈,Penerangan Gantung Antik
500006,0,ไฟตั้งพื้นแบบแอนทีค,Antique Stand Light,古風な置き照明,고풍스러운 스탠드 조명,復古立燈,Penerangan Duduk Antik
500007,0,ไฟ 2,Light B,照明2,조명2,電燈2,Penerangan 2
500008,0,ตะเกียง 2,Lamp B,ランプ2,램프2,燈2,Lampu 2
500009,0,ตะเกียงอัญมณี,Gem Lamp,ジェムランプ,젬 램프,晶石燈,Lampu Permata
500010,0,ไฟตั้งพื้น,Stand Light,スタンドライト,스탠드 라이트,立燈,Lampu Berdiri
500011,0,เทียน,Candle,ロウソク,촛불,蠟燭,Lilin
500012,0,ตะเกียงโซเฟีย,Sofya Lamp,ソフィアランプ,소피아 램프,索非亞式燈,Lampu Sofya
500013,0,ไฟ 3,Light C,照明3,조명3,電燈3,Penerangan 3
500014,0,ไฟ 4,Light D,照明4,조명4,電燈4,Penerangan 4
500015,0,โคม (แขวน),Chochin,提灯(吊り),등롱(천장용),提燈(吊掛),Lampion (Gantung)
500016,0,โคม (ตั้ง),Floor Chochin,提灯(置き),등롱(바닥용),提燈(立式),Lampion (Duduk)
500017,0,ไฟประดับแฟนซี 1,Fancy Light A,高級な照明1,고급스러운 조명1,高級燈具1,Penerangan Mewah 1
500018,0,โคมไฟโมเดิร์น 2,Stylish Light B,おしゃれな照明2,세련된 조명2,時尚造型電燈2,Penerangan  Modis 2
500019,0,โคมไฟเอล สคาโร,El Scaro Light,エル・スカーロ照明,엘 스카로의 조명,艾爾‧斯卡羅式燈具,Penerangan El Scaro
500020,0,เชิงเทียน 1,Candelabrum A,燭台１,촛대1,燭台1,Kandil 1
500021,0,เชิงเทียน 2,Candelabrum B,燭台２,촛대2,燭台2,Kandil 2
500022,0,ไฟ 5,Light E,照明5,조명5,電燈5,Penerangan 5
500023,0,โคมไฟกระดาษ 1,Paper Lantern A,行灯1,행등1,和風燈飾1,Lentera 1
500024,0,โคมไฟกระดาษ 2,Paper Lantern B,行灯2,행등2,和風燈飾2,Lentera 2
500025,0,มิลเลอร์บอล 1,Mirror Ball A,ミラーボール1,미러볼1,舞廳鏡球1,Lampu Disko 1
500026,0,มิลเลอร์บอล 2,Mirror Ball B,ミラーボール2,미러볼2,舞廳鏡球2,Lampu Disko 2
500027,0,สปอตไลท์แบบมีขาตั้ง 1,Standing Spotlight A,置きスポットライト1,거치형 스포트라이트1,立式聚光燈1,Lampu Sorot Berdiri 1
500028,0,สปอตไลท์แบบมีขาตั้ง 2,Standing Spotlight B,置きスポットライト2,거치형 스포트라이트2,立式聚光燈2,Lampu Sorot Berdiri 2
500029,0,สปอตไลท์แบบมีขาตั้ง 3,Standing Spotlight C,置きスポットライト3,거치형 스포트라이트3,立式聚光燈3,Lampu Sorot Berdiri 3
500030,0,ไฟ 6,Light F,照明6,조명6,電燈6,Penerangan 6
500031,0,ไฟประดับแฟนซี 2,Fancy Light B,高級な照明2,고급스러운 조명2,高級燈具2,Penerangan Mewah 2
500032,0,ไฟ 7,Light G,照明7,조명7,電燈7,Penerangan 7
500033,0,โคมไฟน้ำแข็งศักดิ์สิทธิ์,Sacred Ice Light,聖氷の照明,성빙의 조명,聖冰燈具,Penerangan Es Suci
500034,0,โคมไฟปราสาทซากุระ,Sakura Castle Light,桜雲城のライト,앵운성 라이트,櫻雲城的燈具,Lampu Benteng Sakura
500035,0,ไฟประดับแฟนซี 3,Fancy Light C,高級な照明3,고급스러운 조명3,高級燈具3,Penerangan Mewah 3
500036,0,ไฟสไตล์ยุโรป 1,Mansion Light A,洋館の照明1,서양식 저택 조명 1,別墅吊燈1,Penerangan Wisma 1
500037,0,ไฟสไตล์ยุโรป 2,Mansion Light B,洋館の照明2,서양식 저택 조명 2,別墅吊燈2,Penerangan Wisma 2
500038,0,ไฟปาร์ตี้,Party Light,パーティライト,파티 라이트,派對燈具,Lampu Pesta
500039,0,พัดลมติดเพดาน 1,Ceiling Fan A,シーリングファン1,실링팬1,吊扇1,Kipas Angin Gantung A
500040,0,พัดลมติดเพดาน 2,Ceiling Fan B,シーリングファン2,실링팬2,吊扇2,Kipas Angin Gantung B
500041,0,โคมไฟตุรกี 1,Turkish Lamp A,トルコ風ランプ1,터키식 램프1,土耳其式燈1,Lampu Turki 1
500042,0,โคมไฟตุรกี 2,Turkish Lamp B,トルコ風ランプ2,터키식 램프2,土耳其式燈2,Lampu Turki 2
500043,0,โคมไฟพัมกิ้น,Pumpkin Light,パンプキンライト,펌프킨 라이트,南瓜燈,Lampu Labu
500044,0,คริสตัลสโนว์ไลท์,Crystal Snow Light,クリスタルスノーライト,크리스탈 스노우 라이트,水晶雪花燈,Lampu Salju Kristal
500045,0,แคนดี้คราฟต์แชนเดอเรีย,Candy Craft Chandelier,飴細工シャンデリア,사탕 세공 샹들리에,糖藝吊燈,Lampu Gantung Permen Mewah
500046,0,ตะเกียงบอนโบริ,Bonbori Lantern,雪洞,육각등,雪洞燈,Lentera Bonbori
500047,0,หัวใจประดับเพดาน,Ceiling Hearts Ornament,ハートの天井飾り,하트 천장 장식,心型吊頂裝飾,Hiasan Langit-Langit Hati
500048,0,ไฟสไตล์ยุโรป 3,Mansion Light C,洋館の照明3,서양식 저택 조명 3,別墅吊燈3,Penerangan Wisma 3
500049,0,เลิฟลี่ไลท์,Lovely Lamp,ラブリィライト,러블리 라이트,可愛燈具,Lampu Syantik
500050,0,ฮาร์ทสแตนด์,Heart Nightstand Lamp,ハートスタンド,하트 스탠드,愛心立燈,Lampu Nakas Hati
500051,0,โคมไฟโดนัท,Donut Lights,ドーナッツ照明,도넛 조명,甜甜圈吊燈,Lampu Donat
500052,0,โคมแดง (แขวน),Red Chochin,赤提灯(吊り),붉은 제등(천장용),紅提燈(吊掛),Lampion Merah (Gantung)
500053,0,โคมแดง (ตั้ง),Red Floor Chochin,赤提灯(置き),붉은 제등(바닥용),紅提燈(立式),Lampion Merah (Duduk)
500054,0,โคมชมจันทร์ (แขวน),Tsukimi Chochin,月見提灯(吊り),달구경 제등(천장용),賞月提燈(吊掛),Lampion Tsukimi (Gantung)
500055,0,โคมชมจันทร์ (ตั้ง),Tsukimi Floor Chochin,月見提灯(置き),달구경 제등(바닥용),賞月提燈(立式),Lampion Tsukimi (Duduk)
500056,0,หลอดไฟของซากอาคารที่ไม่รู้จัก,Unknown Ruin Light,知らない廃墟の照明,알 수 없는 폐허의 조명,未知廢墟的頂燈,Lampu Gedung Terbengkalai
500057,0,โคมไฟคาเฟ่โมเดิร์น,Modern Café Lighting,モダンカフェの照明,모던 카페 조명,摩登咖啡店頂燈,Lampu Kafe Modern
500058,0,โคมไฟคาเฟ่โมเดิร์น (ยาว),Modern Café Lighting (L),モダンカフェの照明(大),모던 카페 조명(대),摩登咖啡店頂燈(大),Lampu Kafe Modern (B)
500059,0,โคมไฟคาเฟ่หรูหรา,Elegant Café Lighting,優雅なカフェの照明,우아한 카페 조명,優雅咖啡店頂燈,Lampu Kafe Elegan
500060,0,โคมไฟดอกมูเกต์,Lily of the Valley Flower Lamp,すずらんのライト,은방울꽃 라이트,鈴蘭燈,Lampu Bunga Bakung Lembah
500061,0,โคมไฟดวงดาว,Star-Shaped Lights,星型の照明,별 모양 조명,星形吊燈,Lampu Bentuk Bintang
500062,0,ไฟเรือโจรสลัด,Pirate Ship Light,海賊船のライト,해적선 라이트,海盜船燈具,Lampu Kapal Bajak Laut
500063,0,เทียนของขว้ญ 1,Present Candle A,プレゼントキャンドル1,선물 캔들1,禮物蠟燭1,Lilin Hadiah A
500064,0,เทียนของขว้ญ 2,Present Candle B,プレゼントキャンドル2,선물 캔들2,禮物蠟燭2,Lilin Hadiah B
500065,0,โคมไฟซอฟต์ครีม,Soft Serve Ice Cream Light,ソフトクリームの照明,소프트 아이스크림 조명,霜淇淋造型燈,Lampu Es Krim Lembut
500066,0,โคมไฟของศาลเจ้า,Shrine Chochin,祠の提灯,사당의 제등,神殿的提燈,Lampion Kuil
600001,0,ชั้นวางหนังสือ,Book Shelf,本棚,책장,書櫃,Rak Buku
600002,0,ชั้นวางหนังสือใหญ่,Large Book Shelf,大きい本棚,큰 책장,大型書櫃,Rak Buku Besar
600003,0,ถังเหล้าเก่า,Old Cask,ボロい酒樽,낡은 술통,破舊的酒桶,Tong Tua
600004,0,ถังเหล้า,Cask,酒樽,술통,酒桶,Tong
600005,0,กล่องสมบัติเก่า,Old Treasure Chest,ボロい宝箱,낡은 보석상자,破舊的寶箱,Peti Harta Tua
600006,0,กล่องสมบัติ,Treasure Chest,宝箱,보석상자,寶箱,Peti Harta
600007,0,เหล้าโทรัม,Toram Sake,トーラム酒,토람 술,托蘭姆酒,Tuak Toram
600008,0,ไวน์โทรัม,Toram Wine,トーラムワイン,토람 와인,托蘭紅酒,Anggur Toram
600009,0,ถังเหล้าเก่าใบใหญ่,Old Cask (L),ボロい酒樽(大),낡은 술통(대),破舊的酒桶(大),Tong Tua (B)
600010,0,ถังเหล้าใบใหญ่,Big Cask,酒樽(大),술통(대),酒桶(大),Tong Besar
600011,0,ไวท์บอร์ด,Whiteboard,ホワイトボード,화이트 보드,白板,Whiteboard
600012,0,กระดานดำ,Blackboard,黒板ボード,칠판 보드,黑板,Papan Tulis
600013,0,กองสมบัติ 1,Pile of Treasure A,財宝の山1,보물더미1,金銀財寶山1,Gundukan Harta 1
600014,0,กองสมบัติ 2,Pile of Treasure B,財宝の山2,보물더미2,金銀財寶山2,Gundukan Harta 2
600015,0,กล่องกระดาษ,Cardboard Box,ダンボール箱,종이 상자,紙箱,Kotak Kardus
600016,0,ถัง 1,Bucket A,バケツ1,바구니1,水桶1,Ember 1
600017,0,ถัง 2,Bucket B,バケツ2,바구니2,水桶2,Ember 2
600018,0,ถังพลาสติก,Plastic Bucket,ポリバケツ,플라스틱 통,塑膠桶,Ember Plastik
600019,0,ฉากกั้น 1,Partition A,ついたて1,파티션1,屏風1,Partisi 1
600020,0,ฉากกั้น 2,Partition B,ついたて2,파티션2,屏風2,Partisi 2
600021,0,โต๊ะบิลเลียด,Billiard Table,ビリヤード台,당구대,撞球桌,Meja Biliar
600022,0,ฟักทองประดับ,Pumpkin Ornament,カボチャの置物,호박 장식품,南瓜裝飾,Ornamen Labu
600023,0,โทรัมวิสกี้,Toram Whisky,トーラム･ウイスキー,토람 위스키,托蘭威士忌,Wiski Toram
600024,0,ฉากกั้น 1,Folding Screen A,屏風1,병풍1,屏風1,Sekat Lipat 1
600025,0,ฉากกั้น 2,Folding Screen B,屏風2,병풍2,屏風2,Sekat Lipat 2
600026,0,กล่องของขวัญ 1,Gift Box A,プレゼントBOX1,선물 BOX1,禮物BOX1,Kotak Hadiah 1
600027,0,กล่องของขวัญ 2,Gift Box B,プレゼントBOX2,선물 BOX2,禮物BOX2,Kotak Hadiah 2
600028,0,กล่องของขวัญ 3,Gift Box C,プレゼントBOX3,선물 BOX3,禮物BOX3,Kotak Hadiah 3
600029,0,ต้นคริสต์มาสใหญ่,Xmas Tree (L),クリスマスツリー(大),크리스마스 트리(대),聖誕樹(大),Pohon Natal (B)
600030,0,ต้นคริสต์มาสเล็ก,Xmas Tree (S),クリスマスツリー(小),크리스마스 트리(소),聖誕樹(小),Pohon Natal (K)
600031,0,เบียร์โทรัม,Toram Beer,トーラムビール,토람 맥주,托蘭啤酒,Bir Toram
600032,0,พืชประดับ 1,House Plant A,観葉植物1,관엽식물1,觀景植物1,Tanaman Hias 1
600033,0,พืชประดับ 2,House Plant B,観葉植物2,관엽식물2,觀景植物2,Tanaman Hias 2
600034,0,อ่างอาบน้ำ,Bathtub,お風呂,욕조,浴缸,Bak Mandi
600035,0,ช็อกโกแลตฟองดู,Chocolate Fondue,チョコフォンデュ,쵸코 퐁듀,巧克力泉,Chocolate Fondue
600036,0,อ่างอาบน้ำโกเอม่อน,Goemon Bath,五右衛門風呂,가마 욕탕,五右衛門浴桶,Bak Mandi Goemon
600037,0,ถังเหล้าโทรัม,Toram Cask,トーラム酒樽,토람 술통,托蘭酒桶,Tong Toram
600038,0,โถสุขภัณฑ์ 1,Toilet A,トイレ1,화장실1,馬桶1,Toilet A
600039,0,แกรนด์เปียโน,Grand Piano,グランドピアノ,그랜드 피아노,三角鋼琴,Grand Piano
600040,0,พืชประดับ 3,House Plant C,観葉植物3,관엽식물3,觀景植物3,Tanaman Hias 3
600041,0,สึคิมิดังโกะ,Tsukimi Dango,月見団子,달구경 경단,賞月丸子,Tsukimi Dango
600042,0,กระถางหญ้าสึสึกิ,Susuki Grass Pot,ススキ鉢,억새 화분,芒草盆,Pot Rumput Susuki
600043,0,กรวยสามเหลี่ยม (ไม้กั้น),Traffic Cone (Bar),三角コーン(バー),삼각콘(바),三角錐(橫桿),Kerucut Lalu Lintas (Tiang)
600044,0,กรวยสามเหลี่ยม,Traffic Cone,三角コーン,삼각콘,三角錐,Kerucut Lalu Lintas
600045,0,เครื่องเล่นปอมซาวนด์,Pom Arcade Machine,ポムサウンド筐体,포무 사운드 케이스,炫音波姆機台,Mesin Arkade Pom
600046,0,กล่องใส่ของ,Hamper,葛篭,짚 상자,藤條箱,Keranjang Kotak
600047,0,ตะกร้า (เล็ก),Basket (S),かご(小),바구니(소),藤籃(小),Keranjang Bulat (K)
600048,0,ตะกร้า (ใหญ่),Basket (L),かご(大),바구니(대),藤籃(大),Keranjang Bulat (B)
600049,0,ลังเบียร์ (ว่างเปล่า),Beer Case (Empty),ビールケース(空),맥주 상자(빔),啤酒箱(空),Krat Bir (Kosong)
600050,0,ลังเบียร์ ,Beer Case,ビールケース,맥주 상자,啤酒箱,Krat Bir
600051,0,ชุดเกราะตั้งโชว์,Armor Ornament,甲冑飾り,갑옷 장식,盔甲裝飾,Zirah Hiasan
600052,0,เสือประดับ (เล็ก),Tiger Statue (S),虎の置物(小),호랑이 장식품(소),老虎雕飾(小),Patung Harimau (K)
600053,0,เสือประดับ (ใหญ่),Tiger Statue (L),虎の置物(大),호랑이 장식품(대),老虎雕飾(大),Patung Harimau (B)
600054,0,แท่นวางดาบ 1,Sword Stand A,刀掛け1,도검 걸이1,刀架1,Tatakan Pedang A
600055,0,แท่นวางดาบ 2,Sword Stand B,刀掛け2,도검 걸이2,刀架2,Tatakan Pedang B
600056,0, ไปป์ออร์แกน,Pipe Organ,パイプオルガン,파이프 오르간,管風琴,Orgel
600057,0,พืชประดับ 4,House Plant D,観葉植物4,관엽식물4,觀景植物4,Tanaman Hias 4
600058,0,ที่บังตาของแพทย์,Medical Partition Screen,医療パーティション,의료 파티션,醫用屏風,Sekat Kamar Pasien
600059,0,ชุดเกราะสไตล์ยุโรป,Mansion Armor,洋館の甲冑,서양식 저택 갑옷,別墅鎧甲,Zirah Wisma
600060,0,กรวยแห่งความฝันสีแดง,Cutesy Red Cone,ゆめかわコーン・赤,귀염뽀짝 콘(빨강),美夢路錐・紅,Kerucut Merah Imoet
600061,0,กรวยแห่งความฝันสีชมพู,Cutesy Pink Cone,ゆめかわコーン・桃,귀염뽀짝 콘(분홍),美夢路錐・桃,Kerucut Pink Imoet
600062,0,กรวยแห่งความฝันสีฟ้า,Cutesy Blue Cone,ゆめかわコーン・青,귀염뽀짝 콘(파랑),美夢路錐・藍,Kerucut Biru Imoet
600063,0,กล่องของขวัญ 4,Gift Box D,プレゼントBOX4,선물 BOX4,禮物BOX4,Kotak Hadiah 4
600064,0,กล่องของขวัญ 5,Gift Box E,プレゼントBOX5,선물 BOX5,禮物BOX5,Kotak Hadiah 5
600065,0,กล่องของขวัญกองใหญ่,Lots of Gifts,沢山のプレゼント,많은 선물,禮物堆,Hadiah-Hadiah
600066,0,พาทิชั่นต้นไม้,Tree Partition,ツリーパーティション,트리 파티션,樹木隔牆,Sekat Model Pohon
600067,0,ตุ๊กตาดารุมะ (เล็ก),Daruma Doll (S),だるま(小),달마(소),達摩玩偶(小),Boneka Daruma (K)
600068,0,ตุ๊กตาดารุมะ (ใหญ่),Daruma Doll (L),だるま(大),달마(대),達摩玩偶(大),Boneka Daruma (B)
600069,0,ของประดับตกแต่งปีชวด,Zodiac Rat Figurine,干支置物「子」,12지 장식품 「쥐 」,干支雕飾「子」,Figurin Shio Tikus
600070,0,ตู้โชว์,Showcase,ショーケース,쇼케이스,展示櫃,Etalase
600071,0,กระดาษทิชชู่ 1,Toilet Paper A,トイレットペーパー1,두루마리 휴지1,洗手間衛生紙1,Tisu Toilet A
600072,0,กระดาษทิชชู่ 2,Toilet Paper B,トイレットペーパー2,두루마리 휴지2,洗手間衛生紙2,Tisu Toilet B
600073,0,กระดาษทิชชู่ 3,Toilet Paper C,トイレットペーパー3,두루마리 휴지3,洗手間衛生紙3,Tisu Toilet C
600074,0,ตู้เกมอัศวินดำ,Black Knight Arcade Machine,ブラックナイト筐体,블랙 나이트 케이스,黑騎士機台,Mesin Arkade Black Knight
600075,0,เสากลาง 1,Stud A,間柱1,샛기둥1,立柱1,Tonggak 1
600076,0,เสากลาง 2,Stud B,間柱2,샛기둥2,立柱2,Tonggak 2
600077,0,อิโรริเตาไฟแบบญี่ปุ่น,Japanese Hearth,囲炉裏,이로리,地爐,Perapian Irori
600078,0,ลู่วิ่งไฟฟ้า,Treadmill,ルームランナー,런닝머신,跑步機,Treadmill
600079,0,หัวกระโหลกประดับ (ใหญ่),Skull Figurine (L),ドクロの置物(大),해골 장식품(대),骷髏擺件(大),Figurin Tengkorak (B)
600080,0,หัวกระโหลกประดับ (เล็ก),Skull Figurine (S),ドクロの置物(小),해골 장식품(소),骷髏擺件(小),Figurin Tengkorak (K)
600081,0,แมงมุมแขวน,Hanging Spider,吊るしクモ,매달린 거미,垂線蜘蛛,Laba-Laba Bergelantung
600082,0,ค้างคาวพเนจร,Wandering Bat,彷徨うコウモリ,방황하는 박쥐,徘徊蝙蝠,Kelelawar Keluyuran
600083,0,ผีน้อยน่ารัก,Cute Ghost,かわいいオバケ,귀여운 유령,可愛小妖怪,Hantu Imut
600084,0,กล่องที่ซ่อนตัวแฟนทอม (ซ้อนกัน),Wisp's Hideout Stacked Boxes,怪盗拠点の箱(積),괴도 거점 상자(쌓임),怪盜據點的箱子(疊),Tumpukan Kotak Markas Wisp
600085,0,กล่องที่ซ่อนตัวแฟนทอม 1,Wisp's Hideout Box A,怪盗拠点の箱1,괴도 거점 상자1,怪盜據點的箱子1,Kotak Markas Phantom Wisp A
600086,0,กล่องที่ซ่อนตัวแฟนทอม 2,Wisp's Hideout Box B,怪盗拠点の箱2,괴도 거점 상자2,怪盜據點的箱子2,Kotak Markas Phantom Wisp B
600087,0,กล่องที่ซ่อนตัวแฟนทอม 3,Wisp's Hideout Box C,怪盗拠点の箱3,괴도 거점 상자3,怪盜據點的箱子3,Kotak Markas Phantom Wisp C
600088,0,ตู้ปลา,Planted Tank,水草水槽,수초 수조,水槽魚缸,Akuarium Tanaman
600089,0,รูปปั้นเพนกวิน,Penguin Figurine,置物ペンギン,펭귄 장식품,企鵝擺飾,Figurin Penguin
600090,0,ไก่งวงอบ,Roast Turkey,ローストターキー,터키 로스트,烤火雞,Kalkun Bakar
600091,0,ไมค์ตั้งพื้น,Microphone Stand,マイクスタンド,마이크 스탠드,麥克風架,Penyangga Mik
600092,0,พืชประดับ 5,House Plant E,観葉植物5,관엽식물5,觀景植物5,Tanaman Hias 5
600093,0,ช็อกโกแลตฟองดู II,Chocolate Fondue II,チョコフォンデュⅡ,쵸코 퐁듀Ⅱ,巧克力泉Ⅱ,Chocolate Fondue II
600094,0,กล่องช็อกโกแลตรูปหัวใจ ,Heart Chocolate Gift Box,ハートチョコ,하트 쵸코렛,心型巧克力,Kotak Cokelat Hati
600095,0,ถุงช็อกโกแลต 1,Chocolate Gift Bag A,チョコ袋1,쵸코 기프트 백1,巧克力袋1,Bingkisan Cokelat A
600096,0,ลูกโป่งหัวใจ,Heart Balloon,ハートの風船,하트 풍선,心型氣球,Balon Hati
600097,0,คุกกี้หัวใจ,Heart Cookie,ハートクッキー,하트 쿠키,愛心餅乾,Kukis Bentuk Hati
600098,0,ถุงคุกกี้,Cookie Gift Bag,クッキー袋,쿠키 봉지,餅乾袋,Bingkisan Kukis
600099,0,ลูกโป่งหัวใจสีฟ้า,Blue Heart Balloon,ハートの風船(青),하트 풍선(파랑),心型氣球（藍）,Balon Hati Biru
600100,0,ชุดน้ำชา,Tea Set,ティーセット,티 세트,茶具套組,Set Peralatan Minum Teh
600101,0,ถ้วยน้ำชา,Teacup,ティーカップ,티 컵,茶杯,Cangkir Teh
600102,0,ที่ตั้งเค้ก,Cake Stand,ケーキスタンド,케이크 스탠드,點心架,Rak Kue Bertingkat
600103,0,เสากลาง 3,Stud C,間柱3,샛기둥3,立柱3,Tonggak 3
600104,0,คริสตัลประดับ (เล็ก),Crystal Ornament (S),クリスタルの置物(小),크리스탈 장식품(소),水晶擺飾(小),Ornamen Kristal (K)
600105,0,คริสตัลประดับ (ใหญ่),Crystal Ornament (L),クリスタルの置物(大),크리스탈 장식품(대),水晶擺飾(大),Ornamen Kristal (B)
600106,0,ไกย่างยากิโทริ,Yakitori,焼き鳥,닭꼬치,烤雞串,Yakitori
600107,0,น้ำแข็งไส (สตรอว์เบอร์รี),Shaved Ice (Strawberry),かき氷(イチゴ),빙수(딸기),刨冰(草莓),Es Serut Stroberi
600108,0,น้ำแข็งไส (เลมอน),Shaved Ice (Lemon),かき氷(レモン),빙수(레몬),刨冰(檸檬),Es Serut Lemon
600109,0,น้ำแข็งไส (บลูฮาวาย),Shaved Ice (Blue Hawaii),かき氷(ブルーハワイ),빙수(블루하와이),刨冰(藍色夏威夷),Es Serut Blue Hawaii
600110,0,น้ำแข็งไส (เมล่อน),Shaved Ice (Melon),かき氷(メロン),빙수(멜론),刨冰(甜瓜),Es Serut Melon
600111,0,ยาจุดกันยุง,Mosquito Coil,蚊取り線香,모기향,蚊香,Obat Nyamuk Bakar
600112,0,หมูใส่ยาจุดกันยุง,Pig Incense Burner,蚊取りブタ,모기향 거치대,小豬蚊香,Penyangga Obat Nyamuk Babi
600113,0,พายฟักทอง,Pumpkin Pie,パンプキンパイ,호박 파이,南瓜派,Pai Labu
600114,0,คัตเอาท์ท่านผู้นำ,Chancellor's Cutout,総統のパネル,보스 패널,總統立牌,Panel Kanselir
600115,0,คัตเอาท์โยชิดะ,Yoshida's Cutout,吉田くんのパネル,봉태군 패널,吉田立牌,Panel Yoshida
600116,0,คัตเอาท์ดร.ลีโอนาร์โด,Dr. Leonardo's Cutout,レオナルド博士のパネル,레오나르도 박사 패널,李奧納多博士立牌,Panel Dr. Leonardo
600117,0,คัตเอาท์ดีลักซ์ไฟเตอร์,DX Fighter's Cutout,ＤＸファイターのパネル,디럭스 파이터 패널,DX法伊特立牌,Panel DX Fighter
600118,0,โต๊ะไพ่นกกระจอก,Mahjong Table,雀卓,마작 테이블,麻將桌,Meja Mahyong
600119,0,แก้วแชมเปญ,Champagne Glass,シャンパングラス,샴페인 글라스,香檳酒杯,Gelas Champagne
600120,0,แชมเปญเซ็ต,Champagne Set,シャンパンセット,샴페인 세트,香檳套裝,Champagne Set
600121,0,โทรัมแชมเปญ,Toram Champagne,トーラムシャンパン,토람 샴페인,托蘭香檳,Champagne Toram
600122,0,คางามิโมจิ,Kagami Mochi,鏡餅,카가미모치,鏡餅,Kagami Mochi
600123,0,คางามิโมจิใหญ่,Big Kagami Mochi,大きい鏡餅,커다란 카가미모치,大鏡餅,Kagami Mochi Besar
600124,0,โอเซจิ A,Osechi A,おせちA,설음식A,年菜A,Osechi A
600125,0,โอเซจิ B,Osechi B,おせちB,설음식B,年菜B,Osechi B
600126,0,ซูชิ,Sushi,寿司,초밥,壽司,Sushi
600127,0,โถน้ำผึ้ง 1,Honey Pot A,ハニーポット1,꿀단지1,蜂蜜罐1,Guci Madu A
600128,0,โถน้ำผึ้ง 2,Honey Pot B,ハニーポット2,꿀단지2,蜂蜜罐2,Guci Madu B
600129,0,โปทัมคุกกี้,Potum Cookie,ポトゥムクッキー,포툼 쿠키,波多姆餅乾,Kukis Potum
600130,0,เก้าอี้ของโต๊ะเล่นการ์ดเกม,Card Game Table,カードゲーム台,카드 게임 테이블,紙牌遊戲桌,Meja Bermain Kartu
600131,0,ชุดน้ำชาญี่ปุ่น,Japanese Tea Set,お茶セット,다도 세트,喝茶套組,Seperangkat Alat Minum Teh
600132,0,ชุดเหล้า,Sake Set,お酒セット,술 세트,喝酒套組,Set Peralatan Minum Sake
600133,0,ชุดปลาดิบรวม,Sashimi Boat,船盛,생선 모둠회,刺身船,Sashimi Boat
600134,0,เสาสุดหรู,Gorgeous Pillar,豪華な柱,호화찬란한 기둥,豪華石柱,Pilar Megah
600135,0,พิซซ่า A,Pizza A,ピザ1,피자1,披薩1,Pizza A
600136,0,พิซซ่า B,Pizza B,ピザ2,피자2,披薩2,Pizza B
600137,0,พิซซ่า C,Pizza C,ピザ3,피자3,披薩3,Pizza C
600138,0,ลูกกรงเหล็ก (ใหญ่),Iron Bars (L),鉄格子(大),쇠창살(대),鐵格柵(大),Jeruji Besi (B)
600139,0,ลูกกรงเหล็ก (เล็ก),Iron Bars (S),鉄格子(小),쇠창살(소),鐵格柵(小),Jeruji Besi (K)
600140,0,ลูกกรงเหล็ก (มุม),Iron Bars (Corner),鉄格子(角),쇠창살(각),鐵格柵(角),Jeruji Besi (Sudut)
600141,0,โทรัมไวน์เซต,Toram Wine Set,トーラムワイン2,토람 와인2,托蘭紅酒2,Set Minum Anggur Toram
600142,0,กองหนังสือ 1,Book Stack A,積み重ねた本1,쌓아올린 책1,堆積的書1,Tumpukan Buku A
600143,0,กองหนังสือ 2,Book Stack B,積み重ねた本2,쌓아올린 책2,堆積的書2,Tumpukan Buku B
600144,0,ชั้นหนังสือคฤหาสน์,Mansion Bookshelf,館の本棚,저택의 책장,豪宅書架,Rak Buku Wisma
600145,0,ชั้นหนังสือสุดเก๋ 1,Tasteful Bookshelf A,風情のある本棚1,운치 있는 책장1,風雅書架1,Rak Buku Modis A
600146,0,ชั้นหนังสือสุดเก๋ 2,Tasteful Bookshelf B,風情のある本棚2,운치 있는 책장2,風雅書架2,Rak Buku Modis B
600147,0,โคมไฟแม่มด,Witch Lantern,魔女ランタン,마녀 랜턴,魔女燈籠,Lentera Penyihir
600148,0,โคมไฟสุภาพบุรุษ,Gentleman Lantern,紳士ランタン,신사 랜턴,紳士燈籠,Lentera Pria Sejati
600149,0,โคมไฟโทสะ,Angry Lantern,おこランタン,앵그리 랜턴,發怒燈籠,Lentera Murka
600150,0,ต้นไม้ประดับไฟ,Illuminated Tree,イルミネツリー,일루미네이션 트리,燈飾樹,Pohon Iluminasi
600151,0,ต้นไม้ประดับไฟ (เล็ก),Illuminated Tree (S),イルミネツリー(小),일루미네이션 트리(소),燈飾樹(小),Pohon Iluminasi (K)
600152,0,ต้นไม้ประดับไฟ (ใหญ่),Illuminated Tree (L),イルミネツリー(大),일루미네이션 트리(대),燈飾樹(大),Pohon Iluminasi (B)
600153,0,ม่านประดับไฟ 1,Curtain Lights A,イルミネカーテン1,일루미네이션 커튼1,燈飾窗簾1,Lampu Tirai A
600154,0,ม่านประดับไฟ 2,Curtain Lights B,イルミネカーテン2,일루미네이션 커튼2,燈飾窗簾2,Lampu Tirai B
600155,0,ม่านประดับไฟ 3,Curtain Lights C,イルミネカーテン3,일루미네이션 커튼3,燈飾窗簾3,Lampu Tirai C
600156,0,ถังเหล้า (คอ),Cask (Neck),酒樽(首),술통(넥),酒桶（頸）,Tong (Leher)
600157,0,ขวดเหล้า,Bottles,酒瓶,술병,酒瓶,Botol Miras
600158,0,ขวดเหล้าเปล่า,Empty Bottles,空っぽの酒瓶,빈 술병,空酒瓶,Botol Miras Kosong
600159,0,ขวดเหล้าระเกะระกะ,Scattered Bottles,散らかった酒瓶,널브러진 술병,散落的酒瓶,Botol Miras Berserakan
600160,0,กระเป๋าสี่เหลี่ยม (ด้านข้าง),Attache Case (Sideways),アタッシュケース(横),아타셰 케이스(수평),手提箱（橫）,Tas Koper (Samping)
600161,0,กระเป๋าสี่เหลี่ยม (เปิด),Attache Case (Open),アタッシュケース(開),아타셰 케이스(오픈),手提箱（開）,Tas Koper (Terbuka)
600162,0,กระเป๋าสี่เหลี่ยม (ตั้งขึ้น),Attache Case (Upright),アタッシュケース(縦),아타셰 케이스(수직),手提箱（豎）,Tas Koper (Berdiri)
600163,0,โบรกเกอร์แรบบิท,Gangster Rabbit,ブローカーラビット,브로커 래빗,掮客兔,Kelinci Makelar
600164,0,โบรกเกอร์แบร์,Gangster Bear,ブローカークマー,브로커 베어,掮客熊,Beruang Makelar
600165,0,กระสอบและลัง,Box and Bags,積まれた荷物,쌓인 짐,堆積的貨物,Karung & Kotak
600166,0,ชั้นวางเหล้าสุดเก๋,Stylish Liquor Shelf,オシャレな酒棚,세련된 술장,時髦酒櫃,Lemari Miras Modis
600167,0,ชั้นวางไวน์,Wine Rack,ワインラック,와인렉,酒架,Rak Wine
600168,0,ม่านลูกไม้ 1,Lace Curtain A,レースカーテン1,레이스 커튼1,蕾絲窗簾1,Tirai Renda A
600169,0,ม่านลูกไม้ 2,Lace Curtain B,レースカーテン2,레이스 커튼2,蕾絲窗簾2,Tirai Renda B
600170,0,แจกันกุหลาบน้ำเงิน,Vase with Blue Roses,青薔薇の花瓶,파란 장미 꽃병,藍薔薇花瓶,Vas Bunga Mawar Biru
600171,0,กล่องไม้เพาโลเนีย 1,Paulownia Box 1,桐箱1,오동나무 상자1,桐木箱1,Kotak Paulownia A
600172,0,กล่องไม้เพาโลเนีย 2,Paulownia Box 2,桐箱2,오동나무 상자2,桐木箱2,Kotak Paulownia B
600173,0,ฉากเขียว (ยาว),Green Screen (Long),グリーンバック(長),그린 스크린(장),綠幕(長),Latar Hijau (Panjang)
600174,0,ฉากเขียว (สั้น),Green Screen (Short),グリーンバック(短),그린 스크린(단),綠幕(短),Latar Hijau (Pendek)
600175,0,ข้าวหน้าปลาไหล,Eel Over Rice,うな重,장어덮밥,鰻魚飯,Nasi Unagi
600176,0,ข้าวหน้าหมูทอด,Pork Cutlet Over Rice,カツ重,돈가스 덮밥,炸豬排飯,Nasi Katsu
600177,0,อาหารชุดปลาย่าง,Grilled Fish Set Meal,焼き魚定食,구운 생선 정식,烤魚套餐,Paket Nasi Ikan Bakar
600178,0,เค้กเวดดิ้ง A,Wedding Cake A,ウェディングケーキ1,웨딩 케이크1,結婚蛋糕1,Kue Pernikahan A
600179,0,เค้กเวดดิ้ง B,Wedding Cake B,ウェディングケーキ2,웨딩 케이크2,結婚蛋糕2,Kue Pernikahan B
600180,0,โปทัมแคชเชอร์,Potum Claw Machine,ポトゥムキャッチャー,포툼 크레인 게임,波多姆夾娃娃機,Mesin Pencapit Potum
600181,0,ตุ๊กตาโปทัม (เล็ก),Potum Plushie (S),ポトゥム人形(小),포툼 인형(소),波多姆玩偶(小),Boneka Potum (K)
600182,0,ตุ๊กตาโปทัม (ใหญ่),Potum Plushie (L),ポトゥム人形(大),포툼 인형(대),波多姆玩偶(大),Boneka Potum (B)
600183,0,ตุ๊กตาโปทัม (กลม),Round Potum Plushie,ポトゥム人形(丸),포툼 인형(둥글),波多姆玩偶(圓),Boneka Potum Bulat
600184,0,สแตนดี้โทรุรุ 1,Toruru's Cutout A,とるるパネル1,토루루 입간판1,Toruru立牌1,Panel Toruru A
600185,0,สแตนดี้โทรุรุ 2,Toruru's Cutout B,とるるパネル2,토루루 입간판2,Toruru立牌2,Panel Toruru B
600186,0,สแตนดี้โทรุรุ 3,Toruru's Cutout C,とるるパネル3,토루루 입간판3,Toruru立牌3,Panel Toruru C
600187,0,สแตนดี้โทรุรุ 4,Toruru's Cutout D,とるるパネル4,토루루 입간판4,Toruru立牌4,Panel Toruru D
600188,0,น้ำผลไม้ทรอปิคอล 1,Tropical Juice A,トロピカルジュース1,트로피칼 주스1,熱帶果汁1,Jus Tropis A
600189,0,น้ำผลไม้ทรอปิคอล 2,Tropical Juice B,トロピカルジュース2,트로피칼 주스2,熱帶果汁2,Jus Tropis B
600190,0,น้ำผลไม้ทรอปิคอล 3,Tropical Juice C,トロピカルジュース3,트로피칼 주스3,熱帶果汁3,Jus Tropis C
600191,0,แตงโมทั้งลูก,Watermelon,スイカ(玉),수박(통),西瓜(整),Semangka
600192,0,แตงโมผ่าซีก,Sliced Watermelon,スイカ(切),수박(조각),西瓜(切片),Semangka Potong
600193,0,ของตกแต่งซานต้าโปทัม,Santa Potum Ornament,サンタポトゥム飾り,산타 포툼 장식,聖誕波多姆裝飾,Hiasan Santa Potum
600194,0,พรมผนังต้นคริสต์มาส,Xmas Tree Tapestry,ツリータペストリー,트리 태피스트리,聖誕樹掛毯,Tapestri Pohon Natal
600195,0,พวงหรีดแขวน 1,Hanging Wreath A,吊り下げリース1,거는 리스1,吊掛聖誕花環1,Bumban Gantung A
600196,0,พวงหรีดแขวน 2,Hanging Wreath B,吊り下げリース2,거는 리스2,吊掛聖誕花環2,Bumban Gantung B
600197,0,สโตเลนเค้ก,Stollen,シュトーレン,슈톨렌,史多倫聖誕麵包,Roti Stollen
600198,0,โคลอนคุกกี้,Colon Cookies,コロンクッキー,콜론 쿠키,科隆餅乾,Kukis Colon
600199,0,เตาตั้งโต๊ะ,Portable Stove,卓上コンロ,가스 버너,卡式爐,Kompor Portabel
600200,0,โอเด้งร้อนๆ,Piping Hot Oden,あつあつおでん,뜨거운 어묵,熱騰騰關東煮,Oden Panas
600201,0,หม้อไฟร้อนๆ,Warm Hot Pot,あったか鍋,뜨끈한 전골,暖暖火鍋,Hot Pot Hangat
600202,0,หม้อไฟร้อน,Red Hot Pot,あっかい鍋,뜨거운 전골,紅紅火鍋,Hot Pot Merah
600203,0,พาเฟ่ต์มะม่วง,Mango Parfait,マンゴーパフェ,망고 파르페,芒果百匯,Parfait Mangga
600204,0,ถุงช็อกโกแลต 2,Chocolate Gift Bag B,チョコ袋2,쵸코 기프트 백2,巧克力袋2,Bingkisan Cokelat B
600205,0,แจกันกุหลาบแดง,Vase with Red Roses,赤薔薇の花瓶,붉은 장미 꽃병,紅薔薇花瓶,Vas Bunga Mawar Merah
600206,0,แก้วคู่รัก,Couple Mugs,ペアセットカップ,커플컵 세트,成雙杯子,Mug Kopel
600207,0,เหยือกลูกกวาด,Candy Jar,キャンディポット,캔디병,糖果罐,Toples Permen
600208,0,เสาซากุระกลางวัน,Day Sakura Pillar,昼桜の柱,낮 벚꽃 기둥,晝櫻柱子,Pilar Sakura Siang
600209,0,เสาประดับซากุระกลางวัน,Day Sakura Ornamental Pillar,昼桜の装飾柱,낮 벚꽃 장식 기둥,晝櫻裝飾柱,Pilar Hias Sakura Siang
600210,0,เสาใหญ่สีขาว,White Stud,白い間柱,하얀 샛기둥,白色立柱,Tonggak Putih
600211,0,กำแพงกั้น 1 ,Partition Wall A,間仕切り壁1,간막이벽1,隔斷墻1,Dinding Partisi A
600212,0,กำแพงกั้น 1 (มีทางเดิน),Partition Wall A (Corridor),間仕切り壁1(通路),간막이벽1(통로),隔斷墻1（通道）,Dinding Partisi A (Koridor)
600213,0,กำแพงกั้น 2,Partition Wall B,間仕切り壁2,간막이벽2,隔斷墻2,Dinding Partisi B
600214,0,กำแพงกั้น 2 (มีทางเดิน),Partition Wall B (Corridor),間仕切り壁2(通路),간막이벽2(통로),隔斷墻2（通道）,Dinding Partisi B (Koridor)
600215,0,สนามแข่งสัตว์เลี้ยง,Pet Racing Track,レースゲーム台,레이스 게임대,競速遊戲台,Trek Balap Piaraan
600216,0,โถสุขภัณฑ์ 2,Toilet B,トイレ2,화장실2,馬桶2,Toilet B
600217,0,ไมค์ตั้งโต๊ะ,Tabletop Microphone,卓上スタンドマイク,탁상 스탠드 마이크,桌上麥克風,Mik Meja
600218,0,ขาตั้งไมค์สุดหรู,Fancy Microphone Stand,豪華なマイクスタンド,호화 마이크 스탠드,豪華麥克風架,Penyangga Mik Mewah
600219,0,อาหารชุดไก่คาราอาเกะ,Karaage Set Meal,からあげ定食,닭튀김 정식,炸雞塊套餐,Paket Nasi Karaage
600220,0,คุสุดามะ,Paper Ball Ornament,くす玉,박 터트리기,開花彩球,Ornamen Bola Kertas
600221,0,เหรียญที่ระลึก (โปทัมทอง),Gold Pom Memorial Medal,記念メダル(ポム金),기념 메달(포무 금),紀念獎章(波姆金),Medali Peringatan Pom Emas
600222,0,เหรียญที่ระลึก (โปทัมเงิน),Silver Pom Memorial Medal,記念メダル(ポム銀),기념 메달(포무 은),紀念獎章(波姆銀),Medali Peringatan Pom Perak
600223,0,ม่านบังตา,Bamboo Blind,御簾,문발,竹簾,Tirai Bambu
600224,0,ม่านบังตา (ครึ่งเดียว),Bamboo Blind (Partially Open),御簾(半開),문발(절반),竹簾(半開),Tirai Bambu (Terbuka Setengah)
600225,0,รูปปั้นแมวดำ,Black Cat Statue,黒猫の置物,검은 고양이 장식품,黑貓擺件,Patung Kucing Hitam
600226,0,ดารุมะโอโตชิ,Daruma Otoshi,だるま落とし,달마 치기 놀이,達摩敲敲樂,Daruma Otoshi
600227,0,ว่าว,Kite,凧,연,風箏,Layang-Layang
600228,0,ชิชิไม,Japanese Lion Dance,獅子舞,사자춤,獅子舞,Barongsai Jepang
600229,0,โมจิย่างเตาถ่าน,Small Charcoal Grill (Mochi),七輪(餅),숯불화로(떡),七輪爐（烤年糕）,Panggangan Arang Kecil (Mochi)
600230,0,สึโนดารุ,Sake Keg,角樽,축의용 술통,角型酒樽,Tong Sake
600231,0,ลูกข่างโคมะ,Spinning Tops,独楽,팽이,陀螺,Gasing
600232,0,ตู้โชว์โดนัท,Donut Display Case,ドーナツのショーケース,도넛 쇼케이스,甜甜圈展示櫃,Etalase Donat
600233,0,พาร์ทิชันต้นไม้,Plant Partition,植物のパーティション,식물 파티션,植物隔牆,Partisi Tanaman
600234,0,กาแฟดริป,Drip Coffee Kit,ドリップコーヒー,드립 커피,滴濾咖啡,Peralatan Kopi Tetes
600235,0,ตู้โชว์คุกกี้,Cookie Display Case,クッキーのショーケース,쿠키 쇼케이스,餅乾展示櫃,Etalase Kukis
600236,0,ฉากกั้นโชจิ,Shoji Folding Screen,障子の屏風,종이창 병풍,障子紙屏風,Sekat Lipat Shoji
600237,0,ป้ายผ้าภูเขาคุโรโมโมะ,Mt. Black Peach Banner,黒桃山の垂れ幕,흑도산 현수막,黑桃山的垂簾,Spanduk Gunung Persik Hitam
600238,0,กล่องสมบัติภูเขาคุโรโมโมะ,Mt. Black Peach Treasure Chest,黒桃山の宝箱,흑도산 보물상자,黑桃山的寶箱,Peti Harta Gunung Persik Hitam
600239,0,ขนมจิมากิ,Chimaki,ちまき,치마키,粽子,Chimaki
600240,0,ธงปลาคาร์ป,Koinobori,鯉のぼり,잉어 드림,鯉魚旗,Bendera Koi
600241,0,หมวกเกราะกระดาษพับ (แดง),Red Origami Kabuto,折り紙の兜（赤）,종이접기 투구(빨강),折紙頭盔（紅）,Kabuto Kertas Merah
600242,0,หมวกเกราะกระดาษพับ (น้ำเงิน),Blue Origami Kabuto,折り紙の兜（青）,종이접기 투구(파랑),折紙頭盔（藍）,Kabuto Kertas Biru
600243,0,ลูกโป่งครบรอบ 10 ปี,10th Anniversary Balloons,10thバルーン,10th 풍선,10th 字母氣球,Balon Dirgahayu ke-10
600244,0,โปทัมทอง,Gold Potum,ゴールドポトゥム,골드 포툼,純金波多姆,Potum Mas
600245,0,ผ้าม่านลายดาว,Starry Sky Curtain,星柄のカーテン,별 모양 커튼,星星圖案窗簾,Tirai Tema Bintang
600246,0,หีบสมบัติโจรสลัด,Pirate Treasure Chest,海賊の宝箱,해적의 보물상자,海盜寶箱,Peti Harta Karun Bajak Laut
600247,0,เสากั้นทางเดิน 1,Stanchion A,ポールパーティション1,폴 파티션1,絨繩圍欄1,Tiang Pembatas A
600248,0,เสากั้นทางเดิน 2,Stanchion B,ポールパーティション2,폴 파티션2,絨繩圍欄2,Tiang Pembatas B
600249,0,ผ้าคลุมสีแดงลึกลับ,Mysterious Red Cape,謎の赤いマント,수수께기 빨간 망토,神秘的紅斗篷,Jubah Merah Misterius
600250,0,ที่ตั้งดาบ,Sword Stand,剣のスタンド,검 거치대,劍架,Penyangga Pedang
600251,0,ถ้วยรางวัลโปทัม,Potum Trophy,ポトゥムのトロフィー,포툼 트로피,波多姆獎杯,Trofi Potum
600252,0,แชมเปญคริสต์มาส,Xmas Champagne,クリスマスシャンパン,크리스마스 샴페인,聖誕香檳,Champagne Natal
600253,0,ของตั้งโชว์หอดนตรี 1,Music Hall Decor A,音楽堂のオブジェ1,콘서트홀 오브제1,音樂堂的裝飾物1,Hiasan Gedung Musik A
600254,0,ของตั้งโชว์หอดนตรี 2,Music Hall Decor B,音楽堂のオブジェ2,콘서트홀 오브제2,音樂堂的裝飾物2,Hiasan Gedung Musik B
600255,0,หม้อดินเผา,Earthenware Pot,土鍋,질냄비,砂鍋,Panci Tanah Liat Jepang
600256,0,สตรอว์เบอร์รีฟองดู,Strawberry Fondue,ストロベリーフォンデュ,스트로베리 퐁듀,草莓巧克力泉,Fondue Stroberi
600257,0,ตู้ไอศกรีม,Ice Cream Display Case,アイスのショーケース,아이스크림 쇼케이스,冰淇淋展示櫃,Etalase Es Krim
600258,0,กล่องเหล็กตั้งโชว์ 1,Decorative Drum A,インテリアドラム缶1,인테리어 드럼통 1,室內裝飾用油桶1,Drum Hias A
600259,0,กล่องเหล็กตั้งโชว์ 2,Decorative Drum B,インテリアドラム缶2,인테리어 드럼통 2,室內裝飾用油桶2,Drum Hias B
600260,0,โมบายซากุระ,Hanging Sakura Ornament,桜の吊り飾り,벚꽃 매달기 장식,櫻花吊飾,Hiasan Sakura Gantung
600261,0,กาแฟ,Coffee,コーヒー,커피,咖啡,Kopi
600262,0,ปากกาขนนก,Quill,羽ペン,깃털 펜,羽毛筆,Pena Bulu
600263,0,กลองสายฟ้า,Thunder Drum,かみなり太鼓,번개 북,雷鼓,Gendang Petir
600264,0,โลก,Globe,地球儀,지구본,地球儀,Globe
600265,0,ที่ใส่ร่ม,Umbrella Stand,傘立て,우산꽂이,傘架,Tempat Payung
600266,0,พืชประดับ 6,House Plant F,観葉植物6,관엽식물6,觀景植物6,Tanaman Hias 6
600267,0,กุหลาบ (แดง),Red Roses,薔薇（赤）,장미 (빨강),薔薇（紅）,Mawar Merah
600268,0,ลูกโป่งครบรอบ 11 ปี,11th Anniversary Balloons,11thバルーン,11th 풍선,11th 字母氣球,Balon Dirgahayu ke-11
600269,0,เค้กฉลองครบรอบ 11 ปี,11th Anniversary Cake,11thアニバーサリーケーキ,11th 애니버서리 케이크,11周年蛋糕,Kue Dirgahayu ke-11
600270,0,สวิงจับแมลง,Butterfly Net,虫取りアミ,곤충채집용 그물,捕蟲網,Jaring Penangkap Serangga
600271,0,กล่องใส่แมลง,Insect Cage,虫取りカゴ,곤충채집용 통,捕蟲籠,Wadah Serangga
600272,0,จานแตงโม,Watermelon Plate,スイカ皿,수박 접시,西瓜盤,Piring Semangka
600273,0,ปะการังตกแต่ง 1,Coral Ornament A,珊瑚の飾り1,산호 장식1,珊瑚裝飾1,Hiasan Karang A
600274,0,ปะการังตกแต่ง 2,Coral Ornament B,珊瑚の飾り2,산호 장식2,珊瑚裝飾2,Hiasan Karang B
700001,0,ตู้เย็น 1,Refrigerator A,冷蔵庫1,냉장고1,冰箱1,Kulkas 1
700002,0,ตู้เย็น 2,Refrigerator B,冷蔵庫2,냉장고2,冰箱2,Kulkas 2
700003,0,โทรทัศน์ 1,Television A,テレビ1,텔레비젼1,電視1,TV 1
700004,0,โทรทัศน์ 2,Television B,テレビ2,텔레비젼2,電視2,TV 2
700005,0,เตาในครัว,Kitchen Stove,オーブンストーブ,오븐 스토브,壁爐,Kompor Oven
700006,0,เตาแก๊ส,Gas Kitchen Stove,ガス台,가스렌지,瓦斯台,Kompor Gas
700007,0,เตาไฟฟ้า,Electric Stove,電磁誘導加熱台,전자유도 가열대,電磁爐,Kompor Listrik
700008,0,โทรทัศน์เก่า,Old Television,古風なテレビ,고풍스러운 TV,復古造型電視,TV Tua
700009,0,เครื่องซักผ้า 1,Washing Machine A,洗濯機1,세탁기1,洗衣機1,Mesin Cuci 1
700010,0,เครื่องซักผ้าเก่า,Old Washing Machine,古風な洗濯機,고풍스러운 세탁기,復古造型洗衣機,Mesin Cuci Tua
700011,0,เตาน้ำมัน 1,Oil Stove A,石油ストーブ1,기름 스토브 1,煤油暖爐1,Pemanas Minyak 1
700012,0,เตาน้ำมัน 2,Oil Stove B,石油ストーブ2,기름 스토브 2,煤油暖爐2,Pemanas Minyak 2
700013,0,เตาผิง,Fireplace,暖炉,난로,暖爐,Perapian
700014,0,อ่างล้างมือ 1,Sink A,流し台1,싱크대1,流理台1,Bak Cuci 1
700015,0,อ่างล้างมือ 2,Sink B,流し台2,싱크대2,流理台2,Bak Cuci 2
700016,0,เครื่องซักผ้า 2,Washing Machine B,洗濯機2,세탁기2,洗衣機2,Mesin Cuci 2
700017,0,พัดลมไฟฟ้า 1,Electric Fan A,扇風機1,선풍기1,電扇1,Kipas Angin A
700018,0,พัดลมไฟฟ้า 2,Electric Fan B,扇風機2,선풍기2,電扇2,Kipas Angin B
700019,0,อ่างล้างมือ,Washstand,洗面台,세면대,洗臉台,Wastafel
700020,0,ท็อปครัว 1,Worktop A,ワークトップ1,워크 톱1,廚房檯面1,Worktop A
700021,0,ท็อปครัว 1 (ชั้น),Worktop A (Cabinet),ワークトップ1(棚),워크 톱1(선반),廚房檯面1(櫥櫃),Worktop A (Lemari)
700022,0,ตู้เพลง,Jukebox,ジュークボックス,쥬크박스,點唱機,Kotak Juke
700023,0,ตู้เย็นตั้งโชว์,Display Refrigerator,ディスプレイ冷蔵庫,디스플레이 냉장고,冷藏展示櫃,Kulkas Display
700024,0,ตู้เย็น 3,Refrigerator C,冷蔵庫3,냉장고3,冰箱3,Kulkas 3
700025,0,โทรทัศน์ 3,Television C,テレビ3,텔레비젼3,電視3,TV 3
700026,0,โทรทัศน์ 4,Television D,テレビ4,텔레비젼4,電視4,TV 4
700027,0,คอมพิวเตอร์ตั้งโต๊ะ,Computer,パソコン,컴퓨터,電腦,Komputer
700028,0,โน๊ตบุ๊ค,Laptop,ノートパソコン,노트북,筆記型電腦,Laptop
700029,0,เตาน้ำมัน 3,Oil Stove C,石油ストーブ3,기름 스토브 3,煤油暖爐3,Pemanas Minyak 3
700030,0,สเตอริโอคอมโพเนนต์,Audio Component,オーディオコンポ,오디오 컴포넌트,組合音響,Komponen Audio
700031,0,ลำโพง ,Speaker,スピーカー,스피커,音箱,Speaker
700032,0,เครื่องใช้ไฟฟ้าในฐานลับ,Secret Base Home Appliances,秘密基地の家電,비밀기지 가전,秘密基地的家電,Alat Elektronik Markas Rahasia
700033,0,เครื่องฟอกอากาศ,Air Purifier,空気清浄機,공기청정기,空氣清淨機,Pembersih Udara
700034,0,โทรทัศน์ 5,Television E,テレビ5,텔레비젼5,電視5,TV 5
700035,0,คอมพิวเตอร์ตั้งโต๊ะ 2,Computer B,パソコン2,컴퓨터2,電腦2,Komputer B
700036,0,เตาผิงอิฐ,Brick Fireplace,レンガ暖炉,벽돌 난로,紅磚壁爐,Perapian Bata
700037,0,เซิร์ฟเวอร์,Server,サーバー,서버,伺服器,Server
700038,0,ชั้นบนอ่างล้างหน้า,Washstand (Cabinet),洗面台(棚),세면대(선반),洗臉台(櫥櫃),Wastafel (Lemari)
700039,0,ท็อปครัว 2,Worktop B,ワークトップ2,워크 톱2,廚房檯面2,Worktop B
700040,0,ท็อปครัว 2 (ชั้น),Worktop B (Cabinet),ワークトップ2(棚),워크 톱2(선반),廚房檯面2(櫥櫃),Worktop B (Lemari)
700041,0,ทีวีจอตู้,CRT Television,ブラウン管,브라운관,映像管電視機,TV Tabung
700042,0,นาฬิกาโบราณ,Antique Clock,古時計,오래된 시계,古老時鐘,Jam Antik
700043,0,เครื่องเล่นแผ่นเสียง,Gramophone,蓄音機,축음기,留聲機,Gramofon
700044,0,เครื่องชงกาแฟ,Espresso Machine,エスプレッソマシン,에스프레소 머신,濃縮咖啡機,Mesin Espreso
700045,0,เตาอบพิซซ่า,Brick Pizza Oven,ピザ窯,피자 화덕,披薩窯,Tungku Pizza
700046,0,เครื่องปั่นน้ำสตรอว์เบอร์รี,Blender (Strawberry),ジューサー（苺）,쥬서기(딸기),果汁機（草莓）,Blender (Stroberi)
700047,0,เครื่องปั่นน้ำส้ม,Blender (Orange),ジューサー（オレンジ）,쥬서기(오렌지),果汁機（柳橙）,Blender (Jeruk)
700048,0,ไมโครเวฟ,Microwave,電子レンジ,전자레인지,微波爐,Microwave
800001,0,พรม 1,Carpet A,カーペット1,카펫1,地墊1,Karpet 1
800002,0,พรม 2,Carpet B,カーペット2,카펫2,地墊2,Karpet 2
800003,0,พรม 3,Carpet C,カーペット3,카펫3,地墊3,Karpet 3
800004,0,พรม 4,Carpet D,カーペット4,카펫4,地墊4,Karpet 4
800005,0,พรม 5,Carpet E,カーペット5,카펫5,地墊5,Karpet 5
800006,0,พรม 6,Carpet F,カーペット6,카펫6,地墊6,Karpet 6
800007,0,พรมโกซะ,Goza Carpet,ゴザカーペット,돗자리 카펫,草蓆,Tikar
800008,0,พรมทาทามิ 1,Tatami Carpet A,畳カーペット1,다다미 카펫1,塌塌米地墊1,Karpet Tatami 1
800009,0,พรมโปทัม,Potum Carpet,ポトゥムカーペット,포툼 카펫,波多姆地墊,Karpet Potum
800010,0,พรมแอนทีค 1,Antique Carpet A,古風カーペット1,고풍 카펫 1,復古造型地墊1,Karpet Antik 1
800011,0,พรมแอนทีค 2,Antique Carpet B,古風カーペット2,고풍 카펫 2,復古造型地墊2,Karpet Antik 2
800012,0,พรมแอนทีค 3,Antique Carpet C,古風カーペット3,고풍 카펫 3,復古造型地墊3,Karpet Antik 3
800013,0,พรมแอนทีค 4,Antique Carpet D,古風カーペット4,고풍 카펫 4,復古造型地墊4,Karpet Antik 4
800014,0,พรม 7,Carpet G,カーペット7,카펫7,地墊7,Karpet 7
800015,0,พรม 8,Carpet H,カーペット8,카펫8,地墊8,Karpet 8
800016,0,พรมแอนทีค 5,Antique Carpet E,古風カーペット5,고풍 카펫 5,復古造型地墊5,Karpet Antik 5
800017,0,พรมคินาโกะ (เล็ก),Kinaco Rug (S),きなこラグ(小),인절미 러그(소),黃豆粉地毯(小),Keset Kinaco (K)
800018,0,พรมคินาโกะ (ใหญ่),Kinaco Rug (L),きなこラグ(大),인절미 러그(대),黃豆粉地毯(大),Keset Kinaco (B)
800019,0,พรม 9,Carpet I,カーペット9,카펫9,地墊9,Karpet 9
800020,0,พรมทาทามิ 2,Tatami Carpet B,畳カーペット2,다다미 카펫2,塌塌米地墊2,Karpet Tatami 2
800021,0,พรมทาทามิ 3,Tatami Carpet C,畳カーペット3,다다미 카펫3,塌塌米地墊3,Karpet Tatami 3
800022,0,พรมในคฤหาสน์,Manor Carpet Mat,洋館のラグマット,서양식 저택의 러그매트,洋樓的地毯,Tikar Karpet Wisma
800023,0,พรม Eagle Talon,Eagle Talon Mat,秘密結社 鷹の爪マット,비밀결사 매발톱단 매트,秘密結社 鷹之爪地墊,Karpet Eagle Talon
800024,0,พรมสั้นสีแดง,Short Red Carpet,レッドカーペット(短),짧은 레드 카펫,紅毯(短),Karpet Merah Pendek
800025,0,พรมยาวสีแดง,Long Red Carpet,レッドカーペット(長),긴 레드 카펫,紅毯(長),Karpet Merah Panjang
800026,0,พรม 8 (ฟ้า),Carpet H (Blue),カーペット8(青),카펫8(블루),地墊8(藍),Karpet 8 (Biru)
800027,0,พรม 9 (ฟ้า),Carpet I (Blue),カーペット9(青),카펫9(블루),地墊9(藍),Karpet 9 (Biru)
800028,0,พรมบีโมะจัง,BeMMO Rug,ビモチャンラグ,비모채널 러그,BeMMO小地毯,Keset BeMMO
800029,0,พรมเลิฟลี่ 1,Lovely Mat A,ラブリィマット1,러블리 매트1,可愛腳墊1,Karpet Syantik A
800030,0,พรมเลิฟลี่ 2,Lovely Mat B,ラブリィマット2,러블리 매트2,可愛腳墊2,Karpet Syantik B
1100001,0,ต้นไม้ 1,Tree A,普通の木1,평범한 나무1,普通的樹木1,Pohon 1
1100002,0,ต้นไม้ 2,Tree B,普通の木2,평범한 나무2,普通的樹木2,Pohon 2
1100003,0,ต้นไม้ผอม 1,Thin Tree A,細い木1,가느다란 나무1,纖細的樹木1,Pohon Kurus 1
1100004,0,ต้นไม้ผอม 2,Thin Tree B,細い木2,가느다란 나무2,纖細的樹木2,Pohon Kurus 2
1100005,0,ยาเอะซากุระ,Yaezakura,ヤエザクラ,천엽 벚나무,八重櫻,Yaezakura
1100006,0,โซเมโยชิโนะ,Somei Yoshino,ソメイヨシノ,왕벚나무,染井吉野櫻,Somei Yoshino
1100007,0,พุ่มไม้,Bush,草むら,풀숲,草叢,Semak
1100008,0,ต้นไผ่,Arrow Bamboo,笹,조릿대,箭竹,Rumput Bambu
1100009,0,ต้นมะพร้าว,Palm Tree,ヤシの木,야자 나무,椰子樹,Pohon Palem
1100010,0,ต้นไม้แม่มด,Witch's Tree,魔女の木,마녀의 나무,魔女樹,Pohon Penyihir
1100011,0,ชิดาเระซากุระ 1,Weeping Cherry A,枝垂れ桜1,수양 벚나무1,枝垂櫻1,Shidare Zakura 1
1100012,0,ชิดาเระซากุระ 2,Weeping Cherry B,枝垂れ桜2,수양 벚나무2,枝垂櫻2,Shidare Zakura 2
1100013,0,ต้นบ๊วย,Ume Tree,梅の木,매화 나무,梅花樹,Pohon Plum
1100014,0,ต้นมะพร้าว (ใหญ่),Palm Tree (L),ヤシの木(大),야자 나무(대),椰子樹(大),Pohon Palem (B)
1100015,0,ต้นมะพร้าว (เล็ก),Palm Tree (S),ヤシの木(小),야자 나무(소),椰子樹(小),Pohon Palem (K)
1100016,0,ต้นสนใบแหลม 1,Fir Tree A,モミの木1,전나무1,冷杉1,Pohon Cemara A
1100017,0,ต้นสนใบแหลม 2,Fir Tree B,モミの木2,전나무2,冷杉2,Pohon Cemara B
1100018,0,ต้นสนใบแหลม 3,Fir Tree C,モミの木3,전나무3,冷杉3,Pohon Cemara C
1100019,0,ต้นคริสต์มาส,Xmas Tree,クリスマスツリー,크리스마스 트리,聖誕樹,Pohon Natal
1100020,0,ต้นสน,Japanese Pine,松,소나무,松樹,Pinus Jepang
1100021,0,ป่าไผ่,Bamboo Thickets,竹林,죽림,竹林,Semak-Semak Bambu
1100022,0,ซากุระฟุบุกิ ,Sakura Blizzard,桜吹雪,벚꽃눈,櫻花雨,Badai Sakura
1100023,0,ต้นไม้คฤหาสน์,Mansion Tree,館の木,저택 나무,豪宅的樹,Pohon Wisma
1100024,0,ต้นไม้แช่แข็ง,Cold Tree,コールドツリー,콜드 트리,冰雪冷杉,Pohon Dingin
1100025,0,ไม้ตัดแต่ง (โคริน),Topiary Coryn,トピアリー(コリン),토피어리(코린),造型樹(蘋果怪),Topiari Coryn
1100026,0,ไม้ตัดแต่ง (โปทัม),Topiary Potum,トピアリー(ポム),토피어리(포무),造型樹(波姆),Topiari Potum
1100027,0,ป่าไผ่ 2,Bamboo Thickets B,竹林2,죽림2,竹林2,Semak-Semak Bambu B
1100028,0,หน่อไม้,Bamboo Shoots,たけのこ,죽순,竹筍,Rebung
1200001,0,แดนดิไลออน,Dandelions,たんぽぽ,민들레,蒲公英,Dandelion
1200002,0,ทานตะวัน,Sunflower,ひまわり,해바라기,向日葵,Bunga Matahari
1200003,0,ทิวลิป,Tulip,チューリップ,튤립,鬱金香,Tulip
1200004,0,กุหลาบ,Roses,バラ,장미,玫瑰,Mawar
1200005,0,ไฮเดรนเยีย,Hydrangeas,紫陽花,수국,繡球花,Hortensia
1200006,0,หญ้าสึสึกิ,Susuki Grass,ススキ,억새,芒草,Rumput Susuki
1200007,0,นาโนะฮานะ,Rapeseed Flowers,菜の花,유채꽃,油菜花,Nanohana
1200008,0,เนโมฟีลา,Nemophila,ネモフィラ,네모필라,粉蝶花,Nemophila
1200009,0,อลิสซั่ม,Alyssum,アリッサム,알리섬,香雪球,Alyssum
1200010,0,ดอกชบา,Hibiscus,ハイビスカス,히비스커스,朱槿,Kembang Sepatu
1200011,0,ทุ่งทิวลิป,Tulip Field,チューリップ畑,튤립 밭,鬱金香花田,Ladang Tulip
1200012,0,แปลงดอกไม้ A,Flower Bed A,花壇1,화단1,花壇1,Katil Bunga A
1200013,0,แปลงดอกไม้ B,Flower Bed B,花壇2,화단2,花壇2,Katil Bunga B
1200014,0,แปลงดอกไม้ C,Flower Bed C,花壇3,화단3,花壇3,Katil Bunga C
1200015,0,แปลงดอกไม้ D,Flower Bed D,花壇4,화단4,花壇4,Katil Bunga D
1200016,0,ไฮเดรนเยีย (แดง),Red Hydrangeas,紫陽花（赤）,수국(빨강),繡球花（紅）,Hortensia Merah
1200017,0,กระถางต้นมอร์นิ่งกลอรี่,Potted Morning Glory,朝顔の鉢植,나팔꽃 화분,牽牛花盆栽,Pot Bunga Sripagi
1200018,0,ไฮเดรนเยีย (เขียว),Green Hydrangeas,紫陽花（緑）,수국(초록),繡球花（綠）,Hortensia Hijau
1200019,0,ดอกดาวเรือง,Marigolds,マリーゴールド,메리골드,萬壽菊,Bunga Gemitir
1200020,0,แปลงดอกทานตะวัน,Sunflower Field,ひまわり畑,해바라기밭,向日葵花田,Ladang Bunga Matahari
1300001,0,รั้วไม้ 1,Wooden Fence A,木の柵1,나무 울타리1,木製柵欄1,Pagar Kayu 1
1300002,0,รั้วไม้เข้ามุม 1,Wooden Fence (Corner) A,木の柵(角)1,나무 울타리(각)1,木製柵欄(邊角)1,Pagar Kayu (Sudut) 1
1300003,0,รั้วไม้ 2,Wooden Fence B,木の柵2,나무 울타리2,木製柵欄2,Pagar Kayu 2
1300004,0,รั้วไม้เข้ามุม 2,Wooden Fence (Corner) B,木の柵(角)2,나무 울타리(각)2,木製柵欄(邊角)2,Pagar Kayu (Sudut) 2
1300005,0,รั้วเหล็ก 1,Iron Fence A,鉄の柵1,철 울타리1,鐵柵欄1,Pagar Besi 1
1300006,0,รั้วเหล็กเข้ามุม 1,Iron Fence (Corner) A,鉄の柵(角)1,철 울타리(각)1,鐵柵欄(邊角)1,Pagar Besi (Sudut) 1
1300007,0,รั้วไม้ 3,Wooden Fence C,木の柵3,나무 울타리 3,木製柵欄3,Pagar Kayu 3
1300008,0,รั้วไม้เข้ามุม 3,Wooden Fence (Corner) C,木の柵(角)3,나무 울타리(각) 3,木製柵欄(角落)3,Pagar Kayu (Sudut) 3
1300009,0,รั้วอิฐ,Brick Fence,レンガの柵,벽돌 울타리,紅磚柵欄,Pagar Bata
1300010,0,รั้วอิฐเข้ามุม,Brick Fence (Corner),レンガの柵(角),벽돌 울타리(각),紅磚柵欄(邊角),Pagar Bata (Sudut)
1300011,0,รั้วพุ่มไม้,Hedge,垣根の柵,울타리 정원수,樹籬,Pagar Lindung
1300012,0,รั้วพุ่มไม้ (มุม),Hedge (Corner),垣根の柵(角),울타리 정원수(각),樹籬(邊角),Pagar Lindung (Sudut)
1300013,0,รั้วลวด,Wire Fence,金網の柵,철망 울타리,鐵網柵欄,Pagar Kawat
1300014,0,รั้วลวดเข้ามุม,Wire Fence (Corner),金網の柵(角),철망 울타리(각),鐵網柵欄(邊角),Pagar Kawat (Sudut)
1300015,0,รั้วเหล็ก 2,Iron Fence B,鉄の柵2,철 울타리2,鐵柵欄2,Pagar Besi 2
1300016,0,รั้วเหล็กเข้ามุม 2,Iron Fence (Corner) B,鉄の柵(角)2,철 울타리(각)2,鐵柵欄(邊角)2,Pagar Besi (Sudut) 2
1300017,0,กรวยสามเหลี่ยม (ไม้กั้น),Traffic Cone (Bar),三角コーン(バー),삼각콘(바),三角錐(橫桿),Kerucut Lalu Lintas (Tiang)
1300018,0,กรวยสามเหลี่ยม,Traffic Cone,三角コーン,삼각콘,三角錐,Kerucut Lalu Lintas
1300019,0,กำแพงหิน,Rock Wall,石の壁,돌 벽,岩石牆,Tembok Batu
1300020,0,กำแพงหิน (มุม),Rock Wall (Corner),石の壁(角),돌 벽(각),岩石牆(邊角),Tembok Batu (Sudut)
1300021,0,กำแพงไม้ซุง,Log Wall,丸太の壁,통나무 벽,圓木牆,Dinding Balok
1300022,0,กำแพงไม้ซุง (มุม),Log Wall (Corner),丸太の壁(角),통나무 벽(각),圓木牆(邊角),Tembok Balok (Sudut)
1300023,0,รั้วไม้ตาข่าย,Lattice Fence,ラティスフェンス,격자 펜스,交叉格柵,Pagar Kisi
1300024,0,รั้วไม้ตาข่าย (มุม),Lattice Fence (Corner),ラティスフェンス(角),격자 펜스(각),交叉格柵（邊角）,Pagar Kisi (Sudut)
1300025,0,รั้วกั้นที่ก่อสร้าง,Construction Fence,工事中の柵,공사장 휀스,施工圍欄,Pagar Situs Bangunan
1300026,0,รั้วกั้นที่ก่อสร้าง (มุม),Construction Fence (Corner),工事中の柵(角),공사장 휀스(각),施工圍欄（角）,Pagar Situs Bangunan (Sudut)
1300027,0,การ์ดเรล,Guardrail,ガードレール,가드레일,護欄,Pagar Pengaman Jalan
1300028,0,ตุ๊กตาหิมะเล็ก (มุม),Guardrail (Corner),ガードレール(角),가드레일(각),護欄（角）,Pagar Pengaman Jalan (Sudut)
1300029,0,ราวจับปราสาทซากุระ,Sakura Castle Handrail,桜雲城の手すり,앵운성의 난간,櫻雲城欄杆,Selusur Benteng Sakura
1300030,0,ราวจับปราสาทซากุระ (มุม),Sakura Castle Handrail (Cor),桜雲城の手すり(角),앵운성의 난간(각),櫻雲城欄杆(角),Selusur Benteng Sakura (Sudut)
1300031,0,กำแพงปราสาท,Castle Wall,城壁,성벽,城牆,Dinding Benteng
1300032,0,กำแพงปราสาท (มุม),Castle Wall (Corner),城壁(角),성벽(각),城牆(角),Dinding Benteng (Sudut)
1300033,0,รั้วไม้ 4,Wooden Fence D,木の柵4,나무 울타리4,木製柵欄4,Pagar Kayu 4
1300034,0,รั้วไม้เข้ามุม 4,Wooden Fence (Corner) D,木の柵(角)4,나무 울타리(각)4,木製柵欄(邊角)4,Pagar Kayu (Sudut) 4
1300035,0,กำแพงหิมะ,Snow Wall,雪の壁,눈 벽,雪牆,Dinding Salju
1300036,0,กำแพงหิมะ (มุม),Snow Wall (Corner),雪の壁(角),눈 벽(각),雪牆(角),Dinding Salju (Sudut)
1300037,0,กำแพงหิมะ (ยาว),Snow Wall (Long),雪の壁(長),눈 벽(장),雪牆(長),Dinding Salju (Panjang)
1300038,0,ราวจับปราสาทซากุระ (ยาว),Sakura Castle Handrail (Long),桜雲城の手すり(長),앵운성 난간(장),櫻雲城欄杆(長),Selusur Benteng Sakura (Pjg)
1300039,0,รั้วไม้ยาว 3  ,Wooden Fence (Long) C,木の柵(長)3,나무 울타리(장)3,木製柵欄(長)3,Pagar Kayu (Panjang) 3
1300040,0,รั้วไม้ใหญ่ 3  ,Wooden Fence (Big) C,木の柵(大)3,나무 울타리(대)3,木製柵欄(大)3,Pagar Kayu (Besar) 3
1300041,0,รั้วไม้ใหญ่เข้ามุม 3  ,Wooden Fence (Big Corner) C,木の柵(大角)3,나무 울타리(대각)3,木製柵欄(大邊角)3,Pagar Kayu (Sudut Besar) 3
1300042,0,ฉากไม้ไผ่,Bamboo Fence,竹垣,대나무 울타리,竹柵欄,Pagar Bambu
1300043,0,ฉากไม้ไผ่ (มุม),Bamboo Fence (Corner),竹垣(角),대나무 울타리(각),竹柵欄(角),Pagar Bambu (Sudut)
1300044,0,รั้วหัวใจ,Heart Fence,ハートフェンス,하트 펜스,愛心格柵,Pagar Hati
1300045,0,รั้วหัวใจ (ยาว),Heart Fence (Long),ハートフェンス(長),하트 펜스(장),愛心格柵（長）,Pagar Hati (Panjang)
1300046,0,รั้วพุ่มไม้ (ยาว),Hedge (Long),垣根の柵(長),울타리 정원수(장),樹籬(長),Pagar Lindung (Panjang)
1300047,0,รั้วพุ่มไม้ (ดอกไม้),Hedge (Flowers),垣根の柵(花),울타리 정원수(꽃),樹籬(花),Pagar Lindung (Bunga)
1300048,0,ม่านกั้นขาวแดง,Red & White Banner,紅白の垂れ幕,홍백 현수막,紅白掛簾,Spanduk Merah Putih
1300049,0,ม่านกั้นขาวแดง (มุม),Red & White Banner (Corner),紅白の垂れ幕(角),홍백 현수막(각),紅白掛簾(角),Spanduk Merah Putih (Sudut)
1300050,0,รั้วสีทอง,Golden Fence,金色の柵,금색 울타리,金色柵欄,Pagar Emas
1300051,0,รั้วสีทองเข้ามุม,Golden Fence (Corner),金色の柵(角),금색 울타리(각),金色柵欄(角),Pagar Emas (Sudut)
1300052,0,รั้วสีทองยาว,Golden Fence (Long),金色の柵(長),금색 울타리(장),金色柵欄(長),Pagar Emas (Panjang)
1300053,0,รั้วคฤหาสน์,Mansion Fence,お屋敷の柵,저택 울타리,宅邸的柵欄,Pagar Wisma
1300054,0,รั้วคฤหาสน์ (มุม),Mansion Fence (Corner),お屋敷の柵(角),저택 울타리(각),宅邸的柵欄(角),Pagar Wisma (Sudut)
1300055,0,รั้วคฤหาสน์ (ยาว),Mansion Fence (Long),お屋敷の柵(長),저택 울타리(장),宅邸的柵欄(長),Pagar Wisma (Panjang)
1300056,0,ม่านคาบูกิ,Kabuki Curtain,歌舞伎幕,가부키 커튼,歌舞伎幕布,Tirai Kabuki
1300057,0,ม่านคาบูกิ (มุม),Kabuki Curtain (Corner),歌舞伎幕（角）,가부키 커튼(각),歌舞伎幕布（角）,Tirai Kabuki (Sudut)
1300058,0,รั้วหอดนตรี,Music Hall Fence,音楽堂の柵,콘서트홀 울타리,音樂堂的柵欄,Pagar Gedung Musik
1300059,0,รั้วแปลงดอกไม้,Flower Bed Fence,花壇の柵,화단 울타리,花壇柵欄,Pagar Katil Bunga
1300060,0,รั้วแปลงดอกไม้ (ยาว),Flower Bed Fence (Long),花壇の柵（長）,화단 울타리 (장),花壇柵欄 (長),Pagar Katil Bunga (Panjang)
1300061,0,รั้วแปลงดอกไม้ (มุม),Flower Bed Fence (Corner),花壇の柵（角）,화단 울타리 (각),花壇柵欄 (角),Pagar Katil Bunga (Sudut)
1400001,0,ม้านั่งเก่า,Old Bench,ボロいベンチ,낡은 벤치,破舊的長凳,Bangku Tua
1400002,0,ม้านั่ง 1,Bench A,ベンチ1,벤치1,長凳1,Bangku 1
1400003,0,ม้านั่ง 2,Bench B,ベンチ2,벤치2,長凳2,Bangku 2
1400004,0,ม้านั่ง 3,Bench C,ベンチ3,벤치3,長凳3,Bangku 3
1400005,0,เก้าอี้แต่งงาน,Wedding Chair,ウェディングチェア,웨딩 체어,婚禮用椅,Kursi Pengantin
1400006,0,เก้าอี้อลูมิเนียม,Aluminum Chair,アルミチェア,알루미늄 체어,鋁製扶手椅,Kursi Aluminium
1400007,0,โนดาเตะ 1,Nodate A,野点1,야외 다회 의자1,露天茶亭1,Nodate A
1400008,0,ม้านั่ง 4,Bench D,ベンチ4,벤치4,長凳4,Bangku 4
1400009,0,เก้าอี้ลังเบียร์,Beer Case Chair,ビールケース椅子,맥주 상자 의자,啤酒箱椅子,Kursi Krat Bir
1400010,0,เก้าอี้กรรมการสนามกีฬา,Lifeguard Chair,監視台,감시대,瞭望台,Kursi Penjaga Kolam Renang
1400011,0,เก้าอี้สนาม,Outdoor Chair,アウトドアチェア,아웃도어 체어,戶外椅,Kursi Outdoor
1400012,0,ม้านั่งคริสต์มาส 1,Xmas Bench A,クリスマスベンチ1,크리스마스 벤치1,聖誕長凳1,Bangku Natal A
1400013,0,ม้านั่งคริสต์มาส 2,Xmas Bench B,クリスマスベンチ2,크리스마스 벤치2,聖誕長凳2,Bangku Natal B
1400014,0,โนดาเตะ 2,Nodate B,野点2,야외 다회 의자2,露天茶亭2,Nodate B
1400015,0,เก้าอี้เคาน์เตอร์เทอเรส 1,Terrace Counter Stool A,テラスカウンターチェア1,테라스 카운터 의자1,露台吧椅1,Kursi Konter Teras A
1400016,0,เก้าอี้เคาน์เตอร์เทอเรส 2,Terrace Counter Stool B,テラスカウンターチェア2,테라스 카운터 의자2,露台吧椅2,Kursi Konter Teras B
1400017,0,เก้าอี้ตอไม้,Stump Chair,切り株の椅子,그루터기 의자,木樁椅,Kursi Tunggul
1400018,0,ม้านั่งไม้ไผ่,Bamboo Bench,竹のベンチ,대나무 벤치,竹製長椅,Bangku Bambu
1400019,0,ม้านั่งน่าขนลุก,Uncanny Bench,不気味なベンチ,섬뜩한 벤치,詭異的長椅,Bangku Seram
1400020,0,เก้าอี้เทอเรส,Terrace Chair,テラスチェア,테라스 체어,露台椅,Kursi Teras
1400021,0,ม้านั่งฉลองครบรอบ,Anniversary Bench,アニバーサリーベンチ,애니버서리 벤치,周年長椅,Bangku Dirgahayu
1500001,0,ร่มกันแดด,Parasol,パラソル,파라솔,陽傘,Payung
1500002,0,แคมป์ไฟ,Camp Fire,キャンプファイヤー,캠프파이어,營火,Api Kemah
1500003,0,กองไฟ,Bonfire,焚き火,모닥불,火堆,Api Unggun
1500004,0,กล่องจดหมาย,Post,ポスト,포스트,郵筒,Kotak Pos
1500005,0,เต็นท์,Tent,テント,텐트,帳篷,Tenda
1500006,0,รูปปั้นโมอาย,Moyai Statue,モヤイ像,모아이상,摩艾石像,Patung Moyai
1500007,0,หินแต่งสวน 1,Garden Rock A,庭石1,정원석1,造景石1,Batu Taman 1
1500008,0,หินแต่งสวน 2,Garden Rock B,庭石2,정원석2,造景石2,Batu Taman 2
1500009,0,หินแต่งสวน(มอส) 1,Garden Rock (Moss) A,庭石(苔)1,정원석(이끼)1,造景石(苔癬)1,Batu Taman (Lumut) 1
1500010,0,หินแต่งสวน(มอส) 2,Garden Rock (Moss) B,庭石(苔)2,정원석(이끼)2,造景石(苔癬)2,Batu Taman (Lumut) 2
1500011,0,บ่อน้ำ　1,Well A,井戸1,우물1,水井1,Sumur 1
1500012,0,ลังไม้,Wooden Box,木箱,나무 상자,木箱,Kotak Kayu
1500013,0,ธงปลาคาร์ฟ,Carp Streamers,こいのぼり,잉어 깃발,鯉魚旗,Koinobori
1500014,0,บ่อน้ำ　2,Well B,井戸2,우물2,水井2,Sumur 2
1500015,0,ท่อดิน 1,Earthen Pipe A,土管1,토관1,陶製水管1,Pipa Tanah 1
1500016,0,ท่อดิน 2,Earthen Pipe B,土管2,토관2,陶製水管2,Pipa Tanah 2
1500017,0,ระฆังแต่งงาน,Wedding Bell,ウェディングベル,웨딩 벨,婚禮鈴鐺,Lonceng Pernikahan
1500018,0,ซุ้มแต่งงาน,Wedding Arch,ウェディングアーチ,웨딩 아치,婚禮拱門,Lengkungan Pernikahan
1500019,0,โต๊ะอลูมิเนียม,Aluminum Table,アルミテーブル,알루미늄 테이블,鋁製圓桌,Meja Aluminium
1500020,0,กล่องเก็บความเย็น,Coolbox,クーラーボックス,쿨러 박스,保冷箱,Kotak Pendingin
1500021,0,เตาบาร์บิคิว,Barbecue Stand,バーベキュー台,바베큐 스탠드,烤肉架,Stan Barbekyu
1500022,0,เสาตะเกียงหิน,Stone Lantern,石灯籠,석등,石燈籠,Lentera Batu
1500023,0,กลองไทโกะ,Taiko,太鼓,큰 북,太鼓,Taiko
1500024,0,ศิลาหน้าหลุมฝังศพ 1,Tombstone A,墓石1,묘비1,墓碑1,Batu Nisan 1
1500025,0,ศิลาหน้าหลุมฝังศพ 2,Tombstone B,墓石2,묘비2,墓碑2,Batu Nisan 2
1500026,0,ศิลาหน้าหลุมฝังศพ 3,Tombstone C,墓石3,묘비3,墓碑3,Batu Nisan 3
1500027,0,ตุ๊กตาหิมะใหญ่ 1,Snowman A (L),雪だるま1(大),눈사람1(대),雪人1(大),Boneka Salju 1 (B)
1500028,0,ตุ๊กตาหิมะเล็ก 1,Snowman A (S),雪だるま1(小),눈사람1(소),雪人1(小),Boneka Salju 1 (K)
1500029,0,ตุ๊กตาหิมะใหญ่ 2,Snowman B (L),雪だるま2(大),눈사람2(대),雪人2(大),Boneka Salju 2 (B)
1500030,0,ตุ๊กตาหิมะเล็ก 2,Snowman B (S),雪だるま2(小),눈사람2(소),雪人2(小),Boneka Salju 2 (K)
1500031,0,โออินาริซามะ 1,Oinarisama A,お稲荷様1,여우신령1,稲荷神像1,Patung Rubah 1
1500032,0,โออินาริซามะ 2,Oinarisama B,お稲荷様2,여우신령2,稲荷神像2,Patung Rubah 2
1500033,0,โอจิโซซามะ,Ojizosama,お地蔵様,지장보살,地藏菩薩像,Ksitigarbha
1500034,0,อิกลู,Igloo,かまくら,눈집,雪窯洞,Iglo
1500035,0,บ่ออาบน้ำกลางแจ้ง,Open-Air Bath,露天風呂,노천온천,露天浴池,Pemandian Terbuka
1500036,0,โพเดียม,Podium,表彰台,표창대,頒獎台,Podium
1500037,0,ป้ายโฆษณา,Advertisement Panel,インタビューボード,인터뮤 보드,訪問背景,Latar Wawancara
1500038,0,น้ำพุ 1,Fountain A,噴水1,분수1,噴水池1,Air Mancur 1
1500039,0,กล่องรับเงินทำบุญ,Offertory Box,賽銭箱,세전함,賽錢箱,Kotak Persembahan
1500040,0,บ่ออาบน้ำหิน,Rock Bath,岩風呂,바위 욕탕,岩石浴池,Pemandian Batu
1500041,0,น้ำพุ 2,Fountain B,噴水2,분수2,噴水池2,Air Mancur 2
1500042,0,น้ำพุ 3,Fountain C,噴水3,분수3,噴水池3,Air Mancur 3
1500043,0,ที่ตั้งคบไฟ,Torch Stand,松明台,횃불대,照明火炬,Tempat Obor
1500044,0,ถังเหล็ก,Oil Drum,ドラム缶,드럼통,鐵皮油桶,Drum Minyak
1500045,0,ร่มกันแดดรีสอร์ท,Resort Parasol,リゾートパラソル,리조트 파라솔,渡假村陽傘,Payung Resor
1500046,0,ร่มสนามแบบแขวน,Hanging Parasol,ハンギングパラソル,행잉 파라솔,懸掛式陽傘,Payung Gantung
1500047,0,สระน้ำเป่าลม,Plastic Pool,ビニールプール,비닐 수영장,充氣水池,Kolam Plastik
1500048,0,ม่านต้นไม้,Green Curtain,グリーンカーテン,그린 커튼,綠化藤簾,Tirai Hijau
1500049,0,ฝักบัวละอองหมอก,Mist Shower,ミストシャワー,미스트 샤워,噴霧裝置,Shower Kabut
1500050,0,ดอกไม้ไฟ,Fireworks,花火,불꽃,煙火,Kembang Api
1500051,0,ซัมเมอร์เบด,Summer Chair,サマーベッド,서머 비치 체어,盛夏躺椅,Kursi Geladak
1500052,0,เตียงชายหาด,Beach Bed,ビーチベッド,비치 베드,海灘躺椅,Kursi Pantai
1500053,0,ไม้ระแนงพื้น (ยาว),Wood Deck (Long),ウッドデッキ(長),우드덱(장),木質甲板(長),Dek Kayu (Panjang)
1500054,0,ไม้ระแนงพื้น (ใหญ่),Wood Deck (Large),ウッドデッキ(大),우드덱(대),木質甲板(大),Dek Kayu (Besar)
1500055,0,ไม้ระแนงพื้น,Wood Desk,ウッドデスク,우드 데스크,木桌,Meja Kayu
1500056,0,อิกลู (บ้านน้ำแข็ง),Ice Igloo,かまくら(凍結),얼음집,雪窯洞(冰凍),Rumah Salju (Beku)
1500057,0,กังหันลม,Wind Turbine,風力発電機,풍력 발전기,風力發電機,Turbin Angin
1500058,0,ลังเบียร์ (ว่างเปล่า),Beer Case (Empty),ビールケース(空),맥주 상자(빔),啤酒箱(空),Krat Bir (Kosong)
1500059,0,ลังเบียร์,Beer Case,ビールケース,맥주 상자,啤酒箱,Krat Bir
1500060,0,ศาลา,Gazebo,東屋,정자,方形涼亭,Gazebo
1500061,0,ตุ๊กตาหมีคริสต์มาส,Xmas Teddy,クリスマステディ,크리스마스 테디,聖誕熊布偶,Boneka Beruang Natal
1500062,0,รองเท้าบูทคริสต์มาส,Xmas Boots,クリスマスブーツ,크리스마스 부츠,聖誕靴,Sepatu Bot Natal
1500063,0,คาโดมัตสึ 1,Kadomatsu A,門松1,대나무 장식1,門松1,Kadomatsu A
1500064,0,คาโดมัตสึ 2,Kadomatsu B,門松2,대나무 장식2,門松2,Kadomatsu B
1500065,0,โทริอิ,Torii,鳥居,토리이,鳥居,Torii
1500066,0,ภูเขาไฟฟูจิจิ๋ว,Mini Mt. Fuji,ミニ富士山,미니 후지산,迷你富士山,G. Fuji Mini
1500067,0,เตาหลอมอาวุธ,Blacksmith Forge,鍛冶屋の炉,대장간의 화로,鐵匠鋪的火爐,Tungku Pandai Besi
1500068,0,ทั่งตีอาวุธ,Blacksmith Anvil,鍛治屋の金敷,대장간의 모루,鐵匠鋪的鐵砧,Paron Pandai Besi
1500069,0,เต็นท์ผ้าใบ 1,Tarp Tent A,タープテント1,타프텐트1,帆布帳篷1,Tenda Terpal A
1500070,0,เต็นท์ผ้าใบ 2,Tarp Tent B,タープテント2,타프텐트2,帆布帳篷2,Tenda Terpal B
1500071,0,เสื่อปิคนิค 1,Picnic Blanket A,ピクニックマット1,피크닉 매트1,野餐布1,Tikar Piknik A
1500072,0,เสื่อปิคนิค 2,Picnic Blanket B,ピクニックマット2,피크닉 매트2,野餐布2,Tikar Piknik B
1500073,0,ของตกแต่งซีซาร์ (เล็ก) 1,Shisa Figurine (S) A,シーサーの置物(小)1,해태 장식품(소)1,風獅爺裝飾品(小)1,Figurin Shisa (K) 1
1500074,0,ของตกแต่งซีซาร์ (เล็ก) 2,Shisa Figurine (S) B,シーサーの置物(小)2,해태 장식품(소)2,風獅爺裝飾品(小)2,Figurin Shisa (K) 2
1500075,0,ของตกแต่งซีซาร์ (ใหญ่) 1,Shisa Figurine (L) A,シーサーの置物(大)1,해태 장식품(대)1,風獅爺裝飾品(大)1,Figurin Shisa (B) 1
1500076,0,ของตกแต่งซีซาร์ (ใหญ่) 2,Shisa Figurine (L) B,シーサーの置物(大)2,해태 장식품(대)2,風獅爺裝飾品(大)2,Figurin Shisa (B) 2
1500077,0,ถุงนอน 1,Sleeping Bag A,寝袋1,침낭1,睡袋1,Kantong Tidur A
1500078,0,ถุงนอน 2,Sleeping Bag B,寝袋2,침낭2,睡袋2,Kantong Tidur B
1500079,0,ถุงนอน 3,Sleeping Bag C,寝袋3,침낭3,睡袋3,Kantong Tidur C
1500080,0,ร้านค้าแผงลอย 1,Food Stand A,屋台1,포장마차1,路邊攤1,Angkringan A
1500081,0,ร้านค้าแผงลอย 2,Food Stand B,屋台2,포장마차2,路邊攤2,Angkringan B
1500082,0,ร้านค้าแผงลอย 3,Food Stand C,屋台3,포장마차3,路邊攤3,Angkringan C
1500083,0,โต๊ะสนาม,Outdoor Table,アウトドアデスク,아웃도어 테이블,戶外桌,Meja Outdoor
1500084,0,ไจเอนท์บับเบิ้ล,Giant Bubble,ジャイアントバブル,자이언트 버블,巨大泡泡,Gelembung Raksasa
1500085,0,บ่อน้ำ,Pond,池,연못,水池,Kolam
1500086,0,หุ่นไล่กาฮาโลวีน,Halloween Scarecrow,ハロウィン案山子,할로윈 허수아비,萬聖節稻草人,Orang2an Sawah Halloween
1500087,0,เลื่อนซานต้า,Santa's Sleigh,サンタソリ,산타 썰매,聖誕雪橇,Kereta Santa
1500088,0,ซุ้มต้นไม้,Tree Arch,アーチツリー,트리 아치,拱門樹,Lengkungan Pohon
1500089,0,รูปปั้นวัว,Cow Figurine,置物ウシ,소 장식품,奶牛擺飾,Figurin Sapi
1500090,0,หุ่นไล่กา ,Scarecrow,案山子,허수아비,稻草人,Orang-Orangan Sawah
1500091,0,คอนเทนเนอร์ 1,Container A,コンテナ1,컨테이너1,貨櫃1,Kontainer A
1500092,0,คอนเทนเนอร์ 2,Container B,コンテナ2,컨테이너2,貨櫃2,Kontainer B
1500093,0,เสาวิหาร,Shrine Pillar,神殿の柱,신전 기둥,神殿石柱,Pilar Kuil
1500094,0,ประตูวิหาร,Shrine Gate,神殿の門,신전 문,神殿石門,Gerbang Kuil
1500095,0,ใบไม้กันฝน,Leaf Umbrella,雨宿りの葉,나뭇잎 우산,避雨樹葉,Payung Daun
1500096,0,แผงอิฐปูพื้น,Brick Flooring,レンガパネル,벽돌 패널,磚地,Lantai Bata
1500097,0,เตาบาร์บิคิวDX,Deluxe BBQ Grill,DXバーベキュー台,DX 바베큐대,超大BBQ架,Alat Panggang BBQ Mewah
1500098,0,แผ่นกรวด ,Gravel Flooring,砂利パネル,자갈 플로어링,碎石板,Lantai Kerikil
1500099,0,ท่อดิน 3,Earthen Pipe C,土管3,토관3,陶製水管3,Pipa Tanah 3
1500100,0,ขวานขนมหวานเวทมนตร์,Lolliodd Magic Axe,お菓子な魔法の杖(庭),과자 같은 마법 지팡이(정원),怪點心魔法杖(庭),Kapak Manisaneh Ajaib
1500101,0,พื้นไม้ระแนง,Wood Deck (Extra Large),ウッドフロア,나무 데크,木製平台,Dek Kayu (Ekstra Besar)
1500102,0,ชิชิโอโดชิ ,Shishi-Odoshi,ししおどし,조경용 물레방아,鹿威,Shishi-Odoshi
1500103,0,ร่มกระดาษน้ำมัน 1,Oil-Paper Umbrella A,番傘1,지우산1,番傘1,Payung Kertas Minyak A
1500104,0,ร่มกระดาษน้ำมัน 2,Oil-Paper Umbrella B,番傘2,지우산2,番傘2,Payung Kertas Minyak B
1500105,0,ร่มกระดาษน้ำมัน 3,Oil-Paper Umbrella C,番傘3,지우산3,番傘3,Payung Kertas Minyak C
1500106,0,ร่มกระดาษน้ำมัน 4,Oil-Paper Umbrella D,番傘4,지우산4,番傘4,Payung Kertas Minyak D
1500107,0,กองหิมะ 1,Snow Pile A,積もった雪1,쌓인 눈1,積雪1,Tumpukan Salju A
1500108,0,กองหิมะ 2,Snow Pile B,積もった雪2,쌓인 눈2,積雪2,Tumpukan Salju B
1500109,0,กองหิมะ 3,Snow Pile C,積もった雪3,쌓인 눈3,積雪3,Tumpukan Salju C
1500110,0,กองหิมะ 4,Snow Pile D,積もった雪4,쌓인 눈4,積雪4,Tumpukan Salju D
1500111,0,โบรกเกอร์แรบบิท,Gangster Rabbit,ブローカーラビット,브로커 래빗,掮客兔,Kelinci Makelar
1500112,0,โบรกเกอร์แบร์,Gangster Bear,ブローカークマー,브로커 베어,掮客熊,Beruang Makelar
1500113,0,กระสอบและลัง,Box and Bags,積まれた荷物,쌓인 짐,堆積的貨物,Karung & Kotak
1500114,0,เวทีไม้,Wooden Platform,ウッドハイフロア,우드 하이플로어,木製高台,Platform Kayu
1500115,0,อัฒจันทร์ไม้,Wooden Steps,ウッドステップ,우드 스텝,木製階梯,Tangga Kayu
1500116,0,ทางเดินดอกไม้ A,Flower Path A,フラワーロード1,플라워 로드1,花之路1,Jalan Bertabur Bunga A
1500117,0,ทางเดินดอกไม้ B,Flower Path B,フラワーロード2,플라워 로드2,花之路2,Jalan Bertabur Bunga B
1500118,0,เต็นท์ผ้าใบ,Tarp Tent,タープ,타프,天幕帳篷,Tenda Terpal
1500119,0,เตาแคมปิ้ง,Camping Stove,バーナーコンロ,캠핑 버너,瓦斯爐,Kompor Kemah
1500120,0,กำแพงน้ำ,Water Wall,ウォーターオブジェ,워터 월,水幕擺飾,Air Terjun Dinding
1500121,0,พังค์สโนว์แมน 1,Punk Snowman A,パンクスノーマン1,펑크 스노우맨1,龐克雪人1,Boneka Salju Punk A
1500122,0,พังค์สโนว์แมน 2,Punk Snowman B,パンクスノーマン2,펑크 스노우맨2,龐克雪人2,Boneka Salju Punk B
1500123,0,สโนว์แมนสิ้นหวัง,Miserable Snowman,ダメポスノーマン,추위 타는 스노우맨,快不行的雪人,Boneka Salju Menyedihkan
1500124,0,แท่นลาไว,Clamor Pedestal,ラワァイペデスタル,라와이 페데스탈,喧囂臺座,Lapik Bising
1500125,0,บ่อล้างมือ,Water Ablution Pavilion,手水舎,수수사,手水舍,Temizuya
1500126,0,โทริอิใหญ่,Big Torii,大きい鳥居,커다란 토리이,大鳥居,Torii Besar
1500127,0,เสาศาลเจ้า,Shinto Shrine Pillar,神社柱,신사 기둥,神社柱子,Pilar Kuil Shinto
1500128,0,ซุ้มประตูหัวใจ,Heart Arch,ハートアーチ,하트 아치,愛心拱門,Lengkungan Hati
1500129,0,ลูกกวาดแต่งสวน,Candy Garden Ornament,キャンディ庭飾り,캔디 정원 장식,庭院裝飾糖果,Hiasan Taman Permen
1500130,0,พื้นผิวถนน 1,Road Surface A,道路パネル1,도로 패널1,路面1,Permukaan Jalan A
1500131,0,พื้นผิวถนน 2,Road Surface B,道路パネル2,도로 패널2,路面2,Permukaan Jalan B
1500132,0,พื้นผิวถนน 3,Road Surface C,道路パネル3,도로 패널3,路面3,Permukaan Jalan C
1500133,0,พื้นผิวถนน 4,Road Surface D,道路パネル4,도로 패널4,路面4,Permukaan Jalan D
1500134,0,พื้นผิวถนน 5,Road Surface E,道路パネル5,도로 패널5,路面5,Permukaan Jalan E
1500135,0,พื้นผิวถนน 6,Road Surface F,道路パネル6,도로 패널6,路面6,Permukaan Jalan F
1500136,0,รูปปั้นแมวซากุระกลางวัน,Day Sakura Guardian Cat Statue,昼桜のコマ猫,낮벚꽃 고양이 석상,晝櫻的狛貓,Patung Kucing Penjaga Sakura
1500137,0,ดังโงะชมดอกไม้,Hanami Dango,花見団子,꽃구경 경단,賞花團子,Hanami Dango
1500138,0,ข้าวปั้นชมดอกไม้,Hanami Rice Balls,花見おにぎり,꽃구경 주먹밥,賞花飯團,Onigiri Hanami
1500139,0,ซากุระโมจิ,Sakuramochi,桜餅,벚꽃 떡,櫻餅,Sakuramochi
1500140,0,พร็อพถ่ายรูป,Photo Spot Frame,フォトスポット,포토 스팟,拍照板,Prop Foto Toram
1500141,0,โต๊ะสีทอง,Golden Table,金色の机,금색 책상,金色桌子,Meja Emas
1500142,0,พวงหรีดแสดงความยินดี,Congratulatory Flower Stand,お祝いの花輪,축하 화환,祝賀花圈,Papan Bunga Selamatan
1500143,0,แผงโซล่าเซลล์,Solar Panel,ソーラーパネル,태양 전지판,太陽能板,Panel Surya
1500144,0,ใบไม้ร่วง (จุดไฟ),Leaf Litter (Bonfire),落ち葉(焚火),낙엽(모닥불),落葉(焚燒),Serasah (Api Unggun)
1500145,0,ใบไม้ร่วง,Leaf Litter,落ち葉,낙엽,落葉,Serasah
1500146,0,ใบไม้ร่วง (กองใหญ่),Leaf Litter (Big),落ち葉(大),낙엽(대),落葉(大),Serasah (Besar)
1500147,0,เคาน์เตอร์เทอเรส,Terrace Café Counter,テラスカウンター,테라스 카운터,露臺櫃檯,Konter Kafe Outdoor
1500148,0,เคาน์เตอร์เทอเรส (มุม),Terrace Café Counter (Corner),テラスカウンター(角),테라스 카운터(각),露臺櫃檯（角）,Konter Kafe Outdoor (Sudut)
1500149,0,แผ่นกระเบื้องลายอิฐ,Brick Tile Flooring,レンガタイルパネル,벽돌 타일 패널,磚塊板,Lantai Ubin Bata
1500150,0,กาแฟดริปสำหรับเทอเรส,Terrace Drip Coffee Kit,テラス用ドリップコーヒー,테라스용 드립 커피,露台滴濾咖啡,Peralatan Kopi Tetes Outdoor
1500151,0,โนโบริภูเขาชิโรโมโมะ,Mt. White Peach Streamer,白桃山ののぼり,백도산 깃발,白桃山的幟旗,Panji Gunung Persik Putih
1500152,0,ประตูไม้แห้ง,Dead Tree Gate,枯れ木のゲート,마른 나무 게이트,枯枝木門,Gerbang Pohon Mati
1500153,0,บ้านสัตว์เลี้ยง,Breeding House,ブリーダーハウス,사육장,飼育小屋,Rumah Ternak
1500154,0,โต๊ะโปทัม,Potum Table,ポトゥムテーブル,포툼 테이블,波多姆桌,Meja Bulat Potum
1500155,0,ตุ๊กตาหิมะ 3,Snowman C,雪だるま3,눈사람3,雪人3,Boneka Salju 3
1500156,0,จิโซกับหิมะ,Snow Jizo,雪地蔵,눈 지장보살,雪地藏菩薩像,Ksitigarbha Salju
1500157,0,โออินาริซามะกับหิมะ 1,Snow Oinarisama A,雪お稲荷様1,눈 여우신령1,雪稲荷神像1,Patung Rubah Salju A
1500158,0,โออินาริซามะกับหิมะ 2,Snow Oinarisama B,雪お稲荷様2,눈 여우신령2,雪稲荷神像2,Patung Rubah Salju B
1500159,0,ป้ายซอฟต์ครีม,Giant Soft Serve Display,ソフトクリームの看板,소프트크림 간판,霜淇淋招牌,Patung Es Krim Lembut
1500160,0,โต๊ะเทอเรส,Terrace Table,テラステーブル,테라스 테이블,露台桌,Meja Teras
1500161,0,ถังตั้งโชว์ 1,Decorative Drum (Outdoor) A,エクステリアドラム缶1,익스테리어 드럼통 1,戶外裝飾用油桶 1,Drum Hias Outdoor A
1500162,0,ถังตั้งโชว์ 2,Decorative Drum (Outdoor) B,エクステリアドラム缶2,익스테리어 드럼통 2,戶外裝飾用油桶 2,Drum Hias Outdoor B
1500163,0,ของตกแต่งรูปเห็ด 1,Mushroom Cluster Ornament A,キノコオーナメント1,버섯 오너먼트 1,蘑菇裝飾 1,Hiasan Jamur A
1500164,0,ของตกแต่งรูปเห็ด 2,Mushroom Cluster Ornament B,キノコオーナメント2,버섯 오너먼트 2,蘑菇裝飾 2,Hiasan Jamur B
1500165,0,โทริอิของศาลเจ้า,Shrine Torii,祠の鳥居,사당의 토리이,神殿的鳥居,Torii Kuil
1500166,0,เสาตะเกียงหินของศาลเจ้า,Shrine Stone Lantern,祠の石灯籠,사당의 석등,神殿的石燈籠,Lentera Batu Kuil
1500167,0,เสื่อปิคนิค 3,Picnic Blanket C,ピクニックマット3,피크닉 매트3,野餐布3,Tikar Piknik C
1500168,0,ร่ม 1,Umbrella A,傘1,우산1,傘1,Payung A
1500169,0,ร่ม 2,Umbrella B,傘2,우산2,傘2,Payung B
1500170,0,แท่นวางในสวน (เล็ก),Garden Pedestal (S),庭の台座(小),정원 받침대 (소),庭院底座 (小),Pedestal Taman (K)
1500171,0,สปริงเกลอร์,Sprinkler,スプリンクラー,스프링클러,灑水器,Sprinkler
1500172,0,เวทีขาวแดง,Yagura,紅白やぐら,홍백 망루,紅白櫓,Yagura
1500173,0,โต๊ะขาวแดง,Red & White Table,紅白机,홍백 책상,紅白桌,Meja Merah Putih
1500174,0,อ่างตกลูกโป่งน้ำ,Water Balloon Fishing,ヨーヨー釣り,요요 낚시,釣水球,Pancing Balon Air
2100001,0,กำแพงไม้ 1,Wooden Wall A,木の壁1,나무 벽1,木牆1,Dinding Kayu 1
2100002,0,กำแพงอิฐ,Brick Wall,レンガの壁,벽돌 벽,紅磚牆,Dinding Bata
2100003,0,กำแพงหิน,Stone Wall,石材の壁,석재 벽,石牆,Dinding Batu
2100004,0,กำแพงแอนทีค,Traditional Wall,古風な壁,고풍스러운 벽,復古造型牆,Dinding Antik
2100005,0,กำแพงโมเดิร์น,Elegant Wall,おしゃれな壁,세련된 벽,時尚造型牆,Dinding Modis
2100006,0,กำแพงแบบญี่ปุ่น 1,Japanese Wall A,和風な壁1,동양풍 벽1,和風牆1,Dinding Jepang 1
2100007,0,กำแพงแบบเรียบง่าย 1,Plain Wall A,無地の壁1,민무늬 벽1,單色牆,Dinding Polos 1
2100008,0,คอนกรีต,Concrete,コンクリート,콘크리트,水泥牆,Beton
2100009,0,กำแพงแบบเรียบง่าย 2,Plain Wall B,無地の壁2,민무늬 벽2,單色牆2,Dinding Polos 2
2100010,0,กำแพงโซเฟีย,Sofya Wall,ソフィアウォール,소피아 월,索非亞式牆壁,Dinding Sofya
2100011,0,กำแพงน้ำแข็ง,Ice Wall,アイスウォール,아이스 월,冰牆,Dinding Es
2100012,0,กำแพงไม้ 2,Wooden Wall B,木の壁2,나무 벽2,木牆2,Dinding Kayu 2
2100013,0,กำแพงเอล สคาโร,El Scaro Wall,エル・スカーロの壁,엘 스카로의 벽,艾爾‧斯卡羅式牆壁,Dinding El Scaro
2100014,0,กำแพงขนมหวาน,Sweet Wall,お菓子の壁,과자 벽,點心牆,Dinding Manisan
2100015,0,กำแพงปราสาทเก่า,Old Castle Wall,古城の壁,고성의 벽,古城牆,Dinding Kastil Tua
2100016,0,กำแพงคริสต์มาส,Xmas Wall,クリスマスの壁,크리스마스 벽,聖誕風的牆壁,Dinding Natal
2100017,0,กำแพงเขตการปกครองฟิโก,Wall of Figo's Manor,フィゴ荘園の壁,피고 장원의 벽,費戈莊園的牆壁,Dinding Kediaman Figo
2100018,0,กำแพงสวน,Garden Wall,ガーデンウォール,가든 월,花園木牆,Dinding Taman
2100019,0,กำแพงกลีบดอกไม้,Floral Wall,花柄の壁,꽃무늬 벽,花飾牆壁,Dinding Motif Bunga
2100020,0,กำแพงสไตล์จีน,Chinese-Style Wall,中華風の壁,중화풍 벽,中式牆壁,Dinding Gaya Cina
2100021,0,กำแพงแบบญี่ปุ่น 2,Japanese Wall B,和風な壁2,동양풍 벽2,和風牆2,Dinding Jepang 2
2100022,0,กำแพงเหล็ก,Iron Wall,アイアンウォール,아이언 월,鋼鐵牆壁,Dinding Besi
2100023,0,ผนังกันเสียง,Soundproof Wall,防音の壁,방음벽,隔音牆,Dinding Kedap Suara
2100024,0,กำแพงปราสาทซากุระ,Sakura Castle Wall,桜雲城の壁,앵운성 벽,櫻雲城的牆壁,Dinding Benteng Sakura
2100025,0,กำแพงอัลทิเมีย,Ultimea Wall,アルティメアの壁,아르티메어 벽,阿爾堤玫亞式牆壁,Dinding Ultimea
2100026,0,กำแพงสไตล์ยุโรป,Mansion Wall,洋館の壁,서양식 저택 벽,別墅牆壁,Dinding Wisma
2100027,0,กำแพงหวานแหวว,Lovely Wall,ラブリィウォール,러블리 월,可愛風牆壁,Dinding Syantik
2100028,0,กำแพงปูน,Chic Wall,シックなウォール,시크한 벽,雅致牆壁,Dinding Chic
2100029,0,กำแพงแบบตุรกี,Turkish-Style Wall,トルコ風ウォール,터키식 월,土耳其式牆壁,Dinding Gaya Turki
2100030,0,กำแพงขาวแดง,Red & White Wall,紅白の壁,홍백 벽,紅白色牆壁,Dinding Merah Putih
2100031,0,กำแพงที่ซ่อนตัวของแฟนทอม,Wisp's Hideout Wall,怪盗拠点の壁,괴도 거점의 벽,怪盜據點的牆壁,Dinding Markas Wisp
2100032,0,กำแพงช็อกโกแลต,Chocolate Wall,チョコウォール,쵸코 월,巧克力牆,Dinding Cokelat
2100033,0,กำแพงคาราเมลแคนดี้,Japanese Caramel Candy Wall,べっこう飴の壁,물엿 사탕 벽,琉璃糖牆壁,Dinding Permen Karamel
2100034,0,กำแพงเวดดิ้ง,Wedding Wall,ウェディングの壁,웨딩 월,婚禮牆壁,Dinding Pernikahan
2100035,0,กำแพงไม้ไผ่,Bamboo Wall,竹壁,대나무 벽,竹牆,Dinding Bambu
2100036,0,กำแพงคฤหาสน์อันโดดเดี่ยว,Solitary Manor Wall,廃洋館の壁,폐양관 벽,廢棄洋樓的牆,Dinding Wisma Terbengkalai
2100037,0,กำแพงฐานลับ,Secret Base Wall,秘密基地の壁,비밀기지 벽,秘密基地的牆壁,Dinding Markas Rahasia
2100038,0,อิฐบล็อก,Brick Brock,レンガブロック,벽돌 블록,砌磚牆,Blok Bata
2100039,0,กำแพงพิลโล่,Pillow Wall,ピロー内側,Pillow 안쪽,枕頭內側,Dinding Pillow
2100040,0,กำแพงสุดคูล,Cool Wall,さわやかな壁,시원한 벽,清爽牆壁,Dinding Keren
2100041,0,กำแพงทองคำ,Golden Wall,黄金の壁,황금벽,黃金牆壁,Dinding Emas
2100042,0,กำแพงสุดหรู,Gorgeous Wall,豪華な壁,호화찬란한 벽,豪華牆壁,Dinding Megah
2100043,0,กำแพงสีซากุระ,Sakura Color Wall,桜色の壁,벚꽃색 벽,櫻色牆壁,Dinding Warna Sakura
2100044,0,กำแพงลูกกวาด,Candy Wall,キャンデーウォール,캔디 벽,糖果牆,Dinding Permen
2100045,0,กำแพงไม้ซีก,Timber Lattice,千本格子,격자무늬 벽,千本格子,Kisi-Kisi Kayu
2100046,0,กำแพงสีฤดูใบไม้ร่วง,Autumn-Themed Wall,秋色の壁,가을색 벽,秋景牆壁,Dinding Tema Musim Gugur
2100047,0,กำแพงไซไฟ,Sci-Fi Wall,サイファイウォール,사이파이 월,科幻牆壁,Dinding Sci-Fi
2100048,0,กำแพงซากอาคารที่ไม่รู้จัก,Unknown Ruin Wall,知らない廃墟の壁,알 수 없는 폐허의 벽,未知廢墟的牆壁,Dinding Gedung Terbengkalai
2100049,0,กำแพงคริสต์มาส 2,Xmas Wall B,クリスマスの壁Ⅱ,크리스마스 벽Ⅱ,聖誕風的牆壁Ⅱ,Dinding Natal B
2100050,0,กำแพงทอง,Gold Wall,ゴールドウォール,골드 월,純金牆壁,Dinding Mas
2100051,0,กำแพงลายดาว,Starry Sky Wall,星柄の壁,별 모양 벽,星星圖案牆壁,Dinding Tema Bintang
2100052,0,ผนังลายทางแนวตั้งฟ้าขาว,Vertical Striped Wall (Blue),縦縞の内壁（青）,세로 줄무늬 내벽(파랑),藍色直條紋內牆,Dinding Garis Vertikal Biru
2200001,0,กำแพงไม้ 1,Wooden Wall A,木の壁1,나무 벽1,木牆1,Dinding Kayu 1
2200002,0,กำแพงอิฐ 1,Brick Wall A,レンガの壁1,벽돌 벽1,紅磚牆1,Dinding Bata 1
2200003,0,กำแพงหิน,Stone Wall,石材の壁,석재 벽,石牆,Dinding Batu
2200004,0,กำแพงอิฐ 2,Brick Wall B,レンガの壁2,벽돌 벽2,紅磚牆2,Dinding Bata 2
2200005,0,กำแพงแบบญี่ปุ่น,Japanese Wall,和風の壁,동양풍 벽,和風牆壁,Dinding Jepang
2200006,0,กำแพงแอนทีค,Antique Wall,古風な壁,고풍스러운 벽,復古造型牆壁,Dinding Antik
2200007,0,กำแพงคอนกรีต,Concrete,コンクリート,콘크리트,水泥牆,Beton
2200008,0,กำแพงโมเดิร์น,Elegant Wall,おしゃれな壁,세련된 벽,時尚造型牆壁,Dinding Modis
2200009,0,กำแพงกระเบื้อง,Tiled Wall,タイルの壁,타일 벽,磁磚牆,Dinding Ubin
2200010,0,กำแพงโซเฟีย,Sofya Wall,ソフィアウォール,소피아 벽,索非亞式牆壁,Dinding Sofya
2200011,0,กำแพงน้ำแข็ง,Ice Wall,アイスウォール,아이스 벽,冰雕牆,Dinding Es
2200012,0,กำแพงไม้ 2,Wooden Wall B,木の壁2,나무 벽2,木牆2,Dinding Kayu 2
2200013,0,กำแพงเอล สคาโร,El Scaro Wall,エル・スカーロの壁,엘 스카로의 벽,艾爾‧斯卡羅式牆壁,Dinding El Scaro
2200014,0,กำแพงขนมหวาน,Sweet Wall,お菓子の壁,과자 벽,點心牆,Dinding Manisan
2200015,0,กำแพงปราสาทเก่า,Old Castle Wall,古城の壁,고성의 벽,古城牆,Dinding Kastil Tua
2200016,0,กำแพงหิมะ,Snow Country Wall,雪国の壁,설국의 벽,雪國的外牆,Dinding Negeri Salju
2200017,0,กำแพงเขตการปกครองฟิโก,Wall of Figo's Manor,フィゴ荘園の壁,피고 장원의 벽,費戈莊園的牆壁,Dinding Kediaman Figo
2200018,0,กำแพงสวน,Garden Wall,ガーデンウォール,가든 월,花園木牆,Dinding Taman
2200019,0,กำแพงสไตล์จีน,Chinese-Style Wall,中華風の壁,중화풍 벽,中式牆壁,Dinding Gaya Cina
2200020,0,กำแพงเหล็ก,Iron Wall,アイアンウォール,아이언 월,鋼鐵牆壁,Dinding Besi
2200021,0,กำแพงอิฐ 3,Brick Wall C,レンガの壁3,벽돌 벽3,紅磚牆3,Dinding Bata 3
2200022,0,กำแพงน้ำแข็งศักดิ์สิทธิ์,Sacred Ice Wall,聖氷の壁,성빙의 벽,聖冰之牆,Dinding Es Suci
2200023,0,กำแพงปราสาทซากุระ,Sakura Castle Wall,桜雲城の壁,앵운성 벽,櫻雲城的牆壁,Dinding Benteng Sakura
2200024,0,กำแพงอัลทิเมีย,Ultimea Wall,アルティメアの壁,아르티메어 벽,阿爾堤玫亞式牆壁,Dinding Ultimea
2200025,0,กำแพงหวานแหวว,Lovely Wall,ラブリィウォール,러블리 월,可愛風牆壁,Dinding Syantik
2200026,0,กำแพงแบบตุรกี,Turkish-Style Wall,トルコ風ウォール,터키식 월,土耳其式牆壁,Dinding Gaya Turki
2200027,0,กำแพงช็อกโกแลต,Chocolate Wall,チョコウォール,쵸코 월,巧克力牆,Dinding Cokelat
2200028,0,กำแพงคาราเมลแคนดี้,Japanese Caramel Candy Wall,べっこう飴の壁,물엿 사탕 벽,琉璃糖牆壁,Dinding Permen Karamel
2200029,0,กำแพงเวดดิ้ง,Wedding Wall,ウェディングの壁,웨딩 월,婚禮牆壁,Dinding Pernikahan
2200030,0,กำแพงไม้ไผ่,Bamboo Wall,竹壁,대나무 벽,竹牆,Dinding Bambu
2200031,0,กำแพงคฤหาสน์อันโดดเดี่ยว,Solitary Manor Wall,廃洋館の壁,폐양관 벽,廢棄洋樓的牆,Dinding Wisma Terbengkalai
2200032,0,กำแพงพิลโล่,Pillow Wall,ピロー外側,Pillow 바깥쪽,枕頭外側,Dinding Pillow
2200033,0,กำแพงสุดหรู,Gorgeous Wall,豪華な壁,호화찬란한 벽,豪華牆壁,Dinding Megah
2200034,0,กำแพงไซไฟ,Sci-Fi Wall,サイファイウォール,사이파이 월,科幻牆壁,Dinding Sci-Fi
2200035,0,กำแพงทอง,Gold Wall,ゴールドウォール,골드 월,純金牆壁,Dinding Mas
2200036,0,ผนังไม้สีฟ้า,Wood Plank Wall (Blue),板張りの壁（青）,판자 벽(파랑),藍色木板牆,Dinding Papan Kayu Biru
2300001,0,พื้นไม้ 1,Wooden Floor A,木の床1,나무 바닥1,木頭地板1,Lantai Kayu 1
2300002,0,พื้นอิฐ,Brick Floor,レンガの床,벽돌 바닥,紅磚地板,Lantai Bata
2300003,0,พื้นหิน 1,Stone Floor A,石材の床1,석재 바닥1,石砌地板1,Lantai Batu 1
2300004,0,คอนกรีต,Concrete,コンクリート,콘크리트,水泥地板,Beton
2300005,0,พื้นหิน 2,Stone Floor B,石材の床2,석재 바닥2,石砌地板2,Lantai Batu 2
2300006,0,พื้นหิน 3,Stone Floor C,石材の床3,석재 바닥3,石砌地板3,Lantai Batu 3
2300007,0,พื้นโมเดิร์น,Elegant Floor,おしゃれな床,세련된 바닥,時尚造型地板,Lantai Modis
2300008,0,พื้นดินเผา,Terra Cotta,テラコッタ,테라 코타,陶磚地板,Terakota
2300009,0,พื้นไม้ลามิเนต,Wood Flooring,フローリング,플로링,木紋地板,Lantai Kayu Lapis
2300010,0,พื้นเสื่อทาทามิ,Tatami Floor,畳風の床,다다미풍 바닥,塌塌米,Lantai Tatami
2300011,0,พรม,Carpet,カーペット,카펫,地毯,Karpet
2300012,0,กระเบื้องโซเฟีย,Sofya Tile,ソフィアタイル,소피아 타일,索菲亞式磁磚,Ubin Sofya
2300013,0,กระเบื้องน้ำแข็ง,Ice Tile,アイスタイル,아이스 타일,冰磁磚,Ubin Es
2300014,0,พื้นไม้ 2,Wooden Floor B,木の床2,나무 바닥2,木頭地板2,Lantai Kayu 2
2300015,0,พื้นเอล สคาโร,El Scaro Floor,エル・スカーロの床,엘 스카로의 바닥,艾爾‧斯卡羅式地板,Lantai El Scaro
2300016,0,พื้นขนมหวาน,Sweet Floor,お菓子の床,과자 바닥,點心地板,Lantai Manisan
2300017,0,พื้นปราสาทเก่า,Old Castle Floor,古城の床,고성의 바닥,古城地板,Lantai Kastil Tua
2300018,0,พื้นเขตการปกครองฟิโก,Floor of Figo's Manor,フィゴ荘園の床,피고 장원의 바닥,費戈莊園的地板,Lantai Kediaman Figo
2300019,0,พื้นกระเบื้อง,Floor Tiles,タイルの床,타일 바닥,磁磚地板,Lantai Ubin
2300020,0,พื้นเหล็ก,Iron Floor,アイアンフロア,아이언 플로어,鋼鐵地板,Lantai Besi
2300021,0,พื้นปราสาทซากุระ,Sakura Castle Floor,桜雲城の床,앵운성 바닥,櫻雲城的地板,Lantai Benteng Sakura
2300022,0,พื้นอัลทิเมีย,Ultimea Floor,アルティメアの床,아르티메어 바닥,阿爾堤玫亞式地板,Lantai Ultimea
2300023,0,พื้นสไตล์ยุโรป,Mansion Floor,洋館の床,서양식 저택 바닥,別墅地板,Lantai Wisma
2300024,0,พื้นหวานแหวว,Lovely Floor,ラブリィフロア,러블리 플로어,可愛風地板,Lantai Syantik
2300025,0,หญ้าเทียม,Artificial Turf,人工芝,인공 잔디,人工草皮,Rumput Sintetis
2300026,0,เตียงที่ซ่อนตัวของแฟนทอม,Wisp's Hideout Floor,怪盗拠点の床,괴도 거점의 바닥,怪盜據點的地板,Lantai Markas Wisp
2300027,0,พื้นเวดดิ้ง,Wedding Floor,ウェディングの床,웨딩 플로어,婚禮地板,Lantai Pernikahan
2300028,0,พื้นฐานลับ,Secret Base Floor,秘密基地の床,비밀기지 바닥,秘密基地的地板,Lantai Markas Rahasia
2300029,0,พื้นไม้ลายก้างปลา,Herringbone Floor,ヘリンボーンの床,헤링본 바닥,人字貼木紋地板,Lantai Herringbone
2300030,0,พื้นสุดคูล,Cool Floor,さわやかな床,시원한 바닥,清爽地板,Lantai Keren
2300031,0,พื้นพิลโล่,Pillow Floor,ピロー下側,Pillow 아래쪽,枕頭下側,Lantai Pillow
2300032,0,พื้นสุดหรู,Gorgeous Floor,豪華な床,호화찬란한 바닥,豪華地板,Lantai Megah
2300033,0,พื้นลายซากุระ,Sakura Pattern Floor,桜模様の床,벚꽃 무늬 바닥,櫻花紋樣地板,Lantai Pola Sakura
2300034,0,พื้นแลคเกอร์,Lacquered Floor,漆の床,옻칠 마루,漆藝地板,Lantai Pernis
2300035,0,พื้นไซไฟ,Sci-Fi Floor,サイファイフロア,사이파이 플로어,科幻地板,Lantai Sci-Fi
2300036,0,พื้นซากอาคารที่ไม่รู้จัก,Unknown Ruin Floor,知らない廃墟の床,알 수 없는 폐허의 바닥,未知廢墟的地板,Lantai Gedung Terbengkalai
2300037,0,พรม (แดง),Carpet (Red),カーペット(赤),카펫(빨강),地毯(紅),Karpet (Merah)
2300038,0,พื้นคุกกี้,Cookie Floor,クッキー床,쿠키 바닥,餅乾地板,Lantai Kukis
2300039,0,พื้นทอง,Gold Floor,ゴールドフロア,골드 플로어,純金地板,Lantai Mas
2400001,0,หน้าต่างไม้ 1,Wooden Window A,木の窓1,나무 창문1,木窗1,Jendela Kayu 1
2400002,0,หน้าต่างเหล็ก,Iron Window,鉄の窓,철 창문,鐵窗,Jendela Besi
2400003,0,หน้าต่างโมเดิร์น 1,Elegant Window A,おしゃれな窓1,세련된 창문1,時尚造型窗1,Jendela Modis 1
2400004,0,หน้าต่างโมเดิร์น 2,Elegant Window B,おしゃれな窓2,세련된 창문2,時尚造型窗2,Jendela Modis 2
2400005,0,หน้าต่างโครงเหล็ก,Iron Bar Window,鉄格子,쇠창살,鐵欄杆窗,Jendela Jeruji Besi
2400006,0,หน้าต่างโมเดิร์น 3,Elegant Window C,おしゃれな窓3,세련된 창문3,時尚造型窗3,Jendela Modis 3
2400007,0,หน้าต่างโมเดิร์น 4,Elegant Window D,おしゃれな窓4,세련된 창문4,時尚造型窗4,Jendela Modis 4
2400008,0,หน้าต่างแบบยื่นออกมา,Bay Window,出窓,내닫이창,凸窗,Jendela Menjorok
2400009,0,หน้าต่างทรงสูง,Vertical Window,縦長の窓,세로로 긴 창문,長窗,Jendela Vertikal
2400010,0,กระจกสี,Stained Glass,ステンドグラス風,스테인드 글래스 풍,彩繪玻璃窗,Kaca Patri
2400011,0,หน้าต่างโซเฟีย,Sofya Window,ソフィアウィンドウ,소피아 윈도우,索非亞式窗戶,Jendela Sofya
2400012,0,หน้าต่างไม้ 2,Wooden Window B,木の窓2,나무 창문2,木窗2,Jendela Kayu 2
2400013,0,หน้าต่างเอล สคาโร,El Scaro Window,エル・スカーロの窓,엘 스카로의 창문,艾爾‧斯卡羅式窗戶,Jendela El Scaro
2400014,0,หน้าต่างขนมหวาน,Sweet Window,お菓子の窓,과자 창문,點心窗,Jendela Manisan
2400015,0,หน้าต่างปราสาทเก่า,Old Castle Window,古城の窓,고성의 창문,古城窗,Jendela Kastil Tua
2400016,0,หน้าต่างเขตการปกครองฟิโก้,Window of Figo's Manor,フィゴ荘園の窓,피고 장원의 창,費戈莊園的窗戶,Jendela Kediaman Figo
2400017,0,หน้าต่างสไตล์จีน (เหลี่ยม),Chinese-Style Window (SQ),中華風の窓(角),중화풍 창문(사각),中式窗戶(四角),Jendela Gaya Cina (Kotak)
2400018,0,หน้าต่างสไตล์จีน (กลม),Chinese-Style Window (RO),中華風の窓(丸),중화풍 창문(원),中式窗戶(圓形),Jendela Gaya Cina (Bulat)
2400019,0,หน้าต่างโมเดิร์น 5,Elegant Window E,おしゃれな窓5,세련된 창문5,時尚造型窗5,Jendela Modis 5
2400020,0,หน้าต่างปราสาทซากุระ,Sakura Castle Window,桜雲城の窓,앵운성 창,櫻雲城的窗戶,Jendela Benteng Sakura
2400021,0,หน้าต่างอัลทิเมีย,Ultimea Window,アルティメアの窓,아르티메어 창문,阿爾堤玫亞式窗戶,Jendela Ultimea
2400022,0,หน้าต่างไม้ 3,Wooden Window C,木の窓3,나무 창문3,木窗3,Jendela Kayu 3
2400023,0,หน้าต่างไม้ 4,Wooden Window D,木の窓4,나무 창문4,木窗4,Jendela Kayu 4
2400024,0,หน้าต่างลูกกวาดที่ละลายแล้ว,Melted Candy Window,溶けた飴の窓,녹은 사탕 창문,融化的糖果窗,Jendela Permen Meleleh
2400025,0,หน้าต่างแบบญี่ปุ่น,Shoji Window,障子窓,장지문,障子窗,Jendela Shoji
2400026,0,หน้าต่างเวดดิ้ง,Wedding Window,ウェディングの窓,웨딩 윈도우,婚禮窗,Jendela Pernikahan
2400027,0,หน้าต่างคฤหาสน์อันโดดเดี่ยว,Solitary Manor Window,廃洋館の窓,폐양관 창문,廢棄洋樓的窗,Jendela Wisma Terbengkalai
2400028,0,หน้าต่างฐานลับ,Secret Base Window,秘密基地の窓,비밀기지 창문,秘密基地的窗戶,Jendela Markas Rahasia
2400029,0,สเตนกลาสน้ำแข็งศักดิ์สิทธิ์	,Sacred Ice Stained Glass,聖氷ステンドグラス,성빙 스테인드 글래스,聖冰彩繪玻璃,Kaca Patri Es Suci
2400030,0,หน้าต่างรังผึ้ง,Honeycomb Window,ハニカムな窓,벌집 창문,蜂巢窗,Jendela Sarang Madu
2400031,0,หน้าต่างลูกกวาดละลาย,Melting Candy Window,とても溶けた飴の窓,많이 녹은 사탕 창문,徹底融化的糖果窗,Jendela Permen Berlelehan
2400032,0,หน้าต่างคริสต์มาส,Xmas Window,クリスマスの窓,크리스마스 창문,聖誕窗,Jendela Natal
2400033,0,หน้าต่างศาลเจ้า,Shrine Window Bars,神社格子窓,신사 격자창,神社格窗,Jeruji Jendela Kuil
2400034,0,ไซไฟโนเมส,Sci-Fi Window,サイファイノマド,사이파이 창문,科幻窗戶,Jendela Sci-Fi
2400035,0,หน้าต่างไม้ไผ่ (กลม),Round Lattice Window,格子窓(丸),격자창(원형),格窗(圓),Jendela Kisi Bulat
2400036,0,หน้าต่างโปทัม,Potum Window,ポトゥムの窓,포툼 창문,波多姆彩窗,Jendela Potum
2400037,0,หน้าต่างหอดนตรี,Music Hall Window,音楽堂の窓,콘서트홀 창문,音樂堂的窗戶,Jendela Gedung Musik
2400038,0,หน้าต่างม่านไม้ไผ่,Bamboo Blind Window,すだれの窓,대나무 발 창문,竹簾窗,Jendela Tirai Bambu
2500001,0,ประตูไม้ 1,Wooden Door A,木のドア1,나무 문1,木門1,Pintu Kayu 1
2500002,0,ประตูแอนทีค,Antique Door,古風なドア,고풍스러운 문,復古造型門,Pintu Antik
2500003,0,ประตูแบบญี่ปุ่น 1,Japanese Door A,和風なドア1,동양식 문1,和風門1,Pintu Jepang 1
2500004,0,ประตูโลหะ,Metal Door,金属のドア,금속 문,金屬門,Pintu Logam
2500005,0,ประตูน้ำแข็ง,Ice Door,アイスドア,아이스 도어,冰雕門,Pintu Es
2500006,0,ประตูไม้ 2,Wooden Door B,木のドア2,나무 문2,木門2,Pintu Kayu 2
2500007,0,ประตูโมเดิร์น,Elegant Door,おしゃれなドア,세련된 문,時尚造型門,Pintu Modis
2500008,0,ประตูเอล สคาโร,El Scaro Door,エル・スカーロの扉,엘 스카로의 문,艾爾‧斯卡羅式門,Pintu El Scaro
2500009,0,ประตูขนมหวาน,Sweet Door,お菓子のドア,과자 문,點心門,Pintu Manisan
2500010,0,ประตูปราสาทเก่า,Old Castle Door,古城の扉,고성의 문,古城門,Pintu Kastil Tua
2500011,0,ประตูเขตการปกครองฟิโก,Door of Figo's Manor,フィゴ荘園の扉,피고 장원의 문,費戈莊園的門,Pintu Kediaman Figo
2500012,0,ประตูสไตล์จีน,Chinese-Style Door,中華風の扉,중화풍 문,中式造型門,Pintu Gaya Cina
2500013,0,ประตูแบบญี่ปุ่น 2,Japanese Door B,和風なドア2,동양식 문2,和風門2,Pintu Jepang 2
2500014,0,ประตูอัลทิเมีย,Ultimea Door,アルティメアの扉,아르티메어 문,阿爾堤玫亞式門,Pintu Ultimea
2500015,0,ประตูเวดดิ้ง,Wedding Door,ウェディングの扉,웨딩 도어,婚禮大門,Pintu Pernikahan
2500016,0,ประตูชัตเตอร์,Roller Shutter Door,シャッターなドア,셔터문,捲門,Pintu Roller Shutter
2500017,0,ประตูพิลโล่,Pillow Door,ピロー扉側,Pillow 문,枕頭北側門,Pintu Pillow
2500018,0,ประตูคริสต์มาส,Xmas Door,クリスマスドア,크리스마스 문,聖誕門,Pintu Natal
2500019,0,ประตูไม้ซีก,Lattice Door,格子戸,격자문,格子門,Pintu Kisi-Kisi
2500020,0,ไซไฟชัตเตอร์,Sci-Fi Shutter,サイファイシャッター,사이파이 셔터,科幻閘門,Pintu Shutter Sci-Fi
2500021,0,ประตูซากอาคารที่ไม่รู้จัก,Unknown Ruin Door,知らない廃墟のドア,알 수 없는 폐허의 문,未知廢墟的門,Pintu Gedung Terbengkalai
2500022,0,ประตูแบบญี่ปุ่น 3,Japanese Door C,和風なドア3,동양식 문3,和風門3,Pintu Jepang 3
2600001,0,หลังคาอิฐ,Brick Roof,レンガ屋根,벽돌 지붕,紅磚屋頂,Atap Bata
2600002,0,หลังคาดีบุก,Tin Roof,トタン屋根,함석 지붕,鐵皮屋頂,Atap Seng
2600003,0,หลังคากระเบื้อง,Tiled Roof,瓦屋根,기와 지붕,磚瓦屋頂,Atap Ubin
2600004,0,หลังคาแบบญี่ปุ่น,Japanese Roof,和風屋根,동양풍 지붕,和風屋頂,Atap Jepang
2600005,0,หลังคามุงจาก,Straw-thatched Roof,藁葺屋根,초가 지붕,茅草屋頂,Atap Jerami
2600006,0,หลังคาโมเดิร์น,Elegant Roof,おしゃれな屋根,세련된 지붕,時尚造型屋頂,Atap Modis
2600007,0,หลังคาโลหะ,Metal Roof,金属の屋根,금속 지붕,金屬屋頂,Atap Logam
2600008,0,หลังคาโซเฟีย,Sofya Roof,ソフィアルーフ,소피아 지붕,索非亞式屋頂,Atap Sofya
2600009,0,หลังคาน้ำแข็ง,Ice Roof,アイスルーフ,아이스 지붕,冰雕屋頂,Atap Es
2600010,0,หลังคาไม้,Wooden Roof,木の屋根,나무 지붕,木製屋頂,Atap Kayu
2600011,0,หลังคาเอล สคาโร,El Scaro Roof,エル・スカーロ屋根,엘 스카로의 지붕,艾爾‧斯卡羅式屋頂,Atap El Scaro
2600012,0,หลังคาขนมหวาน,Sweet Roof,お菓子の屋根,과자 지붕,點心屋頂,Atap Manisan
2600013,0,หลังคาปราสาทเก่า,Old Castle Roof,古城の屋根,고성의 지붕,古城屋頂,Atap Kastil Tua
2600014,0,หลังคาหิมะ,Snow Country Roof,雪国の屋根,설국의 지붕,雪國的屋頂,Atap Negeri Salju
2600015,0,หลังคาเขตการปกครองฟิโก,Roof of Figo's Manor,フィゴ荘園の屋根,피고 장원의 지붕,費戈莊園的屋頂,Atap Kediaman Figo
2600016,0,หลังคาน้ำแข็งศักดิ์สิทธิ์,Sacred Ice Roof,聖氷の屋根,성빙의 지붕,聖冰屋頂,Atap Es Suci
2600017,0,หลังคาอัลทิเมีย,Ultimea Roof,アルティメアの屋根,아르티메어 지붕,阿爾堤玫亞式屋頂,Atap Ultimea
2600018,0,หลังคาเรียบ,Flat Roof,平屋根,평평한 지붕,平台屋頂,Atap Datar
2600019,0,หลังคาคริสต์มาส,Xmas Roof,クリスマスルーフ,크리스마스 루프,聖誕屋頂,Atap Natal
2600020,0,หลังคาปราสาทซากุระ,Sakura Castle Roof,桜雲城の屋根,앵운성의 지붕,櫻雲城的屋頂,Atap Benteng Sakura
2600021,0,หลังคาทอง,Gold Roof,ゴールドルーフ,골드 루프,純金屋頂,Atap Mas
3100001,1,แปลงหัวไชเท้า,Daikon Field,ダイコンの畑,무 밭,白蘿蔔田,Ladang Daikon
3100002,1,แปลงมะเขือเทศ,Tomato Field,トマトの畑,토마토 밭,番茄田,Ladang Tomat
3100003,1,แปลงกะหล่ำปลี,Cabbage Field,キャベツの畑,양배추 밭,高麗菜田,Ladang Kubis
3100004,1,แปลงข้าวสาลี,Wheat Field,コムギの畑,밀 밭,小麥田,Ladang Gandum
3200001,1,ต้นแอปเปิ้ล,Apple Tree,リンゴの木,사과 나무,蘋果樹,Pohon Apel
3200002,1,ต้นส้ม,Orange Tree,オレンジの木,오렌지 나무,橘子樹,Pohon Jeruk
3200003,1,ต้นมะนาว,Lemon Tree,レモンの木,레몬 나무,檸檬樹,Pohon Lemon
3200004,1,ต้นมะพร้าว,Pear Tree,ナシの木,배 나무,梨子樹,Pohon Pir
3300001,0,แดนดิไลออน,Dandelions,タンポポ,민들레,蒲公英,Dandelion
3300002,0,ทานตะวัน,Sunflowers,ヒマワリ,해바라기,向日葵,Bunga Matahari
3300003,0,กุหลาบ,Roses,バラ,장미,玫瑰,Mawar
4100001,0,บอสโคลอน!,Boss Colon!,コロンのオヤブン！,콜론 보스!,科隆的老大！,Bos Colon!
4100002,0,ทุ่งราบราเคาว์,Rakau Plains,ラカウ平野,라카우 평야,萊卡平原,Dataran Rakau
4100003,0,เขตก่อสร้าง,Land Under Development,造成中地区,조성중 지구,規劃中地區,Tanah Pembangunan
4100004,0,ที่ว่าการเมืองโซเฟีย,Government Office,ソフィア政庁,소피아 정부청사,索菲亞政廳,Balai Kota
4100005,0,จอมเวทจันทรา,The Moon Wizard,月の魔導士,달의 마도사,月之魔導士,Penyihir Rembulan
4100006,0,หนองน้ำเนเฮโล,Nehelo Swamp,ネヘロ沼,네헤로 늪,泥黑爾沼澤,Rawa Nehelo
4100007,0,ปราสาทจันทรา,New Moon Palace,新月の鬼殿,신월의 귀전,新月鬼殿,Kastil Setan Bulan
4100008,0,หุบเขาโลโนโก้,Lonogo Canyon,ロノーゴ段崖,로노고 절벽,羅諾戈斷崖,Ngarai Lonogo
4100009,0,ชื่อเจ้านั่นคือ,The Fella's Name,奴の名は,녀석의 이름은,他的名字是...,Nama Orang Itu
4100010,0,หน้าผาซูดอร์,Suedor Cliff,スードル崖廊,스도르 절벽,思朵斷崖,Tebing Suedor
4100011,0,วัดที่ล่มสลาย,Ruined Temple,滅びの寺院,멸망의 사원,廢棄的寺院,Kuil Runtuh
4100012,0,เขตการปกครองฟิโก,Figo's Manor,フィゴの荘園,피고의 장원,費戈莊園,Kediaman Figo
4100013,0,คำตอบก็คือ,The Pillar's Answer,柱に問うた答えは,주에게 구한 답은,石柱的解答,Jawaban Pilar
4100014,0,หอรบเอทอส,Ethos Fortress,エトシュ砦,에토스 성채,艾特修砦,Benteng Ethos
4100015,0,ทางไปต่างพิภพ,Road to Another World,異界の前庭,이계의 정원,異界之前,Taman Dunia Lain
4100016,0,ซากเมืองอาเธมา,Athema Ruined Town,エイテマ遺構街,에이테마 유구거리,艾特馬廢墟,Reruntuhan Athema
4100017,0,เมืองโซเฟีย,Sofya City,ソフィアの街,소피아 거리,索菲亞街道,Kota Sofya
4100018,0,กิลด์บาร์,Guild Bar,ギルド酒場,길드 주점,公會酒場,Kedai Serikat
4100019,0,แคมป์นักผจญภัย,Adventurer's Camp,冒険者キャンプ,모험가 캠프,冒險者營地,Kamp Petualang
4100020,0,มอนสเตอร์ที่ถูกผนึกอยู่ในวัด,Sealed in the Temple,寺院に封印されし怪物,사원에 봉인된 괴물,封印在寺院的怪物,Monster Tersegel di Kuil
4100021,0,เมืองแห่งวัดที่ล่มสลาย,Ruined Temple Town,滅びの寺院街,멸망의 사원 거리,廢棄的寺院街,Kota Kuil Runtuh
4100022,0,แคมป์คนจรทุ่งเกลือเรอาจ์,Wanderers Camp,レウグ塩原・流民キャンプ,레우구 염원 / 유민캠프,雷谷鹽原‧遊民營,Kamp Pengelana
4100023,0,ทะเลสาบอิคูล,Icule Lake,イクル湖沼区,이쿠르 호수,伊庫耳湖沼區,Danau Icule
4100024,0,หมาล่าเนื้อภูเขาโลกันต์,Fiery Volcano Hound,焦熱の火山猟犬,초열의 화산 사냥개,灼熱的火山獵犬,Flare Volg Membara
4100025,0,ทุ่งราบที่ถูกเผาวิเทก้า,Witeka Scorched Plains,ウィテカ燎原,위테카 요원,維堤卡燎原,Lahan Bakar Witeka 
4100026,0,ยอดเขาโลกันต์,Fiery Volcano,焦熱の峰辺,초열의 산봉우리,焦熱山峰,Lereng Merapi
4100027,0,หมู่บ้านโดเซ่,Douce Hamlet,ドゥーセ市庭,도우세 시 뜰,杜希市集,Dusun Douce
4100028,0,พวกแมลงที่กัดกินซากุระ,Sakura Parasites,桜を蝕む眷属達,벚꽃을 잠식하는 권속들,蝕櫻眷屬,Kaum Benalu Sakura
4100029,0,ที่จัดงามชมดอกไม้,Hanami Event Venue,花見イベント会場,꽃구경 이벤트 회장,賞花活動會場,Lokasi Event Hanami
4100030,0,ในป่าซากุระราตรี,In the Yozakura Forest ,夜桜の森で,밤 벚꽃 숲으로,夜櫻森林,Di Hutan Yozakura
4100031,0,ซากุระบานบริเวณริมน้ำ,Waterside in Bloom,桜咲く水辺,벚꽃 피는 물가,賞櫻水邊,Tepi Perairan yang Mekar
4100032,0,ภาพลวงตาที่ไร้ค่า,Illusion of Junk,ガラクタの幻想,잡동사니의 환상,廢棄幻想,Ilusi Belaka
4100033,0,เอล สคาโร,El Scaro,エル・スカーロ,엘 스카로,艾爾‧斯卡羅,El Scaro
4100034,0,เนินเขาเทียอัส,Teaus Hill,テアウス丘陸,테아우스 구릉,堤奧斯丘陵,Bukit Teaus
4100035,0,เขตกำจัดขยะเวทมนตร์,Magic Waste Site,魔法廃棄処理場,마법폐기물 처리장,魔法廢棄物處理廠,Situs Limbah Sihir
4100036,0,คนหลอกลวง,Man of Delusion,虚妄の人,허망한 사람,虛妄之人,Manusia Khayalan
4100037,0,หุบเขาดุงเคล,Dunkel Valley,デュンケル峡,듄켈 계곡,鄧肯峽谷,Jurang Dunkel
4100038,0,คาลมอลต์,Calle Mort,カレ・モルト,칼레 몰트,永劫之途,Calle Mort
4100039,0,หุบเขาน้ำแข็งพอลเด้,Polde Ice Valley,ポルデ氷谷,포르데 빙곡,朋迪冰谷,Lembah Es Polde
4100040,0,หัวหน้ากองทหารแห่งสายลม,Dark Captain of Wind,風の魔兵長,바람의 마병장,風之魔兵長,Kapten Sihir Angin
4100041,0,สวนแห่งการเริ่มต้น,Garden of Beginning,始まりの庭,시작의 정원,起始庭院,Halaman Awal Mula
4100042,0,น้ำพุแห่งการเกิดใหม่,Spring of Rebirth,転生の泉,전생의 샘,轉生泉,Mata Air Kelahiran
4100043,0,สวนสู่โลกเบื้องบน,Garden of Sublimation,昇華の園,승화의 정원,昇華觀園,Taman Sublimasi
4100044,0,ผู้ช่วงชิงความอาจหาญ,The Thief of Courage,勇を奪いし者,용기를 빼앗는 자,奪勇者,Perampas Keberanian
4100045,0,จุดกำเนิดแห่งนักรบ,Cradle of Soldiers,戦士の揺籃,전사의 요람,戰士搖籃,Buaian Prajurit
4100046,0,คฤหาสน์ดุงเคลิส,Dunkelis' Manor,デュンケリスの館,듄켈리스의 관,敦凱利希之館,Rumah Dunkelis
4100047,0,ปราสาทแห่งความมืด,Dark Castle,闇の城,어둠의 성,暗之城,Istana Gelap
4100048,0,วันที่ละทิ้งตราสัญลักษณ์,The Day I Tossed the Badge,派章を捨てた日,배지를 버린 날,捨棄派章之日,Hari Lencana Kubuang
4100049,0,เอินเคลน,Einklang,アインクラン,아인클랑,艾因可蘭,Einklang
4100050,0,สถานที่พบซีมแคร็กเกอร์,Site of Simcracker,シームクラッカー跡,심 크래커 유적,西姆科拉卡遺跡,Situs Simcracker
4100051,0,ปล่องภูเขาไฟซาฮาม,Saham Crater,サハム陥没地帯,사함 함몰 지대,薩哈姆陷落地帶,Kawah Saham
4100052,0,อสูรจักรกล,Synthesizer Beast,合成機獣,합성 기수,合成機獸,Si Monster Pakar Padu
4100053,0,คาสเปสรัม,Klaspe Slum,クラスペ・スラム,크라스페 슬럼,庫瀾司沛貧民窟,Klaspe Kumuh
4100054,0,ที่กำจัดขยะเปริโกร,Peligro Landfill,ペリグロ廃棄原,페리그로 폐벌판,沛立古羅廢置地,Pembuangan Peligro
4100055,0,โรงงานมนุษย์จักรกลขนาดเล็ก,Small Demi Machina Factory,小型デミマキナ製造工場,소형 데미마키나 제조공장,小型戴米馬其納製造廠,Pabrik Demi Machina Kecil
4100056,0,มิโกะมังกร,Dragon Witch,竜の魔女,용의 마녀,龍之魔女,Penyihir Naga
4100057,0,ลานทรีนอค,Tir Na Nog Square,ティノーグ広場,티나노그 광장,異境廣場,Alun-Alun Tir Na Nog
4100058,0, ปราสาทฮาโลวีน,Halloween Castle,ハロウィン城,할로윈 성,萬聖城,Istana Halloween
4100059,0,คฤหาสน์ฮาโลวีน,Halloween Mansion,ハロウィン洋館,할로원 저택,萬聖節別墅,Wisma Halloween
4100060,0,สวีทแอนิมอล,Sweets Animal,スイーツアニマル,스위트 애니멀,甜點動物,Manisan Satwa
4100061,0,แคนดี้มอนสเตอร์,The Candy Monster,The Candy Monster,캔디 몬스터,The Candy Monster,Si Monster Permen
4100062,0,เพลงวอลทซ์แห่งรักและคำสาบาน,Waltz of Love and Vows,愛と誓いのワルツ,사랑과 맹세의 왈츠,愛與誓言的華爾茲,Waltz Cinta dan Ikrar
4100063,0,คุกกี้แฮนด์เมด,My Handmade Cookie,私の手作りクッキー,내가 직접 만든 쿠키,我的手工餅乾,Biskuit Buatan Tanganku
4100064,0,True black knight,True black knight,True black knight,True black knight,True black knight,True black knight
4100065,0,กลอุบายของจักรวรรดิ,Empire's Strategy,帝国の策略,제국의 책략,帝國的策略,Siasat Imperium
4100066,0,อัศวินดำผู้เยือกเย็น,Dazzling Cold Black Knight,冷艶の黒騎士,냉염의 흑기사,冷艷的黑騎士,Ksat. Hitam Dingin Menawan
4100067,0,บทเพลงเพื่อพิทักษ์เธอ,The Song I Protect with U,君と守る歌,너와 함께 지킬 노래,與你一同守護的歌,Lagu yang Kujaga Bersamamu
4100068,0,รุ่งสาง,Daybreak,アカツキ,새벽녘,拂曉,Fajar
4100069,0,วิ่งอย่างอิสระ,Run Free,自由に走る,자유롭게 달린다,自由奔跑,Berlari Bebas
4100070,0,อัศวินดำกบฏ,Rebellious Black Knight,暴乱の黒騎士,폭란의 흑기사,暴動的黑騎士,Ksatria Hitam Pemberontak
4100071,0,โฮร่า ไดโอมิด้า,Hora Diomedea,ホラ・ディオミダ,호러 디오미다,信天翁之巢,Hora Diomedea
4100072,0,ทางระบายน้ำจักรวรรดิ,Imperial Sewer,帝国地下水路,제국 지하 수로,帝國下水道,Got Bawah Tanah Imperial
4100073,0,คุกเกอร์โว่,Cuervo Jail,クエルボ監獄,쿠에르보 감옥,黑鴉監獄,Penjara Cuervo
4100074,0,อัศวินดำผู้ทรงพลัง,Mighty Black Knight,威勢の黒騎士,위세의 흑기사,威嚴的黑騎士,Ksatria Hitam Berkuasa
4100075,0,จักรวรรดิอัลทิเมีย,Ultimea Empire,アルティメア帝国,아르티메아 제국,阿爾堤玫亞帝國,Kerajaan Ultimea
4100076,0,เหล่าผู้ไม่หวนคืน,Those Who Won't Return,戻らぬ者達,돌아오지 않는 자들,不歸者,Mereka yang Takkan Kembali
4100077,0,อ่างเก็บน้ำโคเปีย,Copia Reservoir,コピア貯水池,코피아 저수지,豐饒之角儲水池,Reservoir Copia
4100078,0,สิ่งกีดขวางทางแห่งชัยชนะ,Victory Obstructer,勝利を阻むモノ,승리를 방해하는 것,阻礙勝利之物,Penghambat Kemenangan
4100079,0,พวกเราคือแชมปี้,We're Shampy,ぼくたちシャンピィ,우리들 샴피,我們香菇咪,Kami Shampy
4100080,0,ทุ่งหญ้าโทลบาส,Tolbas Grassland,トルバス雑原,토르바스 잡원,托魯巴斯草原,Padang Rumput Tolbas
4100081,0,นอฟซาเทริกา,Nov Saterica,ノヴ・サテリカ,노브 사테리카,諾芙・薩特利卡,Nov Saterica
4100082,0,ภูเขามิสลูนา,Mt. Mithurna,ミスルナ山,미스루나산 ,米斯魯那山,G. Mithurna
4100083,0,บททดสอบแห่งความมืด,Dark Trials,闇の試練,어둠의 시련,暗之試煉,Cobaan Gelap
4100084,0,ทุ่งราบโลโคโค,Rokoko Plains,ロココ平野,로코코 평야,洛庫庫平原,Dataran Rokoko
4100085,0,สวนหิมะน้ำแข็ง,Garden of Ice & Snow,氷雪の園,빙설의 벌판,冰雪之園,Taman Es & Salju
4100086,0,วิหารแห่งความมืด,Dark Dragon Shrine,闇龍神殿,암룡의 신전,暗龍神殿,Kuil Naga Kegelapan
4100087,0,ห้องเต้นรำมอสเคเล,Swell Dance Room,瘤界ダンスルーム,류계 댄스룸,瘤界舞蹈室,Ruang Tari Lembung
4100088,0,ถนนวาลเซโร่,Wazeero Street,ワジーロ街道,와지로 도로,瓦吉羅街道,Jalan Wazeero
4100089,0,ป่าเอิน,Forest of Ein,アインの森,아인 숲,艾恩之森,Hutan Ein
4100090,0,เขตลาบรินธ์,Labilans Sector,ラビランス地区,라비란스 지구,拉比蘭斯地區,Distrik Labilans
4100091,0,สปายของโคเอนูเบีย,Coenubia's Spy,コエヌビアの斥候,코에누비아 척후,寇珥連生體偵察兵,Intaian Coenubia
4100092,0,เขตฟาบริสก้า,Fabriska Sector,ファブリスカ地区,파브리스카 지구,法布利斯卡地區,Distrik Fabriska
4100093,0,เขตดิกิต,Dikkit Sector,ディキット地区,디키트 지구,狄其特地區,Distrik Dikkit
4100094,0,เขตรีเซพเทเคิล,Recetacula Sector,レセタクラ地区,레세타크라 지구,雷塞塔拉地區,Distrik Recetacula
4100095,0,มันคือยูลแลด!,It's Yule Cat!,ユールラッズなのである！,율라즈입니다!,我是約爾拉茲！,Si Kucing Yule!
4100096,0,เมืองนาวีด้า,Navida City,ナビダの街,나비다 거리,納維達市街,Kota Navida
4100097,0,ป่าเรนเดียร์,Reindeer Forest,レインディアの森,레인디어의 숲,蕾迪亞之森,Hutan Rusa Kutub
4100098,0,บ้านพักของโทมเตอะ,Tomte Pavilion,トムテの分館,톰테 분관,聖誕精靈的分館,Paviliun Tomte
4100099,0,คริสตัลลึกลับ,Eerie Crystal,不気味な結晶,불길한 결정,詭譎的結晶,Kristal Jahat
4100100,0,นีโอพลาสทิด้า,Neo Plastida,ネオ・プラスティダ,네오 플라스티다,新・普原生素體,Neo Plastida
4100101,0,การเริ่มต้นครั้งใหม่,A New Beginning,新たな始まり,새로운 시작,新的開始,Permulaan Baru
4100102,0,ชีวิตชิลล์ๆ กับการตกปลา,Relaxed Fishing Life,ゆったり釣りライフ,느긋한 낚시 생활,悠閒的釣魚生活,Kehidupan Santai Memancing
4100103,0,ปีศาจแห่งหุบเขา,Devil of the Valley,谷底の悪魔,골짜기 밑의 악마,谷底的惡魔,Iblis di Dasar Lembah
4100104,0,ใต้หน้าผาลูนาเฮนเต้,Lunagent Cliff Base,ルナヘンテ崖下,루나헨테 절벽,月之恩澤山崖下,Dasar Tebing Lunagent
4100105,0,ชายฝั่งดูเซีย,Ducia Coast,ドゥシア海岸,두시아 해안,多西亞海岸,Pesisir Ducia
4100106,0,ซากเมืองโลโคโค,Rokoko City Ruins,ロココ遺跡街,로코코 유적지,洛庫庫廢墟城,Reruntuhan Kota Rokoko
4100107,0,อยากเป็นผู้บุกเบิกยุคใหม่,I Wanna Be a New Pioneer,新たな始祖になりたくて,새로운 시조가 되고 싶어서,想成為新的始祖,Aku Mau Jadi Pelopor Baru
4100108,0,ที่ราบสูงเซราร่า,Celarra Plateau,セラーラ台地,세라라 대지,塞拉拉台地,Plato Celarra
4100109,0,ที่ลุ่มน้ำเนจิม,Nezim Wetlands,ネジム湿原,네짐 습지,內吉木沼澤,Lahan Basah Nezim
4100110,0,ป่าแม่มด,Witch's Woods,魔女領の森,마녀령 숲,魔女領地森林,Rimba Penyihir
4100111,0,ทางน้ำดีบัคซี,Debakcy Channel,デバクシ水路,데바크시 수로,狄帕西水道,Debakcy Channel
4100112,0,ซากปรักหักพังใต้ดิน,Underground Ruins,淵底の遺跡,지하유적,淵底的遺跡,Reruntuhan Bawah Tanah
4100113,0,ช่องแคบเคาส์,Isthmus of Kaus,カウウス地峡,카우우스 지협,凱渥斯峽谷,Tanah Genting Kaus
4100114,0,ซากปรักหักพังรูจิโอ,Rugio Ruins,ルージオ跡地,루지오 유적지,盧迪翁遺跡,Reruntuhan Rugio
4100115,0,เมืองสคาโร,Scaro Town,スカーロ街郭,스카로 거리 외곽,斯卡羅街區,Kota Scaro
4100116,0,ที่ราบสูงโยร์,Yorl Highlands,ヨール高原,요르 고원,悠爾高原,Tanah Tinggi Yorl
4100117,0,ถ้ำลูทารอส,Lutaros Cavern,ルタロス穿孔,루타로스 천공,盧泰斯巨穴,Gua Lutaros
4100118,0,ปล่องภูเขาไฟซาฮาม,Saham Crater,サハム陥没地帯,사함 함몰 지대,薩哈姆陷落地帶,Kawah Saham
4100119,0,เนินเขาฮาร์เด,Harde Hill,ハーデ岐丘,하데 구릉,哈迪丘陵,Bukit Harde
4100120,0,ที่ดินทำกินในเขตการปกครอง,Land Under Cultivation,荘園開墾地,장원개간지 ,莊園開墾地,Tanah Pertanian
4100121,0,ดินแดนผุพังวีเชด,Vyshed the Tainted Land,ビシェド蝕原,비셰드 식원 ,維雪蝕刻地,Tanah Ternoda Vyshed
4100122,0,ประตูต่างพิภพ,Gate of Another World,異界の門,이계의 문,異界之門,Gerbang Dunia Lain
4100123,0,เนินกรวด,Gravel Terrace,砂礫の段丘,자갈의 단구,砂石梯層,Teras Kerikil
4100124,0,ภูเขาลูนาเฮนเต้,Lunagent Mountain,ルナヘンテ山,루나헨테 산,月之恩澤山,Gunung Lunagent
4100125,0,นรกไม่หวนกลับ,Abyss of No Return,不帰の奈落,불귀의 나락,彼岸黃泉,Neraka Abadi
4100126,0,ป้อมปราการโซลฟินี,Fort Solfini,ソルフィニ山岳要塞,솔피니 산악요새,索費尼山岳要塞,Benteng Solfini
4100127,0,ทุ่งหญ้ารกร้างอันมืดมิด,Dark Wasteland,闇の荒野,어둠의 황야,暗之荒野,Tanah Gelap
4100128,0,กระจกแห่งความมืด,Dark Mirror,闇の鏡,어둠의 거울,暗之鏡,Cermin Kegelapan
4100129,0,แม่น้ำอนธการ,Trace of Dark River,黒き川跡,검은 강 터,黑川跡地,Sungai Kegelapan
4100130,0,แนวปืนใหญ่ป้องกันอัตโนมัติ,Artillery Defense Line,自動砲台防衛線,자동포대 방위선,自動砲台防衛線,G. Pertahanan Artileri Oto
4100131,0,หุบเขาร้อนระอุ,Blazing Graben,焼灼の地溝,소작의 지구,灼燒地溝,Graben Membara
4100132,0,โรงงานคริสตายักษ์,Huge Crysta Factory,巨大クリスタ工場,거대 크리스타 공장,巨型水晶工廠,Pabrik Crysta Raksasa
4100133,0,โรงงานมนุษย์จักรกลขนาดใหญ่,Large Demi Machina Factory,大型デミマキナ製造工場,대형 데미마키나 제조공장,大型戴米馬其納製造廠,Pabrik Demi Machina Besar
4100134,0,ก้าวแห่งอนาคต,Future Step,ミライステップ,미래를 향한 발걸음,未來之步,Langkah Masa Depan
4100135,0,ลูมินัสสกาย,Luminous Sky,ルミナスカイ,루미너스 스카이,光耀天空,Langit Berkilau
4100136,0,BeBrave,BeBrave,BeBrave,BeBrave,BeBrave,BeBrave
