cuisine_id,food_point,property_id,lv1,lv2,lv3,lv4,lv5,lv6,lv7,lv8,lv9,lv10
1,100,1,STR+2,STR+4,STR+6,STR+8,STR+10,STR+14,STR+18,STR+22,STR+26,STR+30
2,100,2,INT+2,INT+4,INT+6,INT+8,INT+10,INT+14,INT+18,INT+22,INT+26,INT+30
3,100,3,VIT+2,VIT+4,VIT+6,VIT+8,VIT+10,VIT+14,VIT+18,VIT+22,VIT+26,VIT+30
4,100,4,AGI+2,AGI+4,AGI+6,AGI+8,AGI+10,AGI+14,AGI+18,AGI+22,AGI+26,AGI+30
5,100,5,DEX+2,DEX+4,DEX+6,DEX+8,DEX+10,DEX+14,DEX+18,DEX+22,DEX+26,DEX+30
6,300,12,HP สูงสุด+40,HP สูงสุด+80,HP สูงสุด+120,HP สูงสุด+160,HP สูงสุด+200,HP สูงสุด+260,HP สูงสุด+320,HP สูงสุด+380,HP สูงสุด+440,HP สูงสุด+500
7,300,14,MP สูงสุด+60,MP สูงสุด+120,MP สูงสุด+180,MP สูงสุด+240,MP สูงสุด+300,MP สูงสุด+440,MP สูงสุด+580,MP สูงสุด+720,MP สูงสุด+860,MP สูงสุด+1000
8,300,15,ATK อาวุธ +6,ATK อาวุธ +12,ATK อาวุธ +18,ATK อาวุธ +24,ATK อาวุธ +30,ATK อาวุธ +44,ATK อาวุธ +58,ATK อาวุธ +72,ATK อาวุธ +86,ATK อาวุธ +100
9,600,17,ATK+6,ATK+12,ATK+18,ATK+24,ATK+30,ATK+44,ATK+58,ATK+72,ATK+86,ATK+100
10,600,19,MATK+6,MATK+12,MATK+18,MATK+24,MATK+30,MATK+44,MATK+58,MATK+72,MATK+86,MATK+100
11,200,22,ความแม่น+6,ความแม่น+12,ความแม่น+18,ความแม่น+24,ความแม่น+30,ความแม่น+44,ความแม่น+58,ความแม่น+72,ความแม่น+86,ความแม่น+100
12,200,24,หลบหลีก+6,หลบหลีก+12,หลบหลีก+18,หลบหลีก+24,หลบหลีก+30,หลบหลีก+44,หลบหลีก+58,หลบหลีก+72,หลบหลีก+86,หลบหลีก+100
13,200,26,DEF+20,DEF+40,DEF+60,DEF+80,DEF+100,DEF+140,DEF+180,DEF+220,DEF+260,DEF+300
14,200,28,MDEF+20,MDEF+40,MDEF+60,MDEF+80,MDEF+100,MDEF+140,MDEF+180,MDEF+220,MDEF+260,MDEF+300
15,300,38,ฟื้นฟู MP โจมตี+2,ฟื้นฟู MP โจมตี+4,ฟื้นฟู MP โจมตี+6,ฟื้นฟู MP โจมตี+8,ฟื้นฟู MP โจมตี+10,ฟื้นฟู MP โจมตี+14,ฟื้นฟู MP โจมตี+18,ฟื้นฟู MP โจมตี+22,ฟื้นฟู MP โจมตี+26,ฟื้นฟู MP โจมตี+30
16,400,40,อัตราคริติคอล+2,อัตราคริติคอล+4,อัตราคริติคอล+6,อัตราคริติคอล+8,อัตราคริติคอล+10,อัตราคริติคอล+14,อัตราคริติคอล+18,อัตราคริติคอล+22,อัตราคริติคอล+26,อัตราคริติคอล+30
17,400,49,ต้านทานอาวุธ+4%,ต้านทานอาวุธ+8%,ต้านทานอาวุธ+12%,ต้านทานอาวุธ+16%,ต้านทานอาวุธ+20%,ต้านทานอาวุธ+26%,ต้านทานอาวุธ+32%,ต้านทานอาวุธ+38%,ต้านทานอาวุธ+44%,ต้านทานอาวุธ+50%
18,400,50,ต้านทานเวท+4%,ต้านทานเวท+8%,ต้านทานเวท+12%,ต้านทานเวท+16%,ต้านทานเวท+20%,ต้านทานเวท+26%,ต้านทานเวท+32%,ต้านทานเวท+38%,ต้านทานเวท+44%,ต้านทานเวท+50%
19,1000,53,เพิ่มความเสียหายแก่ธาตุไฟ+1%,เพิ่มความเสียหายแก่ธาตุไฟ+2%,เพิ่มความเสียหายแก่ธาตุไฟ+3%,เพิ่มความเสียหายแก่ธาตุไฟ+4%,เพิ่มความเสียหายแก่ธาตุไฟ+5%,เพิ่มความเสียหายแก่ธาตุไฟ+7%,เพิ่มความเสียหายแก่ธาตุไฟ+9%,เพิ่มความเสียหายแก่ธาตุไฟ+11%,เพิ่มความเสียหายแก่ธาตุไฟ+13%,เพิ่มความเสียหายแก่ธาตุไฟ+15%
20,1000,54,เพิ่มความเสียหายแก่ธาตุน้ำ+1%,เพิ่มความเสียหายแก่ธาตุน้ำ+2%,เพิ่มความเสียหายแก่ธาตุน้ำ+3%,เพิ่มความเสียหายแก่ธาตุน้ำ+4%,เพิ่มความเสียหายแก่ธาตุน้ำ+5%,เพิ่มความเสียหายแก่ธาตุน้ำ+7%,เพิ่มความเสียหายแก่ธาตุน้ำ+9%,เพิ่มความเสียหายแก่ธาตุน้ำ+11%,เพิ่มความเสียหายแก่ธาตุน้ำ+13%,เพิ่มความเสียหายแก่ธาตุน้ำ+15%
21,1000,55,เพิ่มความเสียหายแก่ธาตุลม+1%,เพิ่มความเสียหายแก่ธาตุลม+2%,เพิ่มความเสียหายแก่ธาตุลม+3%,เพิ่มความเสียหายแก่ธาตุลม+4%,เพิ่มความเสียหายแก่ธาตุลม+5%,เพิ่มความเสียหายแก่ธาตุลม+7%,เพิ่มความเสียหายแก่ธาตุลม+9%,เพิ่มความเสียหายแก่ธาตุลม+11%,เพิ่มความเสียหายแก่ธาตุลม+13%,เพิ่มความเสียหายแก่ธาตุลม+15%
22,1000,56,เพิ่มความเสียหายแก่ธาตุดิน+1%,เพิ่มความเสียหายแก่ธาตุดิน+2%,เพิ่มความเสียหายแก่ธาตุดิน+3%,เพิ่มความเสียหายแก่ธาตุดิน+4%,เพิ่มความเสียหายแก่ธาตุดิน+5%,เพิ่มความเสียหายแก่ธาตุดิน+7%,เพิ่มความเสียหายแก่ธาตุดิน+9%,เพิ่มความเสียหายแก่ธาตุดิน+11%,เพิ่มความเสียหายแก่ธาตุดิน+13%,เพิ่มความเสียหายแก่ธาตุดิน+15%
23,1000,57,เพิ่มความเสียหายแก่ธาตุแสง+1%,เพิ่มความเสียหายแก่ธาตุแสง+2%,เพิ่มความเสียหายแก่ธาตุแสง+3%,เพิ่มความเสียหายแก่ธาตุแสง+4%,เพิ่มความเสียหายแก่ธาตุแสง+5%,เพิ่มความเสียหายแก่ธาตุแสง+7%,เพิ่มความเสียหายแก่ธาตุแสง+9%,เพิ่มความเสียหายแก่ธาตุแสง+11%,เพิ่มความเสียหายแก่ธาตุแสง+13%,เพิ่มความเสียหายแก่ธาตุแสง+15%
24,1000,58,เพิ่มความเสียหายแก่ธาตุมืด+1%,เพิ่มความเสียหายแก่ธาตุมืด+2%,เพิ่มความเสียหายแก่ธาตุมืด+3%,เพิ่มความเสียหายแก่ธาตุมืด+4%,เพิ่มความเสียหายแก่ธาตุมืด+5%,เพิ่มความเสียหายแก่ธาตุมืด+7%,เพิ่มความเสียหายแก่ธาตุมืด+9%,เพิ่มความเสียหายแก่ธาตุมืด+11%,เพิ่มความเสียหายแก่ธาตุมืด+13%,เพิ่มความเสียหายแก่ธาตุมืด+15%
25,1000,59,เพิ่มความเสียหายแก่ไร้ธาตุ+1%,เพิ่มความเสียหายแก่ไร้ธาตุ+2%,เพิ่มความเสียหายแก่ไร้ธาตุ+3%,เพิ่มความเสียหายแก่ไร้ธาตุ+4%,เพิ่มความเสียหายแก่ไร้ธาตุ+5%,เพิ่มความเสียหายแก่ไร้ธาตุ+7%,เพิ่มความเสียหายแก่ไร้ธาตุ+9%,เพิ่มความเสียหายแก่ไร้ธาตุ+11%,เพิ่มความเสียหายแก่ไร้ธาตุ+13%,เพิ่มความเสียหายแก่ไร้ธาตุ+15%
26,300,62,เฮท+6%,เฮท+12%,เฮท+18%,เฮท+24%,เฮท+30%,เฮท+44%,เฮท+58%,เฮท+72%,เฮท+86%,เฮท+100%
27,300,62,เฮท-6%,เฮท-12%,เฮท-18%,เฮท-24%,เฮท-30%,เฮท-44%,เฮท-58%,เฮท-72%,เฮท-86%,เฮท-100%
28,5000,63,ได้รับ EXP+1%,ได้รับ EXP+2%,ได้รับ EXP+3%,ได้รับ EXP+4%,ได้รับ EXP+5%,ได้รับ EXP+6%,ได้รับ EXP+7%,ได้รับ EXP+8%,ได้รับ EXP+9%,ได้รับ EXP+10%
29,10000,64,อัตราดรอป+1%,อัตราดรอป+2%,อัตราดรอป+3%,อัตราดรอป+4%,อัตราดรอป+5%,อัตราดรอป+6%,อัตราดรอป+7%,อัตราดรอป+8%,อัตราดรอป+9%,อัตราดรอป+10%
30,500,71,ต้านธาตุไฟ+2%,ต้านธาตุไฟ+4%,ต้านธาตุไฟ+6%,ต้านธาตุไฟ+8%,ต้านธาตุไฟ+10%,ต้านธาตุไฟ+13%,ต้านธาตุไฟ+16%,ต้านธาตุไฟ+19%,ต้านธาตุไฟ+22%,ต้านธาตุไฟ+25%
31,500,72,ต้านธาตุน้ำ+2%,ต้านธาตุน้ำ+4%,ต้านธาตุน้ำ+6%,ต้านธาตุน้ำ+8%,ต้านธาตุน้ำ+10%,ต้านธาตุน้ำ+13%,ต้านธาตุน้ำ+16%,ต้านธาตุน้ำ+19%,ต้านธาตุน้ำ+22%,ต้านธาตุน้ำ+25%
32,500,73,ต้านธาตุลม+2%,ต้านธาตุลม+4%,ต้านธาตุลม+6%,ต้านธาตุลม+8%,ต้านธาตุลม+10%,ต้านธาตุลม+13%,ต้านธาตุลม+16%,ต้านธาตุลม+19%,ต้านธาตุลม+22%,ต้านธาตุลม+25%
33,500,74,ต้านธาตุดิน+2%,ต้านธาตุดิน+4%,ต้านธาตุดิน+6%,ต้านธาตุดิน+8%,ต้านธาตุดิน+10%,ต้านธาตุดิน+13%,ต้านธาตุดิน+16%,ต้านธาตุดิน+19%,ต้านธาตุดิน+22%,ต้านธาตุดิน+25%
34,500,75,ต้านธาตุแสง+2%,ต้านธาตุแสง+4%,ต้านธาตุแสง+6%,ต้านธาตุแสง+8%,ต้านธาตุแสง+10%,ต้านธาตุแสง+13%,ต้านธาตุแสง+16%,ต้านธาตุแสง+19%,ต้านธาตุแสง+22%,ต้านธาตุแสง+25%
35,500,76,ต้านธาตุมืด+2%,ต้านธาตุมืด+4%,ต้านธาตุมืด+6%,ต้านธาตุมืด+8%,ต้านธาตุมืด+10%,ต้านธาตุมืด+13%,ต้านธาตุมืด+16%,ต้านธาตุมืด+19%,ต้านธาตุมืด+22%,ต้านธาตุมืด+25%
36,500,77,ต้านไร้ธาตุ+2%,ต้านไร้ธาตุ+4%,ต้านไร้ธาตุ+6%,ต้านไร้ธาตุ+8%,ต้านไร้ธาตุ+10%,ต้านไร้ธาตุ+13%,ต้านไร้ธาตุ+16%,ต้านไร้ธาตุ+19%,ต้านไร้ธาตุ+22%,ต้านไร้ธาตุ+25%
37,200,159,บาเรียอาวุธ+400,บาเรียอาวุธ+800,บาเรียอาวุธ+1200,บาเรียอาวุธ+1600,บาเรียอาวุธ+2000,บาเรียอาวุธ+2600,บาเรียอาวุธ+3200,บาเรียอาวุธ+3800,บาเรียอาวุธ+4400,บาเรียอาวุธ+5000
38,200,160,บาเรียเวทมนตร์+400,บาเรียเวทมนตร์+800,บาเรียเวทมนตร์+1200,บาเรียเวทมนตร์+1600,บาเรียเวทมนตร์+2000,บาเรียเวทมนตร์+2600,บาเรียเวทมนตร์+3200,บาเรียเวทมนตร์+3800,บาเรียเวทมนตร์+4400,บาเรียเวทมนตร์+5000
39,300,161,บาเรียอัตราส่วน 2%,บาเรียอัตราส่วน 4%,บาเรียอัตราส่วน 6%,บาเรียอัตราส่วน 8%,บาเรียอัตราส่วน 10%,บาเรียอัตราส่วน 14%,บาเรียอัตราส่วน 18%,บาเรียอัตราส่วน 22%,บาเรียอัตราส่วน 26%,บาเรียอัตราส่วน 30%
