id,problem,name_th,name_en,can_use
2628,mob drop table,,,unknown
3999,ItemMaster record without Item_th text,,,see items.csv
9496,Item_th text without ItemMaster record,,,unknown
9498,Item_th text without ItemMaster record,INT+9,INT+9,unknown
9501,Item_th text without ItemMaster record,DEX+9,DEX+9,unknown
9505,Item_th text without ItemMaster record,回避+18,回避+18,unknown
9506,Item_th text without ItemMaster record,ASPD+180,ASPD+180,unknown
9507,Item_th text without ItemMaster record,CSPD+180,CSPD+180,unknown
90014,ItemMaster record without Item_th text,,,see items.csv
91014,ItemMaster record without Item_th text,,,see items.csv
92014,ItemMaster record without Item_th text,,,see items.csv
93014,ItemMaster record without Item_th text,,,see items.csv
94014,ItemMaster record without Item_th text,,,see items.csv
108553,ItemMaster record without Item_th text,,,see items.csv
2000145,ItemMaster record without Item_th text,,,see items.csv
