seq,recipe_id,kind,release_lv,spina,materials
1,130001,material,0,0,หนังโคลอน x1
2,130002,material,0,0,ขนสัตว์หรูหรา x1
3,130003,spina_only,10,1000,
4,130004,material,0,0,หนังมิโนทอร์ x1; เศษคริสตัลส้ม x1
5,130005,material,0,0,หนังหมาป่าแห่งพงไพร x1; เหรียญก็อบลิน x1
6,130006,spina_only,18,2000,
7,130007,material,0,0,ขนโมเคโล่ x1; ผ้าลินิน x10
8,130008,material,0,0,ขนมังกรพฤกษา x1; เขาคุณภาพสูง x10
9,130009,material,0,0,เข็มขัดบอสโรก้า x1; ผ้าสักหลาดอย่างดี x10
10,130010,spina_only,26,4000,
11,130011,material,0,0,เล็บหมีแหลมคม x2; ผ้าชีทติ้ง x20
12,130012,material,0,0,โซ่แข็งและหนัก x2; ผ้าโพลีเอสเตอร์ x20
13,130013,material,0,0,เกล็ดมังกรทุ่งหญ้า x2; ขนหมาป่าอวกาศ x20
14,130014,spina_only,34,8000,
15,130015,material,0,0,เสื้อคลุมขาด x2; ขนกระรอก x20
16,130016,material,0,0,เขาวิหคเจไดต์ x2; ขนแพะ x20
17,130017,material,0,0,ปีกมังกรสนธยา x2; ขนอ่อนนุ่ม x20
18,130018,spina_only,42,16000,
19,130019,material,0,0,โซ่ล้างบาป x2; ผ้าแกว่ง x20
20,130020,material,0,0,ใยอราเนีย x2; ใยแมงมุมเล็ก x20
21,130021,material,0,0,ชุดเทพธิดาตัวปลอม x3; ผ้าลอย x10; อุ้งตีนนิ่ม x20
22,130022,material,0,0,แผงคอสัตว์ปีศาจ x3; อุ้งเท้าสัตว์ x10; ขนเงารัตติกาล x20
23,130023,spina_only,51,32000,
24,130024,material,0,0,ขนเทเปอร์ x3; ขนแข็ง x10; น้ำมันกันสนิม x20
25,130025,material,0,0,ผ้ายุคโบราณ x3; เปลือกไม้อ่อน x10; ขนโปทัมสกปรก x20
26,130026,material,0,0,กระดูกใหญ่สีชาด x3; โค้ทสีดำที่ฉีกขาด x10; โซ่ฉีกขาด x20
27,130027,material,0,0,เกล็ดคิเมร่า x3; สิ่งเรืองแสงลึกลับ x10; หางเหนียว x20
28,130028,spina_only,59,64000,
29,130029,material,0,0,ผ้าคลุมวิญญาณแห่งป่า x3; หนามต้นไม้ x10; ผ้าสักหลาด x20
30,130030,material,0,0,โลหะผสมไลอาร์ค x3; เสื้อผู้คุมที่ขาดแล้ว x10; เนื้อผ้าออกซ์ x20
31,130031,material,0,0,ผ้าเปล่งแสง x4; หนังเทียมมีตำหนิ x20; ผ้าเตี่ยวของนักโทษประหาร x20
32,130032,material,0,0,เศษเสื้อจักรพรรดินี x4; เศษเกราะหนัก x20; หนังงู x20
33,130033,spina_only,69,100000,
34,130034,material,0,0,ผิวมัมฟลัก x4; ใบใหญ่โคลอน x20; เฟอร์ลายทาง x20
35,130035,material,0,0,ผ้าวิญญาณมาร์ดุก x4; ผ้าส่องประกายลึกลับ x20; ปีกสีเทา x20
36,130036,material,0,0,ขนคาร์บันเคิล x4; เนื้อผ้าทอ x20; หางหมีกระสอบ x20
37,130037,material,0,0,ขนของคิงปิตอน x4; ขนหนาขาว x20; ขนหงอกแข็ง x20
38,130038,material,0,0,ก้อนโลหะยุคโบราณ x4; เขี้ยวหมาป่าน้ำแข็ง x20; ผ้าสีดำเทา x20
39,130039,spina_only,79,200000,
40,130040,material,0,0,เล็บฮิวส์ทอก x4; ไหมดิบดักแด้ x20; ขนมนุษย์หมาป่า x20
41,130041,material,0,0,เศษไม้ครุสต์ x5; ขนเพียงพอน x20; ผ้าพันแผลลึกลับ x30
42,130042,material,0,0,บลัดพลัสม่า x5; หางนุ่มนิ่ม x20; เกล็ดหนังทนทาน x30
43,130043,material,0,0,ปีกเรพิวตอน x5; กระดุมเมล็ดถั่ว x20; ชายผ้าเสื้อโค้ตยาว x30
44,130044,material,0,0,ขนของคะเท็นไคเท x5; ผ้าสีแดงฉีกขาด x20; แผ่นหนังปรสิต x30
45,130045,spina_only,87,300000,
46,130046,material,0,0,กระดูกพิสเตอุส x5; แฟนทอมครอส x20; ขนนาก x30
47,130047,material,0,0,ปีกเดม่อนนัค x5; ห่วงโลหะ x20; หนังงูน่าขนลุก x30
48,130048,material,0,0,แผ่นหนังบางเบา x5; ผ้าเอนตี้ x20; แกนที่ทนทาน  x30
49,130049,material,0,0,เศษผ้าคำสาปไฟโลกันต์ x5; จานของกัปปะ x20; ขนอีกา x30
50,130050,material,0,0,นิวเคลียสเลอทิบร้า x5; ของเหลวเหนียวหนืด x20; ผิวแปลกประหลาด x30
