skillId,uids,sprite,source
33,33,sk_033,direct
34,34,sk_034,direct
35,35,sk_035,direct
36,36,sk_036,direct
37,37,sk_037,direct
38,38,sk_038,direct
39,39,sk_039,direct
40,40,sk_040,direct
41,41,sk_041,direct
42,42,sk_042,direct
43,43,sk_043,direct
44,44,sk_044,direct
45,45,sk_045,direct
46,46,sk_046,direct
47,47,sk_047,direct
48,48,sk_048,direct
49,49,sk_049,direct
50,50,sk_050,direct
51,51,sk_051,direct
52,52,sk_052,direct
53,53,sk_053,direct
54,54,sk_054,direct
55,55,sk_055,direct
56,56,sk_056,direct
64,64,mapMarker_2,fallback
65,65,sk_065,direct
66,66,sk_066,direct
67,67,sk_067,direct
68,68,sk_068,direct
69,69,sk_069,direct
70,70,sk_070,direct
71,71,sk_071,direct
72,72,sk_072,direct
73,73,sk_073,direct
74,74,sk_074,direct
75,75,sk_075,direct
76,76,sk_076,direct
77,77,sk_077,direct
78,78,sk_078,direct
79,79,sk_079,direct
80,80,sk_080,direct
81,81,sk_081,direct
82,82,sk_082,direct
83,83,sk_083,direct
84,84,sk_084,direct
85,85,sk_085,direct
86,86,sk_086,direct
87,87,sk_087,direct
88,88,sk_088,direct
89,89,sk_089,direct
96,96,mapMarker_2,fallback
97,97,sk_097,direct
98,98,sk_098,direct
99,99,sk_099,direct
100,100,sk_100,direct
101,101,sk_101,direct
102,102,sk_102,direct
103,103,sk_103,direct
104,104,sk_104,direct
105,105,sk_105,direct
106,106,sk_106,direct
107,107,sk_107,direct
108,108,sk_108,direct
109,109,sk_109,direct
110,110,sk_110,direct
111,111,sk_111,direct
112,112,sk_112,direct
113,113,sk_113,direct
114,114,sk_114,direct
115,115,sk_101,alias
116,116,sk_116,direct
117,117,sk_117,direct
118,118,sk_118,direct
119,119,sk_119,direct
120,120,sk_120,direct
128,128,mapMarker_2,fallback
129,129,sk_129,direct
130,130,sk_130,direct
131,131,sk_131,direct
132,132,sk_132,direct
133,133,sk_133,direct
134,134,sk_134,direct
135,135,sk_135,direct
136,136,sk_136,direct
137,137,sk_137,direct
138,138,sk_138,direct
139,139,sk_139,direct
140,140,sk_140,direct
141,141,sk_141,direct
142,142,sk_142,direct
143,143,sk_143,direct
144,144,sk_144,direct
145,145,sk_145,direct
146,146,sk_146,direct
147,147,sk_147,direct
148,148,sk_148,direct
149,149,sk_149,direct
150,150,sk_150,direct
160,160,mapMarker_2,fallback
161,161,sk_161,direct
162,162,sk_162,direct
163,163,sk_163,direct
164,164,sk_164,direct
165,165,sk_165,direct
166,166,sk_166,direct
192,192,mapMarker_2,fallback
193,193,sk_193,direct
194,194,sk_194,direct
195,195,sk_195,direct
196,196,sk_196,direct
197,197,sk_197,direct
198,198,sk_198,direct
199,199,sk_199,direct
200,200,sk_200,direct
201,201,sk_201,direct
224,224,mapMarker_2,fallback
225,225,sk_225,direct
226,226,sk_226,direct
227,227,sk_227,direct
228,228,sk_228,direct
229,229,sk_229,direct
230,230,sk_230,direct
231,231,sk_231,direct
232,232,sk_232,direct
233,233,sk_233,direct
234,234,sk_234,direct
235,235,sk_235,direct
236,236,sk_236,direct
237,237,sk_237,direct
256,256,mapMarker_2,fallback
257,257,sk_257,direct
258,258,sk_258,direct
259,259,sk_259,direct
260,260,sk_260,direct
261,261,sk_261,direct
262,262,sk_257,alias
263,263,sk_263,direct
264,264,sk_264,direct
265,265,sk_265,direct
266,266,sk_266,direct
267,267,sk_267,direct
268,268,sk_268,direct
269,269,sk_269,direct
270,270,sk_270,direct
288,288,mapMarker_2,fallback
290,290,sk_290,direct
291,291,sk_291,direct
292,292,sk_292,direct
293,293,sk_293,direct
294,294,sk_294,direct
295,295,sk_295,direct
296,296,sk_296,direct
297,297,sk_297,direct
298,298,sk_298,direct
299,299,sk_299,direct
300,300,sk_300,direct
301,301,sk_301,direct
302,302,sk_302,direct
320,320,mapMarker_2,fallback
321,321,sk_321,direct
322,322,sk_322,direct
323,323,sk_323,direct
324,324,sk_324,direct
325,325,sk_325,direct
326,326,sk_326,direct
327,327,sk_327,direct
328,328,sk_328,direct
329,329,sk_329,direct
330,330,sk_330,direct
331,331,sk_331,direct
352,352,mapMarker_2,fallback
353,353 385,sk_353,direct
354,354,sk_354,direct
355,355,sk_355,direct
356,356,sk_356,direct
357,357,sk_357,direct
358,358,sk_358,direct
359,359,sk_358,alias
360,360,sk_358,alias
361,361,sk_358,alias
362,362,sk_362,direct
363,363,sk_362,alias
364,364,sk_362,alias
365,365,sk_365,direct
366,366,sk_365,alias
367,367,sk_365,alias
368,368,sk_357,alias
369,369,sk_365,alias
370,370,it_100,named
371,371,it_200,named
372,372,it_300,named
373,373,it_400,named
374,374,it_510,named
375,375,it_600,named
384,384,mapMarker_2,fallback
386,386,sk_386,direct
387,387,sk_387,direct
388,388,sk_388,direct
389,389,sk_389,direct
390,390,sk_390,direct
391,391,sk_391,direct
392,392,sk_392,direct
393,393,sk_393,direct
394,394,sk_394,direct
395,395,sk_394,alias
396,396,sk_394,alias
400,400,sk_389,alias
401,401,sk_393,alias
402,402,sk_394,alias
403,403,sk_403,direct
404,404,sk_403,alias
405,405,sk_403,alias
406,406,sk_403,alias
416,416,mapMarker_2,fallback
417,417,mapMarker_2,fallback
418,418,mapMarker_2,fallback
419,419,mapMarker_2,fallback
420,420,mapMarker_2,fallback
421,421,mapMarker_2,fallback
422,422,mapMarker_2,fallback
423,423,mapMarker_2,fallback
424,424,mapMarker_2,fallback
425,425,mapMarker_2,fallback
448,448,mapMarker_2,fallback
449,449,sk_449,direct
450,450,sk_450,direct
451,451,sk_451,direct
452,452,sk_452,direct
453,453,sk_450,alias
454,454,sk_454,direct
455,455,sk_455,direct
480,480,mapMarker_2,fallback
481,481,sk_481,direct
482,482,sk_482,direct
483,483,sk_483,direct
484,484,sk_484,direct
485,485,sk_485,direct
486,486,sk_486,direct
487,487,sk_487,direct
488,488,sk_488,direct
489,489,sk_489,direct
490,490,sk_490,direct
491,491,sk_491,direct
492,492,sk_492,direct
493,493,sk_493,direct
494,494,sk_494,direct
495,495,sk_495,direct
512,512,mapMarker_2,fallback
513,513,sk_513,direct
514,514,sk_514,direct
515,515,sk_515,direct
516,516,sk_516,direct
517,517,sk_517,direct
518,518,sk_518,direct
519,519,sk_519,direct
520,520,sk_520,direct
521,521,sk_521,direct
522,522,sk_522,direct
523,523,sk_523,direct
524,524,sk_521,alias
525,525,sk_517,alias
526,526,sk_526,direct
527,527,sk_527,direct
544,544,mapMarker_2,fallback
545,545,sk_545,direct
546,546,sk_546,direct
547,547,sk_547,direct
548,548,sk_548,direct
549,549,sk_549,direct
550,550,sk_550,direct
551,551,sk_551,direct
552,552,sk_552,direct
553,553,sk_553,direct
554,554,sk_554,direct
555,555,sk_555,direct
556,556,sk_556,direct
557,557,it_13_0,named
558,558,sk_558,direct
559,559,sk_559,direct
560,560,sk_558,alias
561,561,autoaim_on,named
576,576,mapMarker_2,fallback
577,577,sk_577,direct
578,578,sk_578,direct
579,579,sk_579,direct
580,580,sk_580,direct
581,581,sk_581,direct
582,582,sk_582,direct
583,583,sk_583,direct
584,584,sk_584,direct
585,585,sk_585,direct
586,586,sk_586,direct
587,587,sk_587,direct
588,588,sk_587,alias
608,608,mapMarker_2,fallback
609,609,sk_609,direct
610,610,sk_610,direct
611,611,sk_611,direct
612,612,sk_612,direct
613,613,sk_613,direct
614,614,sk_614,direct
615,615,sk_615,direct
616,616,sk_616,direct
617,617,sk_617,direct
618,618,sk_618,direct
619,619,sk_619,direct
620,620,sk_620,direct
621,621,sk_621,direct
622,622,sk_622,direct
623,623,sk_623,direct
624,624,sk_624,direct
625,625,sk_625,direct
626,626,sk_619,alias
627,627,sk_627,direct
628,628,sk_628,direct
629,629,sk_629,direct
630,630,sk_630,direct
631,631,sk_629,alias
638,638,mapMarker_2,fallback
639,639,sk_612,alias
640,640,mapMarker_2,fallback
641,641,sk_641,direct
642,642,sk_642,direct
643,643,sk_643,direct
644,644,sk_644,direct
645,645,sk_645,direct
646,646,sk_646,direct
647,647,sk_647,direct
648,648,sk_648,direct
649,649,sk_649,direct
650,650,sk_650,direct
651,651,sk_651,direct
652,652,sk_652,direct
653,653,sk_653,direct
654,654,sk_654,direct
655,655,sk_655,direct
656,656,sk_656,direct
657,657,sk_657,direct
658,658,sk_658,direct
659,659,sk_659,direct
660,660,sk_660,direct
661,661,sk_661,direct
671,671,mapMarker_2,fallback
672,672,mapMarker_2,fallback
673,673,sk_673,direct
674,674,sk_674,direct
675,675,sk_675,direct
676,676,sk_676,direct
677,677,sk_677,direct
678,678,sk_678,direct
679,679,sk_679,direct
680,680,sk_680,direct
681,681,sk_680,alias
704,704,mapMarker_2,fallback
705,705,sk_705,direct
706,706,sk_706,direct
707,707,sk_707,direct
708,708,sk_708,direct
709,709,sk_709,direct
710,710,sk_710,direct
711,711,sk_711,direct
712,712,sk_712,direct
713,713,sk_713,direct
714,714,sk_714,direct
715,715,sk_715,direct
716,716,sk_716,direct
717,717,sk_717,direct
718,718,sk_718,direct
719,719,sk_705,alias
720,720,sk_720,direct
721,721,sk_721,direct
722,722,sk_722,direct
736,736,mapMarker_2,fallback
769,769,sk_769,direct
770,770,sk_770,direct
771,771,sk_771,direct
772,772,sk_772,direct
773,773,sk_773,direct
774,774,sk_774,direct
775,775,sk_775,direct
776,776,sk_776,direct
777,777,sk_777,direct
778,778,sk_778,direct
799,799,sk_777,alias
800,800,mapMarker_2,fallback
801,801,sk_801,direct
802,802,sk_802,direct
803,803,sk_803,direct
804,804,sk_804,direct
805,805,sk_805,direct
806,806,sk_806,direct
807,807,sk_807,direct
832,832,mapMarker_2,fallback
833,833,sk_833,direct
834,834,sk_834,direct
835,835,sk_835,direct
836,836,sk_836,direct
837,837,sk_833,alias
838,838,sk_838,direct
839,839,sk_839,direct
840,840,sk_840,direct
841,841,sk_841,direct
842,842,sk_842,direct
843,843,sk_843,direct
844,844,sk_844,direct
845,845,sk_845,direct
846,846,sk_839,alias
847,847,sk_847,direct
864,864,mapMarker_2,fallback
865,865,sk_865,direct
866,866,sk_866,direct
867,867,sk_867,direct
868,868,sk_868,direct
869,869,sk_869,direct
870,870,sk_870,direct
871,871,sk_871,direct
872,872,sk_872,direct
873,873,sk_873,direct
874,874,sk_874,direct
875,875,sk_875,direct
876,876,sk_876,direct
877,877,sk_877,direct
878,878,sk_878,direct
879,879,sk_879,direct
896,896,mapMarker_2,fallback
897,897,mapMarker_2,fallback
898,898,mapMarker_2,fallback
899,899,mapMarker_2,fallback
900,900,it_501,named
901,901,mapMarker_2,fallback
902,902,mapMarker_2,fallback
928,928,mapMarker_2,fallback
929,929,sk_044,pet
930,930,sk_198,pet
931,931,sk_201,pet
932,932,sk_069,pet
933,933,sk_102,pet
934,934,sk_487,pet
935,935,sk_137,pet
936,936,sk_869,pet
937,937,sk_097,pet
938,938,sk_103,pet
939,939,sk_231,pet
940,940,sk_229,pet
941,941,sk_225,pet
942,942,sk_230,pet
943,943,sk_237,pet
944,944,sk_135,pet
945,945,sk_033,pet
946,946,sk_516,pet
947,947,sk_109,pet
948,948,sk_234,pet
949,949,sk_130,pet
950,950,sk_651,pet
951,951,sk_199,pet
952,952,sk_200,pet
953,953,sk_644,pet
958,958,mapMarker_2,fallback
959,959,mapMarker_2,fallback
960,960,mapMarker_2,fallback
961,961,sk_961,direct
962,962,sk_962,direct
963,963,sk_963,direct
964,964,sk_964,direct
965,965,sk_965,direct
966,966,sk_966,direct
967,967,sk_967,direct
968,968,sk_968,direct
969,969,sk_969,direct
970,970,sk_970,direct
971,971,sk_971,direct
972,972,sk_972,direct
973,973,sk_973,direct
974,974,sk_974,direct
975,975,sk_975,direct
976,976,sk_976,direct
977,977,sk_977,direct
978,978,sk_974,alias
979,979,sk_979,direct
980,980,sk_980,direct
981,981,sk_981,direct
982,982,sk_982,direct
992,992,mapMarker_2,fallback
993,993,sk_993,direct
994,994,sk_994,direct
995,995,sk_995,direct
996,996,sk_996,direct
997,997,sk_997,direct
998,998,sk_998,direct
999,999,sk_999,direct
1000,1000,sk_1000,direct
1001,1001,sk_1001,direct
1002,1002,sk_1001,alias
1003,1003,sk_1003,direct
1004,1004,sk_1004,direct
1005,1005,sk_993,alias
1006,1006,sk_1006,direct
1007,1007,sk_1001,alias
1024,1024,mapMarker_2,fallback
1025,1025,sk_1025,direct
1026,1026,sk_1026,direct
1027,1027,sk_1027,direct
1028,1028,sk_1028,direct
1029,1029,sk_1029,direct
1030,1030,sk_1030,direct
1031,1031,sk_1031,direct
1032,1032,sk_1032,direct
1033,1033,sk_1033,direct
1034,1034,sk_1034,direct
1035,1035,sk_1035,direct
1036,1036,sk_1035,alias
1037,1037,sk_1025,alias
1038,1038,sk_100,alias
1039,1039,sk_1039,direct
1056,1056,mapMarker_2,fallback
1057,1057,sk_1057,direct
1058,1058,sk_1058,direct
1059,1059,sk_1059,direct
1060,1060,sk_1060,direct
1061,1061,sk_1061,direct
1062,1062,sk_1062,direct
1063,1063,sk_1063,direct
1064,1064,sk_1064,direct
1065,1065,sk_1065,direct
1066,1066,sk_1066,direct
1067,1067,sk_1067,direct
1068,1068,sk_1068,direct
1088,1088,mapMarker_2,fallback
1089,1089,sk_1089,direct
1090,1090,sk_1090,direct
1091,1091,sk_1091,direct
1092,1092,sk_1092,direct
1093,1093,sk_1093,direct
1094,1094,sk_1090,alias
1095,1095,sk_1095,direct
1096,1096,sk_1096,direct
1097,1097,sk_1097,direct
1098,1098,sk_1098,direct
1099,1099,sk_1093,alias
1100,1100,sk_1100,direct
1120,1120,mapMarker_2,fallback
1121,1121,sk_1121,direct
1122,1122,sk_1122,direct
1123,1123,sk_1123,direct
1124,1124,sk_1124,direct
1125,1125,sk_1125,direct
1126,1126,sk_1126,direct
1127,1127,sk_1127,direct
1128,1128,sk_1124,alias
1129,1129,sk_1129,direct
1130,1130,sk_1130,direct
1131,1131,sk_1131,direct
1132,1132,sk_1124,alias
1152,1152,mapMarker_2,fallback
1153,1153,sk_1153,direct
1154,1154,sk_1154,direct
1155,1155,sk_1155,direct
1156,1156,sk_1156,direct
1157,1157,sk_1157,direct
1158,1158,sk_1158,direct
1159,1159,sk_1159,direct
1160,1160,sk_1160,direct
1161,1161,sk_1158,alias
1162,1162,sk_1162,direct
1184,1184,mapMarker_2,fallback
1185,1185,mapMarker_2,fallback
1186,1186,mapMarker_2,fallback
1187,1187,mapMarker_2,fallback
1188,1188,mapMarker_2,fallback
1189,1189,mapMarker_2,fallback
1190,1190,mapMarker_2,fallback
1191,1191,mapMarker_2,fallback
1192,1192,mapMarker_2,fallback
1216,1216,mapMarker_2,fallback
1217,1217,sk_1217,direct
1218,1218,sk_1218,direct
1219,1219,sk_1219,direct
1220,1220,sk_1220,direct
1221,1221,sk_1221,direct
1222,1222,sk_1222,direct
1223,1223,sk_1223,direct
1224,1224,sk_1224,direct
1225,1225,sk_1225,direct
1226,1226,sk_1226,direct
1227,1227,sk_1217,alias
1228,1228,sk_1217,alias
1247,1247,mapMarker_2,fallback
1248,1248,mapMarker_2,fallback
1249,1249,sk_1249,direct
1250,1250,sk_1250,direct
1251,1251,sk_1251,direct
1280,1280,mapMarker_2,fallback
1281,1281,mapMarker_2,fallback
1282,1282,mapMarker_2,fallback
1283,1283,sk_1283,direct
1284,1284,it_51,named
1285,1285,mapMarker_2,fallback
1312,1312,mapMarker_2,fallback
1344,1344,mapMarker_2,fallback
1345,1345,mapMarker_2,fallback
1346,1346,mapMarker_2,fallback
1347,1347,mapMarker_2,fallback
1348,1348,mapMarker_2,fallback
1349,1349,mapMarker_2,fallback
1350,1350,mapMarker_2,fallback
1351,1351,mapMarker_2,fallback
1352,1352,mapMarker_2,fallback
1353,1353,mapMarker_2,fallback
1354,1354,mapMarker_2,fallback
1355,1355,mapMarker_2,fallback
1356,1356,mapMarker_2,fallback
1357,1357,mapMarker_2,fallback
1358,1358,mapMarker_2,fallback
1359,1359,mapMarker_2,fallback
1360,1360,mapMarker_2,fallback
1361,1361,mapMarker_2,fallback
1362,1362,mapMarker_2,fallback
1363,1363,mapMarker_2,fallback
1364,1364,mapMarker_2,fallback
1365,1365,mapMarker_2,fallback
1366,1366,mapMarker_2,fallback
1367,1367,mapMarker_2,fallback
1368,1368,mapMarker_2,fallback
1369,1369,mapMarker_2,fallback
1370,1370,mapMarker_2,fallback
1371,1371,mapMarker_2,fallback
1372,1372,mapMarker_2,fallback
1373,1373,mapMarker_2,fallback
1376,1376,mapMarker_2,fallback
