id,binary_id,type,category,source,name,condition,reward
1,1,254,อื่นๆ,master,ยินดีต้อนรับสู่ Toram Online,สร้างคาแรคเตอร์,รีไวต้า (ของขวัญ) 99 ชิ้น
11,2,1,ล่ามอนสเตอร์,master,การล่าครั้งแรก,จัดการมอนสเตอร์ 1 ตัว,สปินา: 1s
12,3,1,ล่ามอนสเตอร์,master,พื้นฐานการต่อสู้,จัดการมอนสเตอร์ 10 ตัว,สปินา: 10s
13,4,1,ล่ามอนสเตอร์,master,ล่าอย่างง่ายๆ,จัดการมอนสเตอร์ 100 ตัว,สปินา: 100s
14,5,1,ล่ามอนสเตอร์,master,เป็นผู้ชำนาญอย่างไม่รู้ตัว,"จัดการมอนสเตอร์ 1,000 ตัว","สปินา: 1,000s"
15,6,1,ล่ามอนสเตอร์,master,ล่ามอนสเตอร์งั้นเหรอ? สบายมาก,"จัดการมอนสเตอร์ 10,000 ตัว","สปินา: 10,000s"
16,7,1,ล่ามอนสเตอร์,master,ผู้เชี่ยวชาญในการล่า,"จัดการมอนสเตอร์ 100,000 ตัว","สปินา: 100,000s"
17,8,1,ล่ามอนสเตอร์,master,นักล่ามือฉกาจ,"จัดการมอนสเตอร์ 1,000,000 ตัว","สปินา: 1,000,000s"
18,9,1,ล่ามอนสเตอร์,master,จัดการอย่าให้เหลือ,"จัดการมอนสเตอร์ 10,000,000 ตัว","สปินา: 10,000,000s"
19,10,1,ล่ามอนสเตอร์,master,ไม่มีใครขวางได้,"จัดการมอนสเตอร์ 100,000,000 ตัว","สปินา: 100,000,000s"
21,11,2,เวลาเล่นต่อเนื่อง,master,เพียงแค่เริ่มต้น,เวลาเล่นต่อเนื่องเกิน 15 นาที,สกิลพ้อยท์ +1
22,12,2,เวลาเล่นต่อเนื่อง,master,มั่นใจในพลัง,เวลาเล่นต่อเนื่องเกิน 30 นาที,สกิลพ้อยท์ +1
23,13,2,เวลาเล่นต่อเนื่อง,master,สนุกสินะ?,เวลาเล่นต่อเนื่องเกิน 1 ชั่วโมง,สกิลพ้อยท์ +1
24,14,2,เวลาเล่นต่อเนื่อง,master,เล่นนานพอสมควร,เวลาเล่นต่อเนื่องเกิน 2 ชั่วโมง,สกิลพ้อยท์ +1
25,15,2,เวลาเล่นต่อเนื่อง,master,เล่นนานแล้วนะ!?,เวลาเล่นต่อเนื่องเกิน 3 ชั่วโมง,สกิลพ้อยท์ +1
26,16,2,เวลาเล่นต่อเนื่อง,master,เล่นเยอะจริงๆ!,เวลาเล่นต่อเนื่องเกิน 4 ชั่วโมง,สกิลพ้อยท์ +1
27,17,2,เวลาเล่นต่อเนื่อง,master,น่าจะพักได้แล้วน้า...,เวลาเล่นต่อเนื่องเกิน 5 ชั่วโมง,สกิลพ้อยท์ +1
28,18,2,เวลาเล่นต่อเนื่อง,master,พักเถอะ พักกันดีกว่า!,เวลาเล่นต่อเนื่องเกิน 6 ชั่วโมง,สกิลพ้อยท์ +1
29,19,2,เวลาเล่นต่อเนื่อง,master,ยังเล่นต่องั้นเหรอ?,เวลาเล่นต่อเนื่องเกิน 7 ชั่วโมง,ใบชุบชีวิต x1
30,20,2,เวลาเล่นต่อเนื่อง,master,ยังเล่นไม่เลิก?,เวลาเล่นต่อเนื่องเกิน 8 ชั่วโมง,ใบชุบชีวิต x1
31,21,2,เวลาเล่นต่อเนื่อง,master,ควรพักบ้างนะ!,เวลาเล่นต่อเนื่องเกิน 9 ชั่วโมง,ใบชุบชีวิต x1
32,22,2,เวลาเล่นต่อเนื่อง,master,การต่อสู้ที่ไม่จบสิ้น?,เวลาเล่นต่อเนื่องเกิน 10 ชั่วโมง,ใบชุบชีวิต x1
33,23,2,เวลาเล่นต่อเนื่อง,master,ครึ่งวันผ่านไป...,เวลาเล่นต่อเนื่องเกิน 11 ชั่วโมง,ใบชุบชีวิต x1
34,24,2,เวลาเล่นต่อเนื่อง,master,เล่นเกินครึ่งวัน,เวลาเล่นต่อเนื่องเกิน 12 ชั่วโมง,ใบชุบชีวิต x1
35,25,2,เวลาเล่นต่อเนื่อง,master,การผจญภัยที่ไม่มีวันจบ,เวลาเล่นต่อเนื่องเกิน 13 ชั่วโมง,ใบชุบชีวิต x1
36,26,2,เวลาเล่นต่อเนื่อง,master,？？？,เวลาเล่นต่อเนื่องเกิน 14 ชั่วโมง,เศษออร์บ x10
37,27,2,เวลาเล่นต่อเนื่อง,master,？？？,เวลาเล่นต่อเนื่องเกิน 15 ชั่วโมง,เศษออร์บ x20
38,28,2,เวลาเล่นต่อเนื่อง,master,？？？,เวลาเล่นต่อเนื่องเกิน 16 ชั่วโมง,เศษออร์บ x30
39,29,2,เวลาเล่นต่อเนื่อง,master,？？？,เวลาเล่นต่อเนื่องเกิน 17 ชั่วโมง,เศษออร์บ x40
40,30,2,เวลาเล่นต่อเนื่อง,master,？？？,เวลาเล่นต่อเนื่องเกิน 18 ชั่วโมง,เศษออร์บ x50
41,31,2,เวลาเล่นต่อเนื่อง,master,？？？,เวลาเล่นต่อเนื่องเกิน 19 ชั่วโมง,เศษออร์บ x60
42,32,2,เวลาเล่นต่อเนื่อง,master,？？？,เวลาเล่นต่อเนื่องเกิน 20 ชั่วโมง,เศษออร์บ x70
43,33,2,เวลาเล่นต่อเนื่อง,master,？？？,เวลาเล่นต่อเนื่องเกิน 21 ชั่วโมง,เศษออร์บ x80
44,34,2,เวลาเล่นต่อเนื่อง,master,？？？,เวลาเล่นต่อเนื่องเกิน 22 ชั่วโมง,เศษออร์บ x90
45,35,2,เวลาเล่นต่อเนื่อง,master,ผู้ควบคุมเวลา,เวลาเล่นต่อเนื่องเกิน 23 ชั่วโมง,ออร์บ 1 ลูก
51,36,3,เวลาเล่นรวม,master,ถ้า HP หมดลองใช้ดู!,เวลาเล่นรวม 1 ชั่วโมง,ใบชุบชีวิต x3
52,37,3,เวลาเล่นรวม,master,ลองอะไรใหม่ๆ,เวลาเล่นรวม 2 ชั่วโมง,สล็อตคาแรคเตอร์ +1
53,38,3,เวลาเล่นรวม,master,ลองสู้ในที่ที่ชอบ,เวลาเล่นรวม 4 ชั่วโมง,หนังสือฝึกฝน x1
54,39,3,เวลาเล่นรวม,master,ใช้เปลี่ยนสเตตัสได้นะ!,เวลาเล่นรวม 7 ชั่วโมง,หนังสือรีเซ็ต x1
55,40,3,เวลาเล่นรวม,master,อย่างน้อยควรมี 3 สล็อต,เวลาเล่นรวม 11 ชั่วโมง,สล็อตคาแรคเตอร์ +1
56,41,3,เวลาเล่นรวม,master,ถ้ามีไว้ก็อุ่นใจ,เวลาเล่นรวม 16 ชั่วโมง,ใบชุบชีวิต x3
57,42,3,เวลาเล่นรวม,master,ลืมสกิลทั้งหมด,เวลาเล่นรวม 22 ชั่วโมง,หนังสือแห่งความหลงลืม x1
58,43,3,เวลาเล่นรวม,master,ใช้สกิลไม่จำกัด?,เวลาเล่นรวม 29 ชั่วโมง,โพชั่นเวท x3
59,44,3,เวลาเล่นรวม,master,จะใช้กับอะไรดีนะ,เวลาเล่นรวม 37 ชั่วโมง,ออร์บ x1
60,45,3,เวลาเล่นรวม,master,ลองใช้ตีอุปกรณ์ดูสิ,เวลาเล่นรวม 46 ชั่วโมง,ตั๋วรับประกัน (100%) x1
61,46,3,เวลาเล่นรวม,master,เตรียมไว้ก่อนสู้บอส,เวลาเล่นรวม 56 ชั่วโมง,ใบชุบชีวิต x3
62,47,3,เวลาเล่นรวม,master,ลองใช้ให้เป็นประโยชน์,เวลาเล่นรวม 67 ชั่วโมง,ออร์บ x1
63,48,3,เวลาเล่นรวม,master,ลองเปลี่ยนคริสตาดูสิ,เวลาเล่นรวม 79 ชั่วโมง,คริสตาสำหรับถอด x1
64,49,3,เวลาเล่นรวม,master,ลองดื่มก่อนสู้บอส,เวลาเล่นรวม 92 ชั่วโมง,โพชั่นชีวิต x3
65,50,3,เวลาเล่นรวม,master,ใช้กับสิ่งที่ชอบ!,เวลาเล่นรวม 106 ชั่วโมง,ออร์บ x1
66,51,3,เวลาเล่นรวม,master,ถึงจะแพ้ก็ไม่เป็นไร!,เวลาเล่นรวม 121 ชั่วโมง,ใบชุบชีวิต x3
67,52,3,เวลาเล่นรวม,master,อาจเป็นโอกาสที่จะได้อวาตาร์?,เวลาเล่นรวม 137 ชั่วโมง,ตั๋วอาวาตาร์ x1
68,53,3,เวลาเล่นรวม,master,？？？,เวลาเล่นรวม 154 ชั่วโมง,ออร์บ x1
69,54,3,เวลาเล่นรวม,master,？？？,เวลาเล่นรวม 172 ชั่วโมง,ชิ้นส่วนตั๋ว x10
70,55,3,เวลาเล่นรวม,master,？？？,เวลาเล่นรวม 191 ชั่วโมง,กระจกแห่งการทบทวน x1
71,56,3,เวลาเล่นรวม,master,？？？,เวลาเล่นรวม 211 ชั่วโมง,ออร์บ 1 ลูก
72,57,3,เวลาเล่นรวม,master,？？？,เวลาเล่นรวม 232 ชั่วโมง,ใบชุบชีวิต x3
73,58,3,เวลาเล่นรวม,master,？？？,เวลาเล่นรวม 254 ชั่วโมง,???
74,59,3,เวลาเล่นรวม,master,？？？,เวลาเล่นรวม 277 ชั่วโมง,ออร์บ x2
75,60,3,เวลาเล่นรวม,master,？？？,เวลาเล่นรวม 301 ชั่วโมง,ชิ้นส่วนตั๋ว x10
76,61,3,เวลาเล่นรวม,master,？？？,เวลาเล่นรวม 326 ชั่วโมง,???
77,62,3,เวลาเล่นรวม,master,？？？,เวลาเล่นรวม 352 ชั่วโมง,ออร์บ x2
78,63,3,เวลาเล่นรวม,master,？？？,เวลาเล่นรวม 379 ชั่วโมง,ใบชุบชีวิต x3
79,64,3,เวลาเล่นรวม,master,？？？,เวลาเล่นรวม 407 ชั่วโมง,???
80,65,3,เวลาเล่นรวม,master,？？？,เวลาเล่นรวม 436 ชั่วโมง,ออร์บ x2
81,66,3,เวลาเล่นรวม,master,？？？,เวลาเล่นรวม 466 ชั่วโมง,ชิ้นส่วนตั๋ว x10
82,67,3,เวลาเล่นรวม,master,？？？,เวลาเล่นรวม 497 ชั่วโมง,???
83,68,3,เวลาเล่นรวม,master,？？？,เวลาเล่นรวม 529 ชั่วโมง,ออร์บ x2
84,69,3,เวลาเล่นรวม,master,？？？,เวลาเล่นรวม 562 ชั่วโมง,ใบชุบชีวิต x3
85,70,3,เวลาเล่นรวม,master,？？？,เวลาเล่นรวม 596 ชั่วโมง,???
86,71,3,เวลาเล่นรวม,master,？？？,เวลาเล่นรวม 631 ชั่วโมง,ออร์บ x2
87,72,3,เวลาเล่นรวม,master,？？？,เวลาเล่นรวม 667 ชั่วโมง,???
88,73,3,เวลาเล่นรวม,master,？？？,เวลาเล่นรวม 704 ชั่วโมง,???
89,74,3,เวลาเล่นรวม,master,？？？,เวลาเล่นรวม 742 ชั่วโมง,ออร์บ x3
90,75,3,เวลาเล่นรวม,master,？？？,เวลาเล่นรวม 781 ชั่วโมง,ใบชุบชีวิต x3
91,76,3,เวลาเล่นรวม,master,？？？,เวลาเล่นรวม 821 ชั่วโมง,???
92,77,3,เวลาเล่นรวม,master,？？？,เวลาเล่นรวม 862 ชั่วโมง,ออร์บ x3
93,78,3,เวลาเล่นรวม,master,？？？,เวลาเล่นรวม 904 ชั่วโมง,???
94,79,3,เวลาเล่นรวม,master,？？？,เวลาเล่นรวม 947 ชั่วโมง,???
95,80,3,เวลาเล่นรวม,master,？？？,เวลาเล่นรวม 991 ชั่วโมง,ออร์บ x3
96,81,3,เวลาเล่นรวม,master,？？？,เวลาเล่นรวม 1036 ชั่วโมง,???
97,82,3,เวลาเล่นรวม,master,？？？,เวลาเล่นรวม 1082 ชั่วโมง,???
98,83,3,เวลาเล่นรวม,master,？？？,เวลาเล่นรวม 1129 ชั่วโมง,ออร์บ x3
99,84,3,เวลาเล่นรวม,master,？？？,เวลาเล่นรวม 1177 ชั่วโมง,???
100,85,3,เวลาเล่นรวม,master,？？？,เวลาเล่นรวม 1226 ชั่วโมง,???
101,86,3,เวลาเล่นรวม,master,？？？,เวลาเล่นรวม 1276 ชั่วโมง,ออร์บ x3
102,87,3,เวลาเล่นรวม,master,？？？,เวลาเล่นรวม 1327 ชั่วโมง,???
103,88,3,เวลาเล่นรวม,master,？？？,เวลาเล่นรวม 1379 ชั่วโมง,???
104,89,3,เวลาเล่นรวม,master,？？？,เวลาเล่นรวม 1432 ชั่วโมง,ออร์บ x4
105,90,3,เวลาเล่นรวม,master,？？？,เวลาเล่นรวม 1486 ชั่วโมง,???
106,91,3,เวลาเล่นรวม,master,？？？,เวลาเล่นรวม 1541 ชั่วโมง,???
107,92,3,เวลาเล่นรวม,master,？？？,เวลาเล่นรวม 1597 ชั่วโมง,ออร์บ x4
108,93,3,เวลาเล่นรวม,master,？？？,เวลาเล่นรวม 1654 ชั่วโมง,???
109,94,3,เวลาเล่นรวม,master,？？？,เวลาเล่นรวม 1712 ชั่วโมง,???
110,95,3,เวลาเล่นรวม,master,？？？,เวลาเล่นรวม 1771 ชั่วโมง,ออร์บ x4
111,96,3,เวลาเล่นรวม,master,？？？,เวลาเล่นรวม 1831 ชั่วโมง,???
112,97,3,เวลาเล่นรวม,master,？？？,เวลาเล่นรวม 1892 ชั่วโมง,???
113,98,3,เวลาเล่นรวม,master,？？？,เวลาเล่นรวม 1954 ชั่วโมง,ออร์บ x4
114,99,3,เวลาเล่นรวม,master,？？？,เวลาเล่นรวม 2017 ชั่วโมง,???
115,100,3,เวลาเล่นรวม,master,？？？,เวลาเล่นรวม 2081 ชั่วโมง,???
116,101,3,เวลาเล่นรวม,master,？？？,เวลาเล่นรวม 2146 ชั่วโมง,ออร์บ x4
117,102,3,เวลาเล่นรวม,master,？？？,เวลาเล่นรวม 2212 ชั่วโมง,???
118,103,3,เวลาเล่นรวม,master,？？？,เวลาเล่นรวม 2279 ชั่วโมง,???
119,104,3,เวลาเล่นรวม,master,？？？,เวลาเล่นรวม 2347 ชั่วโมง,ออร์บ x5
120,105,3,เวลาเล่นรวม,master,？？？,เวลาเล่นรวม 2416 ชั่วโมง,???
121,106,3,เวลาเล่นรวม,master,？？？,เวลาเล่นรวม 2486 ชั่วโมง,???
122,107,3,เวลาเล่นรวม,master,？？？,เวลาเล่นรวม 2557 ชั่วโมง,ออร์บ x5
123,108,3,เวลาเล่นรวม,master,？？？,เวลาเล่นรวม 2629 ชั่วโมง,???
124,109,3,เวลาเล่นรวม,master,？？？,เวลาเล่นรวม 2702 ชั่วโมง,???
125,110,3,เวลาเล่นรวม,master,？？？,เวลาเล่นรวม 2776 ชั่วโมง,ออร์บ x5
126,111,3,เวลาเล่นรวม,master,？？？,เวลาเล่นรวม 2851 ชั่วโมง,???
127,112,3,เวลาเล่นรวม,master,？？？,เวลาเล่นรวม 2927 ชั่วโมง,???
128,113,3,เวลาเล่นรวม,master,？？？,เวลาเล่นรวม 3004 ชั่วโมง,ออร์บ x5
129,114,3,เวลาเล่นรวม,master,？？？,เวลาเล่นรวม 3082 ชั่วโมง,???
130,115,3,เวลาเล่นรวม,master,？？？,เวลาเล่นรวม 3161 ชั่วโมง,???
131,116,3,เวลาเล่นรวม,master,？？？,เวลาเล่นรวม 3241 ชั่วโมง,ออร์บ x5
132,117,3,เวลาเล่นรวม,master,？？？,เวลาเล่นรวม 3322 ชั่วโมง,???
133,118,3,เวลาเล่นรวม,master,？？？,เวลาเล่นรวม 3404 ชั่วโมง,???
134,119,3,เวลาเล่นรวม,master,？？？,เวลาเล่นรวม 3487 ชั่วโมง,ออร์บ x6
135,120,3,เวลาเล่นรวม,master,？？？,เวลาเล่นรวม 3571 ชั่วโมง,???
136,121,3,เวลาเล่นรวม,master,？？？,เวลาเล่นรวม 3656 ชั่วโมง,???
137,122,3,เวลาเล่นรวม,master,？？？,เวลาเล่นรวม 3742 ชั่วโมง,ออร์บ x6
138,123,3,เวลาเล่นรวม,master,？？？,เวลาเล่นรวม 3829 ชั่วโมง,???
139,124,3,เวลาเล่นรวม,master,？？？,เวลาเล่นรวม 3917 ชั่วโมง,???
140,125,3,เวลาเล่นรวม,master,？？？,เวลาเล่นรวม 4000 ชั่วโมง,ออร์บ x6
151,126,254,อื่นๆ,master,จัดระเบียบกระเป๋า,กระเป๋าใกล้จะเต็มแล้ว,★จุดเซฟ x 10
161,127,5,การเรียนรู้สกิล,master,สกิลแรก,มาสเตอร์ 1 สกิล,สกิลพ้อยท์ +1
162,128,5,การเรียนรู้สกิล,master,สกิลที่สอง,มาสเตอร์ 2 สกิล,สกิลพ้อยท์ +1
163,129,5,การเรียนรู้สกิล,master,สกิลที่สาม,มาสเตอร์ 3 สกิล,สกิลพ้อยท์ +1
164,130,5,การเรียนรู้สกิล,master,สกิลที่สี่,มาสเตอร์ 4 สกิล,สกิลพ้อยท์ +1
165,131,5,การเรียนรู้สกิล,master,สกิลที่ห้า,มาสเตอร์ 5 สกิล,สกิลพ้อยท์ +1
166,132,5,การเรียนรู้สกิล,master,สกิลที่หก,มาสเตอร์ 6 สกิล,สกิลพ้อยท์ +1
167,133,5,การเรียนรู้สกิล,master,สกิลที่เจ็ด,มาสเตอร์ 7 สกิล,สกิลพ้อยท์ +1
168,134,5,การเรียนรู้สกิล,master,สกิลที่แปด,มาสเตอร์ 8 สกิล,สกิลพ้อยท์ +1
169,135,5,การเรียนรู้สกิล,master,สกิลที่เก้า,มาสเตอร์ 9 สกิล,สกิลพ้อยท์ +1
170,136,5,การเรียนรู้สกิล,master,สกิลที่สิบ,มาสเตอร์ 10 สกิล,สกิลพ้อยท์ +1
171,137,5,การเรียนรู้สกิล,master,สกิลแรก (มาสเตอร์),มาสเตอร์ 11 สกิล,สกิลพ้อยท์ +1
172,138,5,การเรียนรู้สกิล,master,สกิลที่สอง (มาสเตอร์),มาสเตอร์ 12 สกิล,สกิลพ้อยท์ +1
173,139,5,การเรียนรู้สกิล,master,สกิลที่สาม (มาสเตอร์),มาสเตอร์ 13 สกิล,สกิลพ้อยท์ +1
174,140,5,การเรียนรู้สกิล,master,สกิลที่สี่ (มาสเตอร์),มาสเตอร์ 14 สกิล,สกิลพ้อยท์ +1
175,141,5,การเรียนรู้สกิล,master,สกิลที่ห้า (มาสเตอร์),มาสเตอร์ 15 สกิล,สกิลพ้อยท์ +1
176,142,5,การเรียนรู้สกิล,master,สกิลที่หก (มาสเตอร์),มาสเตอร์ 16 สกิล,สกิลพ้อยท์ +1
177,143,5,การเรียนรู้สกิล,master,สกิลที่เจ็ด (มาสเตอร์),มาสเตอร์ 17 สกิล,สกิลพ้อยท์ +1
178,144,5,การเรียนรู้สกิล,master,สกิลที่แปด (มาสเตอร์),มาสเตอร์ 18 สกิล,สกิลพ้อยท์ +1
179,145,5,การเรียนรู้สกิล,master,สกิลที่เก้า (มาสเตอร์),มาสเตอร์ 19 สกิล,สกิลพ้อยท์ +1
180,146,5,การเรียนรู้สกิล,master,สกิลที่สิบ (มาสเตอร์),มาสเตอร์ 20 สกิล,สกิลพ้อยท์ +1
181,147,5,การเรียนรู้สกิล,master,？？？,มาสเตอร์ 21 สกิล,สกิลพ้อยท์ +1
182,148,5,การเรียนรู้สกิล,master,？？？,มาสเตอร์ 22 สกิล,สกิลพ้อยท์ +1
183,149,5,การเรียนรู้สกิล,master,？？？,มาสเตอร์ 23 สกิล,สกิลพ้อยท์ +1
184,150,5,การเรียนรู้สกิล,master,？？？,มาสเตอร์ 24 สกิล,สกิลพ้อยท์ +1
185,151,5,การเรียนรู้สกิล,master,？？？,มาสเตอร์ 25 สกิล,สกิลพ้อยท์ +1
186,152,5,การเรียนรู้สกิล,master,？？？,มาสเตอร์ 26 สกิล,สกิลพ้อยท์ +1
187,153,5,การเรียนรู้สกิล,master,？？？,มาสเตอร์ 27 สกิล,สกิลพ้อยท์ +1
188,154,5,การเรียนรู้สกิล,master,？？？,มาสเตอร์ 28 สกิล,สกิลพ้อยท์ +1
189,155,5,การเรียนรู้สกิล,master,？？？,มาสเตอร์ 29 สกิล,สกิลพ้อยท์ +1
190,156,5,การเรียนรู้สกิล,master,？？？,มาสเตอร์ 30 สกิล,สกิลพ้อยท์ +1
201,157,5,การเรียนรู้สกิล,master,สกิลมาสเตอร์,มาสเตอร์ 1 สกิลทรี,สกิลพ้อยท์ +1
202,158,5,การเรียนรู้สกิล,master,ผู้เชี่ยวชาญด้านทักษะ,มาสเตอร์ 2 สกิลทรีในเวลาเดียวกัน,สกิลพ้อยท์ +1
203,159,5,การเรียนรู้สกิล,master,ขั้นเทพ,มาสเตอร์ 3 สกิลทรีในเวลาเดียวกัน,สกิลพ้อยท์ +1
204,160,5,การเรียนรู้สกิล,master,？？？,มาสเตอร์ 4 สกิลทรีในเวลาเดียวกัน,สกิลพ้อยท์ +1
205,161,5,การเรียนรู้สกิล,master,？？？,มาสเตอร์ 5 สกิลทรีในเวลาเดียวกัน,สกิลพ้อยท์ +1
206,162,5,การเรียนรู้สกิล,master,？？？,มาสเตอร์ 6 สกิลทรีในเวลาเดียวกัน,สกิลพ้อยท์ +1
207,163,5,การเรียนรู้สกิล,master,？？？,มาสเตอร์ 7 สกิลทรีในเวลาเดียวกัน,สกิลพ้อยท์ +1
208,164,5,การเรียนรู้สกิล,master,？？？,มาสเตอร์ 8 สกิลทรีในเวลาเดียวกัน,สกิลพ้อยท์ +1
209,165,5,การเรียนรู้สกิล,master,？？？,มาสเตอร์ 9 สกิลทรีในเวลาเดียวกัน,สกิลพ้อยท์ +1
210,166,5,การเรียนรู้สกิล,master,？？？,มาสเตอร์ 10 สกิลทรีในเวลาเดียวกัน,สกิลพ้อยท์ +1
221,167,7,เลเวลผู้เล่น,master,นักผจญภัยมือใหม่,ถึงเลเวล 5,สเตตัสพ้อยท์ +5
222,168,7,เลเวลผู้เล่น,master,นักผจญภัยอ่อนหัด,ถึงเลเวล 15,สเตตัสพ้อยท์ +5
223,169,7,เลเวลผู้เล่น,master,นักผจญภัยไฟแรง,ถึงเลเวล 25,สเตตัสพ้อยท์ +5
224,170,7,เลเวลผู้เล่น,master,นักผจญภัยเริ่มมีประสบการณ์,ถึงเลเวล 35,สเตตัสพ้อยท์ +5
225,171,7,เลเวลผู้เล่น,master,นักผจญภัยเริ่มเชี่ยวชาญ,ถึงเลเวล 45,สเตตัสพ้อยท์ +5
226,172,7,เลเวลผู้เล่น,master,นักผจญภัยที่ดี,ถึงเลเวล 55,สเตตัสพ้อยท์ +5
227,173,7,เลเวลผู้เล่น,master,นักผจญภัยมีความพยายาม,ถึงเลเวล 65,สเตตัสพ้อยท์ +5
228,174,7,เลเวลผู้เล่น,master,นักผจญภัยกำลังเติบโต,ถึงเลเวล 75,สเตตัสพ้อยท์ +5
229,175,7,เลเวลผู้เล่น,master,นักผจญภัยกำลังพัฒนา,ถึงเลเวล 85,สเตตัสพ้อยท์ +5
230,176,7,เลเวลผู้เล่น,master,นักผจญภัยมีชื่อเสียงในท้องถิ่น,ถึงเลเวล 95,สเตตัสพ้อยท์ +5
231,177,7,เลเวลผู้เล่น,master,นักผจญภัยเต็มตัว,ถึงเลเวล 105,สเตตัสพ้อยท์ +5
232,178,7,เลเวลผู้เล่น,master,นักผจญภัยที่ยังคงเติบโตต่อไป,ถึงเลเวล 115,สเตตัสพ้อยท์ +5
233,179,7,เลเวลผู้เล่น,master,นักผจญภัยที่เก่งกล้าพอตัว,ถึงเลเวล 125,สเตตัสพ้อยท์ +5
234,180,7,เลเวลผู้เล่น,master,นับได้ว่าเป็นนักผจญภัยที่เติบโตแล้ว,ถึงเลเวล 135,สเตตัสพ้อยท์ +5
235,181,7,เลเวลผู้เล่น,master,นักผจญภัยยอดฝีมือ,ถึงเลเวล 145,สเตตัสพ้อยท์ +5
236,182,7,เลเวลผู้เล่น,master,นักผจญภัยที่เริ่มเป็นที่รู้จัก,ถึงเลเวล 155,สเตตัสพ้อยท์ +5
237,183,7,เลเวลผู้เล่น,master,นักผจญภัยที่มีชื่อเสียงทั่วดินแดน,ถึงเลเวล 165,สเตตัสพ้อยท์ +5
238,184,7,เลเวลผู้เล่น,master,นักผจญภัยเติบโตเต็มที่,ถึงเลเวล 175,สเตตัสพ้อยท์ +5
239,185,7,เลเวลผู้เล่น,master,นักผจญภัยที่ค่อนข้างเป็นที่รู้จัก,ถึงเลเวล 185,สเตตัสพ้อยท์ +5
240,186,7,เลเวลผู้เล่น,master,นักผจญภัยเติบโตเต็มที่,ถึงเลเวล 195,สเตตัสพ้อยท์ +5
241,187,7,เลเวลผู้เล่น,master,ซุปเปอร์นักผจญภัย,ถึงเลเวล 205,สเตตัสพ้อยท์ +5
242,188,7,เลเวลผู้เล่น,master,นักผจญภัยเติบโตเต็มที่มาก,ถึงเลเวล 215,สเตตัสพ้อยท์ +5
243,189,7,เลเวลผู้เล่น,master,นักผจญภัยที่โด่งดังพอควร,ถึงเลเวล 225,สเตตัสพ้อยท์ +5
244,190,7,เลเวลผู้เล่น,master,นักผจญภัยมีชื่อเสียงในนานาประเทศ,ถึงเลเวล 235,สเตตัสพ้อยท์ +5
245,191,7,เลเวลผู้เล่น,master,นักผจญภัยเติบโตเต็มที่สุดๆ,ถึงเลเวล 245,สเตตัสพ้อยท์ +5
246,192,7,เลเวลผู้เล่น,master,นักผจญภัยที่ทุกคนใฝ่ฝันถึง,ถึงเลเวล 255,สเตตัสพ้อยท์ +5
247,193,7,เลเวลผู้เล่น,master,นักผจญภัยลือนาม,ถึงเลเวล 265,สเตตัสพ้อยท์ +5
248,194,7,เลเวลผู้เล่น,master,นักผจญภัยสุดยอดฝีมือ,ถึงเลเวล 275,สเตตัสพ้อยท์ +5
249,195,7,เลเวลผู้เล่น,master,นักผจญภัยที่เติบโตอย่างไม่หยุดยั้ง,ถึงเลเวล 285,สเตตัสพ้อยท์ +5
250,196,7,เลเวลผู้เล่น,master,นักผจญภัยที่เป็นที่รู้จักอย่างกว้างขวาง,ถึงเลเวล 295,สเตตัสพ้อยท์ +5
251,197,7,เลเวลผู้เล่น,master,นักผจญภัยไฮเปอร์,ถึงเลเวล 305,สเตตัสพ้อยท์ +5
252,198,7,เลเวลผู้เล่น,master,นักผจญภัยชื่อก้องโลก,ถึงเลเวล 315,สเตตัสพ้อยท์ +5
253,199,7,เลเวลผู้เล่น,master,นักผจญภัยที่เติบโตขึ้นอย่างก้าวกระโดด,ถึงเลเวล 325,สเตตัสพ้อยท์ +5
254,200,7,เลเวลผู้เล่น,master,นักผจญภัยที่มีชื่อเสียงขจรขจายทั่วทุกทิศ,ถึงเลเวล 335,สเตตัสพ้อยท์ +5
255,201,7,เลเวลผู้เล่น,master,นักผจญภัยขวัญใจมหาชน,ถึงเลเวล 345,สเตตัสพ้อยท์ +5
256,202,7,เลเวลผู้เล่น,master,นักผจญภัยที่ยังเติบโตไปได้ไกลกว่านี้,ถึงเลเวล 355,สเตตัสพ้อยท์ +5
257,203,7,เลเวลผู้เล่น,master,นักผจญภัยที่มีชื่อเสียงระดับโลก,ถึงเลเวล 365,สเตตัสพ้อยท์ +5
258,204,7,เลเวลผู้เล่น,master,นักผจญภัยที่เป็นคนดังทั่วทุกทิศ,ถึงเลเวล 375,สเตตัสพ้อยท์ +5
259,205,7,เลเวลผู้เล่น,master,นักผจญภัยผู้มีฝีมือฉกาจ,ถึงเลเวล 385,สเตตัสพ้อยท์ +5
260,206,7,เลเวลผู้เล่น,master,อุลตร้านักผจญภัย,ถึงเลเวล 395,สเตตัสพ้อยท์ +5
261,207,7,เลเวลผู้เล่น,master,？？？,ถึงเลเวล 405,สเตตัสพ้อยท์ +5
262,208,7,เลเวลผู้เล่น,master,？？？,ถึงเลเวล 415,สเตตัสพ้อยท์ +5
263,209,7,เลเวลผู้เล่น,master,？？？,ถึงเลเวล 425,สเตตัสพ้อยท์ +5
264,210,7,เลเวลผู้เล่น,master,？？？,ถึงเลเวล 435,สเตตัสพ้อยท์ +5
265,211,7,เลเวลผู้เล่น,master,？？？,ถึงเลเวล 445,สเตตัสพ้อยท์ +5
266,212,7,เลเวลผู้เล่น,master,？？？,ถึงเลเวล 455,สเตตัสพ้อยท์ +5
267,213,7,เลเวลผู้เล่น,master,？？？,ถึงเลเวล 465,สเตตัสพ้อยท์ +5
268,214,7,เลเวลผู้เล่น,master,？？？,ถึงเลเวล 475,สเตตัสพ้อยท์ +5
269,215,7,เลเวลผู้เล่น,master,นักผจญภัยไร้ขีดจำกัด,ถึงเลเวล 485,สเตตัสพ้อยท์ +5
270,216,7,เลเวลผู้เล่น,master,？？？,ถึงเลเวล 495,สเตตัสพ้อยท์ +5
271,217,7,เลเวลผู้เล่น,master,นักผจญภัยผู้เป็นที่รัก,ถึงเลเวลสูงสุด,สเตตัสพ้อยท์ +5
281,218,8,จำนวนเพื่อน,master,เพื่อนคนแรกในโทรัม!,เพิ่มเพื่อน 1 คน\n*สามารถรับได้หลังจากเคลียร์บทที่ 1 ตอนที่ 5,เศษออร์บ x1
282,219,8,จำนวนเพื่อน,master,เพื่อนคนที่ 2,สร้างเพื่อน 2 คน,เศษออร์บ x1
283,220,8,จำนวนเพื่อน,master,เพื่อนคนที่ 3,สร้างเพื่อน 3 คน,เศษออร์บ x1
284,221,8,จำนวนเพื่อน,master,เพื่อนคนที่ 4,สร้างเพื่อน 4 คน,เศษออร์บ x1
285,222,8,จำนวนเพื่อน,master,เพื่อนคนที่ 5,สร้างเพื่อน 5 คน,เศษออร์บ x1
286,223,8,จำนวนเพื่อน,master,เพื่อนคนที่ 6,สร้างเพื่อน 6 คน,เศษออร์บ x1
287,224,8,จำนวนเพื่อน,master,เพื่อนคนที่ 7,สร้างเพื่อน 7 คน,เศษออร์บ x1
288,225,8,จำนวนเพื่อน,master,เพื่อนคนที่ 8,สร้างเพื่อน 8 คน,เศษออร์บ x1
289,226,8,จำนวนเพื่อน,master,เพื่อนคนที่ 9,สร้างเพื่อน 9 คน,เศษออร์บ x1
290,227,8,จำนวนเพื่อน,master,เพื่อนคนที่ 10,สร้างเพื่อน 10 คน,เศษออร์บ x10
291,228,8,จำนวนเพื่อน,master,เพื่อนคนที่ 11,สร้างเพื่อน 11 คน,เศษออร์บ x2
292,229,8,จำนวนเพื่อน,master,เพื่อนคนที่ 12,สร้างเพื่อน 12 คน,เศษออร์บ x2
293,230,8,จำนวนเพื่อน,master,เพื่อนคนที่ 13,สร้างเพื่อน 13 คน,เศษออร์บ x2
294,231,8,จำนวนเพื่อน,master,เพื่อนคนที่ 14,สร้างเพื่อน 14 คน,เศษออร์บ x2
295,232,8,จำนวนเพื่อน,master,เพื่อนคนที่ 15,สร้างเพื่อน 15 คน,เศษออร์บ x2
296,233,8,จำนวนเพื่อน,master,เพื่อนคนที่ 16,สร้างเพื่อน 16 คน,เศษออร์บ x2
297,234,8,จำนวนเพื่อน,master,เพื่อนคนที่ 17,สร้างเพื่อน 17 คน,เศษออร์บ x2
298,235,8,จำนวนเพื่อน,master,เพื่อนคนที่ 18,สร้างเพื่อน 18 คน,เศษออร์บ x2
299,236,8,จำนวนเพื่อน,master,เพื่อนคนที่ 19,สร้างเพื่อน 19 คน,เศษออร์บ x2
300,237,8,จำนวนเพื่อน,master,เพื่อนคนที่ 20,สร้างเพื่อน 20 คน,เศษออร์บ x20
301,238,8,จำนวนเพื่อน,master,เพื่อนคนที่ 21,สร้างเพื่อน 21 คน,เศษออร์บ x3
302,239,8,จำนวนเพื่อน,master,เพื่อนคนที่ 22,สร้างเพื่อน 22 คน,เศษออร์บ x3
303,240,8,จำนวนเพื่อน,master,เพื่อนคนที่ 23,สร้างเพื่อน 23 คน,เศษออร์บ x3
304,241,8,จำนวนเพื่อน,master,เพื่อนคนที่ 24,สร้างเพื่อน 24 คน,เศษออร์บ x3
305,242,8,จำนวนเพื่อน,master,เพื่อนคนที่ 25,สร้างเพื่อน 25 คน,เศษออร์บ x3
306,243,8,จำนวนเพื่อน,master,เพื่อนคนที่ 26,สร้างเพื่อน 26 คน,เศษออร์บ x3
307,244,8,จำนวนเพื่อน,master,เพื่อนคนที่ 27,สร้างเพื่อน 27 คน,เศษออร์บ x3
308,245,8,จำนวนเพื่อน,master,เพื่อนคนที่ 28,สร้างเพื่อน 28 คน,เศษออร์บ x3
309,246,8,จำนวนเพื่อน,master,เพื่อนคนที่ 29,สร้างเพื่อน 29 คน,เศษออร์บ x3
310,247,8,จำนวนเพื่อน,master,เพื่อนคนที่ 30,สร้างเพื่อน 30 คน,เศษออร์บ x30
311,248,8,จำนวนเพื่อน,master,เพื่อนคนที่ 31,สร้างเพื่อน 31 คน,เศษออร์บ x4
312,249,8,จำนวนเพื่อน,master,เพื่อนคนที่ 32,สร้างเพื่อน 32 คน,เศษออร์บ x4
313,250,8,จำนวนเพื่อน,master,เพื่อนคนที่ 33,สร้างเพื่อน 33 คน,เศษออร์บ x4
314,251,8,จำนวนเพื่อน,master,เพื่อนคนที่ 34,สร้างเพื่อน 34 คน,เศษออร์บ x4
315,252,8,จำนวนเพื่อน,master,เพื่อนคนที่ 35,สร้างเพื่อน 35 คน,เศษออร์บ x4
316,253,8,จำนวนเพื่อน,master,เพื่อนคนที่ 36,สร้างเพื่อน 36 คน,เศษออร์บ x4
317,254,8,จำนวนเพื่อน,master,เพื่อนคนที่ 37,สร้างเพื่อน 37 คน,เศษออร์บ x4
318,255,8,จำนวนเพื่อน,master,เพื่อนคนที่ 38,สร้างเพื่อน 38 คน,เศษออร์บ x4
319,256,8,จำนวนเพื่อน,master,เพื่อนคนที่ 39,สร้างเพื่อน 39 คน,เศษออร์บ x4
320,257,8,จำนวนเพื่อน,master,เพื่อนคนที่ 40,สร้างเพื่อน 40 คน,เศษออร์บ x40
321,258,8,จำนวนเพื่อน,master,เพื่อนคนที่ 41,สร้างเพื่อน 41 คน,เศษออร์บ x5
322,259,8,จำนวนเพื่อน,master,เพื่อนคนที่ 42,สร้างเพื่อน 42 คน,เศษออร์บ x5
323,260,8,จำนวนเพื่อน,master,เพื่อนคนที่ 43,สร้างเพื่อน 43 คน,เศษออร์บ x5
324,261,8,จำนวนเพื่อน,master,เพื่อนคนที่ 44,สร้างเพื่อน 44 คน,เศษออร์บ x5
325,262,8,จำนวนเพื่อน,master,เพื่อนคนที่ 45,สร้างเพื่อน 45 คน,เศษออร์บ x5
326,263,8,จำนวนเพื่อน,master,เพื่อนคนที่ 46,สร้างเพื่อน 46 คน,เศษออร์บ x5
327,264,8,จำนวนเพื่อน,master,เพื่อนคนที่ 47,สร้างเพื่อน 47 คน,เศษออร์บ x5
328,265,8,จำนวนเพื่อน,master,เพื่อนคนที่ 48,สร้างเพื่อน 48 คน,เศษออร์บ x5
329,266,8,จำนวนเพื่อน,master,เพื่อนคนที่ 49,สร้างเพื่อน 49 คน,เศษออร์บ x5
330,267,8,จำนวนเพื่อน,master,เพื่อนคนที่ 50,สร้างเพื่อน 50 คน,เศษออร์บ x50
331,268,8,จำนวนเพื่อน,master,เพื่อนคนที่ 51,สร้างเพื่อน 51 คน,เศษออร์บ x6
332,269,8,จำนวนเพื่อน,master,เพื่อนคนที่ 52,สร้างเพื่อน 52 คน,เศษออร์บ x6
333,270,8,จำนวนเพื่อน,master,เพื่อนคนที่ 53,สร้างเพื่อน 53 คน,เศษออร์บ x6
334,271,8,จำนวนเพื่อน,master,เพื่อนคนที่ 54,สร้างเพื่อน 54 คน,เศษออร์บ x6
335,272,8,จำนวนเพื่อน,master,เพื่อนคนที่ 55,สร้างเพื่อน 55 คน,เศษออร์บ x6
336,273,8,จำนวนเพื่อน,master,เพื่อนคนที่ 56,สร้างเพื่อน 56 คน,เศษออร์บ x6
337,274,8,จำนวนเพื่อน,master,เพื่อนคนที่ 57,สร้างเพื่อน 57 คน,เศษออร์บ x6
338,275,8,จำนวนเพื่อน,master,เพื่อนคนที่ 58,สร้างเพื่อน 58 คน,เศษออร์บ x6
339,276,8,จำนวนเพื่อน,master,เพื่อนคนที่ 59,สร้างเพื่อน 59 คน,เศษออร์บ x6
340,277,8,จำนวนเพื่อน,master,เพื่อนคนที่ 60,สร้างเพื่อน 60 คน,เศษออร์บ x60
341,278,8,จำนวนเพื่อน,master,เพื่อนคนที่ 61,สร้างเพื่อน 61 คน,เศษออร์บ x7
342,279,8,จำนวนเพื่อน,master,เพื่อนคนที่ 62,สร้างเพื่อน 62 คน,เศษออร์บ x7
343,280,8,จำนวนเพื่อน,master,เพื่อนคนที่ 63,สร้างเพื่อน 63 คน,เศษออร์บ x7
344,281,8,จำนวนเพื่อน,master,เพื่อนคนที่ 64,สร้างเพื่อน 64 คน,เศษออร์บ x7
345,282,8,จำนวนเพื่อน,master,เพื่อนคนที่ 65,สร้างเพื่อน 65 คน,เศษออร์บ x7
346,283,8,จำนวนเพื่อน,master,เพื่อนคนที่ 66,สร้างเพื่อน 66 คน,เศษออร์บ x7
347,284,8,จำนวนเพื่อน,master,เพื่อนคนที่ 67,สร้างเพื่อน 67 คน,เศษออร์บ x7
348,285,8,จำนวนเพื่อน,master,เพื่อนคนที่ 68,สร้างเพื่อน 68 คน,เศษออร์บ x7
349,286,8,จำนวนเพื่อน,master,เพื่อนคนที่ 69,สร้างเพื่อน 69 คน,เศษออร์บ x7
350,287,8,จำนวนเพื่อน,master,เพื่อนคนที่ 70,สร้างเพื่อน 70 คน,เศษออร์บ x70
351,288,8,จำนวนเพื่อน,master,เพื่อนคนที่ 71,สร้างเพื่อน 71 คน,เศษออร์บ x8
352,289,8,จำนวนเพื่อน,master,เพื่อนคนที่ 72,สร้างเพื่อน 72 คน,เศษออร์บ x8
353,290,8,จำนวนเพื่อน,master,เพื่อนคนที่ 73,สร้างเพื่อน 73 คน,เศษออร์บ x8
354,291,8,จำนวนเพื่อน,master,เพื่อนคนที่ 74,สร้างเพื่อน 74 คน,เศษออร์บ x8
355,292,8,จำนวนเพื่อน,master,เพื่อนคนที่ 75,สร้างเพื่อน 75 คน,เศษออร์บ x8
356,293,8,จำนวนเพื่อน,master,เพื่อนคนที่ 76,สร้างเพื่อน 76 คน,เศษออร์บ x8
357,294,8,จำนวนเพื่อน,master,เพื่อนคนที่ 77,สร้างเพื่อน 77 คน,เศษออร์บ x8
358,295,8,จำนวนเพื่อน,master,เพื่อนคนที่ 78,สร้างเพื่อน 78 คน,เศษออร์บ x8
359,296,8,จำนวนเพื่อน,master,เพื่อนคนที่ 79,สร้างเพื่อน 79 คน,เศษออร์บ x8
360,297,8,จำนวนเพื่อน,master,เพื่อนคนที่ 80,สร้างเพื่อน 80 คน,เศษออร์บ x80
361,298,8,จำนวนเพื่อน,master,เพื่อนคนที่ 81,สร้างเพื่อน 81 คน,เศษออร์บ x9
362,299,8,จำนวนเพื่อน,master,เพื่อนคนที่ 82,สร้างเพื่อน 82 คน,เศษออร์บ x9
363,300,8,จำนวนเพื่อน,master,เพื่อนคนที่ 83,สร้างเพื่อน 83 คน,เศษออร์บ x9
364,301,8,จำนวนเพื่อน,master,เพื่อนคนที่ 84,สร้างเพื่อน 84 คน,เศษออร์บ x9
365,302,8,จำนวนเพื่อน,master,เพื่อนคนที่ 85,สร้างเพื่อน 85 คน,เศษออร์บ x9
366,303,8,จำนวนเพื่อน,master,เพื่อนคนที่ 86,สร้างเพื่อน 86 คน,เศษออร์บ x9
367,304,8,จำนวนเพื่อน,master,เพื่อนคนที่ 87,สร้างเพื่อน 87 คน,เศษออร์บ x9
368,305,8,จำนวนเพื่อน,master,เพื่อนคนที่ 88,สร้างเพื่อน 88 คน,เศษออร์บ x9
369,306,8,จำนวนเพื่อน,master,เพื่อนคนที่ 89,สร้างเพื่อน 89 คน,เศษออร์บ x9
370,307,8,จำนวนเพื่อน,master,เพื่อนคนที่ 90,สร้างเพื่อน 90 คน,เศษออร์บ x90
371,308,8,จำนวนเพื่อน,master,เพื่อนคนที่ 91,สร้างเพื่อน 91 คน,เศษออร์บ x10
372,309,8,จำนวนเพื่อน,master,เพื่อนคนที่ 92,สร้างเพื่อน 92 คน,เศษออร์บ x10
373,310,8,จำนวนเพื่อน,master,เพื่อนคนที่ 93,สร้างเพื่อน 93 คน,เศษออร์บ x10
374,311,8,จำนวนเพื่อน,master,เพื่อนคนที่ 94,สร้างเพื่อน 94 คน,เศษออร์บ x10
375,312,8,จำนวนเพื่อน,master,เพื่อนคนที่ 95,สร้างเพื่อน 95 คน,เศษออร์บ x10
376,313,8,จำนวนเพื่อน,master,เพื่อนคนที่ 96,สร้างเพื่อน 96 คน,เศษออร์บ x10
377,314,8,จำนวนเพื่อน,master,เพื่อนคนที่ 97,สร้างเพื่อน 97 คน,เศษออร์บ x10
378,315,8,จำนวนเพื่อน,master,เพื่อนคนที่ 98,สร้างเพื่อน 98 คน,เศษออร์บ x10
379,316,8,จำนวนเพื่อน,master,เพื่อนคนที่ 99,สร้างเพื่อน 99 คน,เศษออร์บ x10
380,317,8,จำนวนเพื่อน,master,เพื่อนคนที่ 100,สร้างเพื่อน 100 คน,เศษออร์บ x100
391,318,9,ไอเท็มหายาก,master,ไอเท็มหายากชิ้นแรก,ได้รับไอเท็มหายาก 10 ชิ้น,???
392,319,9,ไอเท็มหายาก,master,？？？,ได้รับไอเท็มหายาก 20 ชิ้น,???
393,320,9,ไอเท็มหายาก,master,？？？,ได้รับไอเท็มหายาก 30 ชิ้น,???
394,321,9,ไอเท็มหายาก,master,？？？,ได้รับไอเท็มหายาก 40 ชิ้น,???
395,322,9,ไอเท็มหายาก,master,？？？,ได้รับไอเท็มหายาก 50 ชิ้น,???
396,323,9,ไอเท็มหายาก,master,？？？,ได้รับไอเท็มหายาก 60 ชิ้น,???
397,324,9,ไอเท็มหายาก,master,？？？,ได้รับไอเท็มหายาก 70 ชิ้น,???
398,325,9,ไอเท็มหายาก,master,？？？,ได้รับไอเท็มหายาก 80 ชิ้น,???
399,326,9,ไอเท็มหายาก,master,？？？,ได้รับไอเท็มหายาก 90 ชิ้น,???
400,327,9,ไอเท็มหายาก,master,？？？,ได้รับไอเท็มหายาก 100 ชิ้น,???
401,328,9,ไอเท็มหายาก,master,？？？,ได้รับไอเท็มหายาก 110 ชิ้น,???
402,329,9,ไอเท็มหายาก,master,？？？,ได้รับไอเท็มหายาก 120 ชิ้น,???
403,330,9,ไอเท็มหายาก,master,？？？,ได้รับไอเท็มหายาก 130 ชิ้น,???
404,331,9,ไอเท็มหายาก,master,？？？,ได้รับไอเท็มหายาก 140 ชิ้น,???
405,332,9,ไอเท็มหายาก,master,？？？,ได้รับไอเท็มหายาก 150 ชิ้น,???
406,333,9,ไอเท็มหายาก,master,？？？,ได้รับไอเท็มหายาก 160 ชิ้น,???
407,334,9,ไอเท็มหายาก,master,？？？,ได้รับไอเท็มหายาก 170 ชิ้น,???
408,335,9,ไอเท็มหายาก,master,？？？,ได้รับไอเท็มหายาก 180 ชิ้น,???
409,336,9,ไอเท็มหายาก,master,？？？,ได้รับไอเท็มหายาก 190 ชิ้น,???
410,337,9,ไอเท็มหายาก,master,？？？,ได้รับไอเท็มหายาก 200 ชิ้น,???
411,338,9,ไอเท็มหายาก,master,？？？,ได้รับไอเท็มหายาก 210 ชิ้น,???
412,339,9,ไอเท็มหายาก,master,？？？,ได้รับไอเท็มหายาก 220 ชิ้น,???
413,340,9,ไอเท็มหายาก,master,？？？,ได้รับไอเท็มหายาก 230 ชิ้น,???
414,341,9,ไอเท็มหายาก,master,？？？,ได้รับไอเท็มหายาก 240 ชิ้น,???
415,342,9,ไอเท็มหายาก,master,？？？,ได้รับไอเท็มหายาก 250 ชิ้น,???
416,343,9,ไอเท็มหายาก,master,？？？,ได้รับไอเท็มหายาก 260 ชิ้น,???
417,344,9,ไอเท็มหายาก,master,？？？,ได้รับไอเท็มหายาก 270 ชิ้น,???
418,345,9,ไอเท็มหายาก,master,？？？,ได้รับไอเท็มหายาก 280 ชิ้น,???
419,346,9,ไอเท็มหายาก,master,？？？,ได้รับไอเท็มหายาก 290 ชิ้น,???
420,347,9,ไอเท็มหายาก,master,？？？,ได้รับไอเท็มหายาก 300 ชิ้น,???
421,348,9,ไอเท็มหายาก,master,？？？,ได้รับไอเท็มหายาก 310 ชิ้น,???
422,349,9,ไอเท็มหายาก,master,？？？,ได้รับไอเท็มหายาก 320 ชิ้น,???
423,350,9,ไอเท็มหายาก,master,？？？,ได้รับไอเท็มหายาก 330 ชิ้น,???
424,351,9,ไอเท็มหายาก,master,？？？,ได้รับไอเท็มหายาก 340 ชิ้น,???
425,352,9,ไอเท็มหายาก,master,？？？,ได้รับไอเท็มหายาก 350 ชิ้น,???
426,353,9,ไอเท็มหายาก,master,？？？,ได้รับไอเท็มหายาก 360 ชิ้น,???
427,354,9,ไอเท็มหายาก,master,？？？,ได้รับไอเท็มหายาก 370 ชิ้น,???
428,355,9,ไอเท็มหายาก,master,？？？,ได้รับไอเท็มหายาก 380 ชิ้น,???
429,356,9,ไอเท็มหายาก,master,？？？,ได้รับไอเท็มหายาก 390 ชิ้น,???
430,357,9,ไอเท็มหายาก,master,？？？,ได้รับไอเท็มหายาก 400 ชิ้น,???
431,358,9,ไอเท็มหายาก,master,？？？,ได้รับไอเท็มหายาก 410 ชิ้น,???
432,359,9,ไอเท็มหายาก,master,？？？,ได้รับไอเท็มหายาก 420 ชิ้น,???
433,360,9,ไอเท็มหายาก,master,？？？,ได้รับไอเท็มหายาก 430 ชิ้น,???
434,361,9,ไอเท็มหายาก,master,？？？,ได้รับไอเท็มหายาก 440 ชิ้น,???
435,362,9,ไอเท็มหายาก,master,？？？,ได้รับไอเท็มหายาก 450 ชิ้น,???
436,363,9,ไอเท็มหายาก,master,？？？,ได้รับไอเท็มหายาก 460 ชิ้น,???
437,364,9,ไอเท็มหายาก,master,？？？,ได้รับไอเท็มหายาก 470 ชิ้น,???
438,365,9,ไอเท็มหายาก,master,？？？,ได้รับไอเท็มหายาก 480 ชิ้น,???
439,366,9,ไอเท็มหายาก,master,？？？,ได้รับไอเท็มหายาก 490 ชิ้น,???
440,367,9,ไอเท็มหายาก,master,？？？,ได้รับไอเท็มหายาก 500 ชิ้น,???
441,368,9,ไอเท็มหายาก,master,？？？,ได้รับไอเท็มหายาก 510 ชิ้น,???
442,369,9,ไอเท็มหายาก,master,？？？,ได้รับไอเท็มหายาก 520 ชิ้น,???
443,370,9,ไอเท็มหายาก,master,？？？,ได้รับไอเท็มหายาก 530 ชิ้น,???
444,371,9,ไอเท็มหายาก,master,？？？,ได้รับไอเท็มหายาก 540 ชิ้น,???
445,372,9,ไอเท็มหายาก,master,？？？,ได้รับไอเท็มหายาก 550 ชิ้น,???
446,373,9,ไอเท็มหายาก,master,？？？,ได้รับไอเท็มหายาก 560 ชิ้น,???
447,374,9,ไอเท็มหายาก,master,？？？,ได้รับไอเท็มหายาก 570 ชิ้น,???
448,375,9,ไอเท็มหายาก,master,？？？,ได้รับไอเท็มหายาก 580 ชิ้น,???
449,376,9,ไอเท็มหายาก,master,？？？,ได้รับไอเท็มหายาก 590 ชิ้น,???
450,377,9,ไอเท็มหายาก,master,？？？,ได้รับไอเท็มหายาก 600 ชิ้น,???
451,378,9,ไอเท็มหายาก,master,？？？,ได้รับไอเท็มหายาก 610 ชิ้น,???
452,379,9,ไอเท็มหายาก,master,？？？,ได้รับไอเท็มหายาก 620 ชิ้น,???
453,380,9,ไอเท็มหายาก,master,？？？,ได้รับไอเท็มหายาก 630 ชิ้น,???
454,381,9,ไอเท็มหายาก,master,？？？,ได้รับไอเท็มหายาก 640 ชิ้น,???
455,382,9,ไอเท็มหายาก,master,？？？,ได้รับไอเท็มหายาก 650 ชิ้น,???
456,383,9,ไอเท็มหายาก,master,？？？,ได้รับไอเท็มหายาก 660 ชิ้น,???
457,384,9,ไอเท็มหายาก,master,？？？,ได้รับไอเท็มหายาก 670 ชิ้น,???
458,385,9,ไอเท็มหายาก,master,？？？,ได้รับไอเท็มหายาก 680 ชิ้น,???
459,386,9,ไอเท็มหายาก,master,？？？,ได้รับไอเท็มหายาก 690 ชิ้น,???
460,387,9,ไอเท็มหายาก,master,？？？,ได้รับไอเท็มหายาก 700 ชิ้น,???
461,388,9,ไอเท็มหายาก,master,？？？,ได้รับไอเท็มหายาก 710 ชิ้น,???
462,389,9,ไอเท็มหายาก,master,？？？,ได้รับไอเท็มหายาก 720 ชิ้น,???
463,390,9,ไอเท็มหายาก,master,？？？,ได้รับไอเท็มหายาก 730 ชิ้น,???
464,391,9,ไอเท็มหายาก,master,？？？,ได้รับไอเท็มหายาก 740 ชิ้น,???
465,392,9,ไอเท็มหายาก,master,？？？,ได้รับไอเท็มหายาก 750 ชิ้น,???
466,393,9,ไอเท็มหายาก,master,？？？,ได้รับไอเท็มหายาก 760 ชิ้น,???
467,394,9,ไอเท็มหายาก,master,？？？,ได้รับไอเท็มหายาก 770 ชิ้น,???
468,395,9,ไอเท็มหายาก,master,？？？,ได้รับไอเท็มหายาก 780 ชิ้น,???
469,396,9,ไอเท็มหายาก,master,？？？,ได้รับไอเท็มหายาก 790 ชิ้น,???
470,397,9,ไอเท็มหายาก,master,？？？,ได้รับไอเท็มหายาก 800 ชิ้น,???
471,398,9,ไอเท็มหายาก,master,？？？,ได้รับไอเท็มหายาก 810 ชิ้น,???
472,399,9,ไอเท็มหายาก,master,？？？,ได้รับไอเท็มหายาก 820 ชิ้น,???
473,400,9,ไอเท็มหายาก,master,？？？,ได้รับไอเท็มหายาก 830 ชิ้น,???
474,401,9,ไอเท็มหายาก,master,？？？,ได้รับไอเท็มหายาก 840 ชิ้น,???
475,402,9,ไอเท็มหายาก,master,？？？,ได้รับไอเท็มหายาก 850 ชิ้น,???
476,403,9,ไอเท็มหายาก,master,？？？,ได้รับไอเท็มหายาก 860 ชิ้น,???
477,404,9,ไอเท็มหายาก,master,？？？,ได้รับไอเท็มหายาก 870 ชิ้น,???
478,405,9,ไอเท็มหายาก,master,？？？,ได้รับไอเท็มหายาก 880 ชิ้น,???
479,406,9,ไอเท็มหายาก,master,？？？,ได้รับไอเท็มหายาก 890 ชิ้น,???
480,407,9,ไอเท็มหายาก,master,？？？,ได้รับไอเท็มหายาก 900 ชิ้น,???
481,408,9,ไอเท็มหายาก,master,？？？,ได้รับไอเท็มหายาก 910 ชิ้น,???
482,409,9,ไอเท็มหายาก,master,？？？,ได้รับไอเท็มหายาก 920 ชิ้น,???
483,410,9,ไอเท็มหายาก,master,？？？,ได้รับไอเท็มหายาก 930 ชิ้น,???
484,411,9,ไอเท็มหายาก,master,？？？,ได้รับไอเท็มหายาก 940 ชิ้น,???
485,412,9,ไอเท็มหายาก,master,？？？,ได้รับไอเท็มหายาก 950 ชิ้น,???
486,413,9,ไอเท็มหายาก,master,？？？,ได้รับไอเท็มหายาก 960 ชิ้น,???
487,414,9,ไอเท็มหายาก,master,？？？,ได้รับไอเท็มหายาก 970 ชิ้น,???
488,415,9,ไอเท็มหายาก,master,？？？,ได้รับไอเท็มหายาก 980 ชิ้น,???
489,416,9,ไอเท็มหายาก,master,？？？,ได้รับไอเท็มหายาก 990 ชิ้น,???
490,417,9,ไอเท็มหายาก,master,？？？,ได้รับไอเท็มหายาก 1000 ชิ้น,???
501,418,7,เลเวลผู้เล่น,master,บันทึกการผจญภัย,ถึงเลเวล 30,ได้รับ EXP+10% \nถ้าเลเวลต่ำกว่า 30
502,419,7,เลเวลผู้เล่น,master,บันทึกการผจญภัยเล่ม 2,ถึงเลเวล 60,ได้รับ EXP+11% \nถ้าเลเวลต่ำกว่า 60
503,420,7,เลเวลผู้เล่น,master,บันทึกการผจญภัยเล่ม 3,ถึงเลเวล 90,ได้รับ EXP+12% \nถ้าเลเวลต่ำกว่า 90
504,421,7,เลเวลผู้เล่น,master,บันทึกการผจญภัยเล่ม 4,ถึงเลเวล 120,ได้รับ EXP+13% \nถ้าเลเวลต่ำกว่า 120
505,422,7,เลเวลผู้เล่น,master,บันทึกการผจญภัยเล่ม 5,ถึงเลเวล 150,ได้รับ EXP+14% \nถ้าเลเวลต่ำกว่า 150
506,423,7,เลเวลผู้เล่น,master,บันทึกการผจญภัยเล่ม 6,ถึงเลเวล 180,ได้รับ EXP+15% \nถ้าเลเวลต่ำกว่า 180
507,424,7,เลเวลผู้เล่น,master,บันทึกการผจญภัยเล่ม 7,ถึงเลเวล 210,ได้รับ EXP+16% \nถ้าเลเวลต่ำกว่า 210
508,425,7,เลเวลผู้เล่น,master,บันทึกการผจญภัยเล่ม 8,ถึงเลเวล 240,ได้รับ EXP+17% \nถ้าเลเวลต่ำกว่า 240
509,426,7,เลเวลผู้เล่น,master,บันทึกการผจญภัยเล่ม 9,ถึงเลเวล 270,ได้รับ EXP+18% \nถ้าเลเวลต่ำกว่า 270
510,427,7,เลเวลผู้เล่น,master,บันทึกการผจญภัยเล่ม 10,ถึงเลเวล 300,ได้รับ EXP+19% \nถ้าเลเวลต่ำกว่า 300
511,428,7,เลเวลผู้เล่น,master,บันทึกการผจญภัยเล่ม 11,ถึงเลเวล 330,ได้รับ EXP+20% \nถ้าเลเวลต่ำกว่า 330
512,429,7,เลเวลผู้เล่น,master,บันทึกการผจญภัยเล่ม 12,ถึงเลเวล 360,ได้รับ EXP+21% \nถ้าเลเวลต่ำกว่า 360
513,430,7,เลเวลผู้เล่น,master,บันทึกการผจญภัยเล่ม 13,ถึงเลเวล 390,ได้รับ EXP+22% \nถ้าเลเวลต่ำกว่า 390
514,431,7,เลเวลผู้เล่น,master,บันทึกการผจญภัยเล่ม 14,ถึงเลเวล 420,ได้รับ EXP+23% \nถ้าเลเวลต่ำกว่า 420
515,432,7,เลเวลผู้เล่น,master,บันทึกการผจญภัยเล่ม 15,ถึงเลเวล 450,ได้รับ EXP+24% \nถ้าเลเวลต่ำกว่า 450
516,433,7,เลเวลผู้เล่น,master,บันทึกการผจญภัยเล่ม 16,ถึงเลเวล 480,ได้รับ EXP+25% \nถ้าเลเวลต่ำกว่า 480
521,434,13,ผลลัพธ์,master,ปล่อยเป็นหน้าที่ฉันเอง!,ได้ที่ 1 ของการเป็นผู้โจมตี 1 ครั้ง,อัญมณีธรรมดา x10
522,435,13,ผลลัพธ์,master,ผู้โจมตีมือใหม่,ได้ที่ 1 ของการเป็นผู้โจมตี 10 ครั้ง,สกิลพ้อยท์ +1
523,436,13,ผลลัพธ์,master,ผู้โจมตีที่ดี,ได้ที่ 1 ของการเป็นผู้โจมตี 100 ครั้ง,สเตตัสพ้อยท์ +5
524,437,13,ผลลัพธ์,master,ผู้โจมตีระดับกลาง,"ได้ที่ 1 ของการเป็นผู้โจมตี 1,000 ครั้ง",สกิลพ้อยท์ +1
525,438,13,ผลลัพธ์,master,ผู้โจมตีระดับยอดเยี่ยม,"ได้ที่ 1 ของการเป็นผู้โจมตี 10,000 ครั้ง",สกิลพ้อยท์ +1
526,439,13,ผลลัพธ์,master,ผู้โจมตีระดับสูง,"ได้ที่ 1 ของการเป็นผู้โจมตี 100,000 ครั้ง",สกิลพ้อยท์ +1
527,440,13,ผลลัพธ์,master,ผู้โจมตีขั้นสูง,"ได้ที่ 1 ของการเป็นผู้โจมตี 200,000 ครั้ง",สกิลพ้อยท์ +1
528,441,13,ผลลัพธ์,master,คนชี้แนะผู้โจมตี,"ได้ที่ 1 ของการเป็นผู้โจมตี 300,000 ครั้ง",สกิลพ้อยท์ +1
529,442,13,ผลลัพธ์,master,อุลตร้าผู้โจมตี,"ได้ที่ 1 ของการเป็นผู้โจมตี 400,000 ครั้ง",สกิลพ้อยท์ +1
530,443,13,ผลลัพธ์,master,？？？,"ได้ที่ 1 ของการเป็นผู้โจมตี 500,000 ครั้ง",สกิลพ้อยท์ +1
541,444,13,ผลลัพธ์,master,ผู้ป้องกัน!,ได้ที่ 1 ของการเป็นผู้ปกป้อง 1 ครั้ง,อัญมณีธรรมดา x10
542,445,13,ผลลัพธ์,master,ผู้ป้องกันมือใหม่,ได้ที่ 1 ของการเป็นผู้ปกป้อง 10 ครั้ง,สกิลพ้อยท์ +1
543,446,13,ผลลัพธ์,master,ผู้ป้องกันที่ดี,ได้ที่ 1 ของการเป็นผู้ปกป้อง 100 ครั้ง,สเตตัสพ้อยท์ +5
544,447,13,ผลลัพธ์,master,ผู้ป้องกันระดับกลาง,"ได้ที่ 1 ของการเป็นผู้ปกป้อง 1,000 ครั้ง",สกิลพ้อยท์ +1
545,448,13,ผลลัพธ์,master,ผู้ป้องกันระดับยอดเยี่ยม,"ได้ที่ 1 ของการเป็นผู้ปกป้อง 10,000 ครั้ง",สกิลพ้อยท์ +1
546,449,13,ผลลัพธ์,master,ผู้ป้องกันระดับสูง,"ได้ที่ 1 ของการเป็นผู้ปกป้อง 100,000 ครั้ง",สกิลพ้อยท์ +1
547,450,13,ผลลัพธ์,master,ผู้ป้องกันขั้นสูง,"ได้ที่ 1 ของการเป็นผู้ปกป้อง 200,000 ครั้ง",สกิลพ้อยท์ +1
548,451,13,ผลลัพธ์,master,คนชี้แนะผู้ป้องกัน,"ได้ที่ 1 ของการเป็นผู้ปกป้อง 300,000 ครั้ง",สกิลพ้อยท์ +1
549,452,13,ผลลัพธ์,master,อุลตร้าผู้ป้องกัน,"ได้ที่ 1 ของการเป็นผู้ปกป้อง 400,000 ครั้ง",สกิลพ้อยท์ +1
550,453,13,ผลลัพธ์,master,？？？,"ได้ที่ 1 ของการเป็นผู้ปกป้อง 500,000 ครั้ง",สกิลพ้อยท์ +1
561,454,13,ผลลัพธ์,master,ช่วยเหลือทุกคน!,ได้ที่ 1 ของการเป็นผู้สนับสนุน 1 ครั้ง,อัญมณีธรรมดา x10
562,455,13,ผลลัพธ์,master,ผู้สนับสนุนมือใหม่,ได้ที่ 1 ของการเป็นผู้สนับสนุน 10 ครั้ง,สกิลพ้อยท์ +1
563,456,13,ผลลัพธ์,master,ผู้สนับสนุนที่ดี,ได้ที่ 1 ของการเป็นผู้สนับสนุน 100 ครั้ง,สเตตัสพ้อยท์ +5
564,457,13,ผลลัพธ์,master,ผู้สนับสนุนระดับกลาง,"ได้ที่ 1 ของการเป็นผู้สนับสนุน 1,000 ครั้ง",สกิลพ้อยท์ +1
565,458,13,ผลลัพธ์,master,ผู้สนับสนุนระดับยอดเยี่ยม,"ได้ที่ 1 ของการเป็นผู้สนับสนุน 10,000 ครั้ง",สกิลพ้อยท์ +1
566,459,13,ผลลัพธ์,master,ผู้สนับสนุนระดับสูง,"ได้ที่ 1 ของการเป็นผู้สนับสนุน 100,000 ครั้ง",สกิลพ้อยท์ +1
567,460,13,ผลลัพธ์,master,ผู้สนับสนุนขั้นสูง,"ได้ที่ 1 ของการเป็นผู้สนับสนุน 200,000 ครั้ง",สกิลพ้อยท์ +1
568,461,13,ผลลัพธ์,master,คนชี้แนะผู้สนับสนุน,"ได้ที่ 1 ของการเป็นผู้สนับสนุน 300,000 ครั้ง",สกิลพ้อยท์ +1
569,462,13,ผลลัพธ์,master,อุลตร้าผู้สนับสนุน,"ได้ที่ 1 ของการเป็นผู้สนับสนุน 400,000 ครั้ง",สกิลพ้อยท์ +1
570,463,13,ผลลัพธ์,master,？？？,"ได้ที่ 1 ของการเป็นผู้สนับสนุน 500,000 ครั้ง",สกิลพ้อยท์ +1
581,464,13,ผลลัพธ์,master,ทำลายการป้องกัน!,ได้ที่ 1 ของการเป็นแอสซิสเตอร์ 1 ครั้ง,อัญมณีธรรมดา x10
582,465,13,ผลลัพธ์,master,แอสซิสเตอร์มือใหม่,ได้ที่ 1 ของการเป็นแอสซิสเตอร์ 10 ครั้ง,สกิลพ้อยท์ +1
583,466,13,ผลลัพธ์,master,แอสซิสเตอร์ดี,ได้ที่ 1 ของการเป็นแอสซิสเตอร์ 100 ครั้ง,สเตตัสพ้อยท์ +5
584,467,13,ผลลัพธ์,master,แอสซิสเตอร์ระดับกลาง,"ได้ที่ 1 ของการเป็นแอสซิสเตอร์ 1,000 ครั้ง",สกิลพ้อยท์ +1
585,468,13,ผลลัพธ์,master,แอสซิสเตอร์ระดับยอดเยี่ยม,"ได้ที่ 1 ของการเป็นแอสซิสเตอร์ 10,000 ครั้ง",สกิลพ้อยท์ +1
586,469,13,ผลลัพธ์,master,แอสซิสเตอร์ระดับสูง,"ได้ที่ 1 ของการเป็นแอสซิสเตอร์ 100,000 ครั้ง",สกิลพ้อยท์ +1
587,470,13,ผลลัพธ์,master,แอสซิสเตอร์ขั้นสูง,"ได้ที่ 1 ของการเป็นแอสซิสเตอร์ 200,000 ครั้ง",สกิลพ้อยท์ +1
588,471,13,ผลลัพธ์,master,คนชี้แนะแอสซิสเตอร์,"ได้ที่ 1 ของการเป็นแอสซิสเตอร์ 300,000 ครั้ง",สกิลพ้อยท์ +1
589,472,13,ผลลัพธ์,master,อุลตร้าแอสซิสเตอร์,"ได้ที่ 1 ของการเป็นแอสซิสเตอร์ 400,000 ครั้ง",สกิลพ้อยท์ +1
590,473,13,ผลลัพธ์,master,？？？,"ได้ที่ 1 ของการเป็นแอสซิสเตอร์ 500,000 ครั้ง",สกิลพ้อยท์ +1
601,474,254,อื่นๆ,master,ช่วยคนครั้งแรก,ให้การปฐมพยาบาล 1 ครั้ง,รีเจล (ของขวัญ) x10
602,475,254,อื่นๆ,master,นี่ไม่ใช่เวลามานอนนะ!,ให้การปฐมพยาบาล 10 ครั้ง,HP+100
603,476,254,อื่นๆ,master,นักปฐมพยาบาลที่ดี,ให้การปฐมพยาบาล 100 ครั้ง,สกิลพ้อยท์ +1
604,477,254,อื่นๆ,master,ตั้งใจหน่อย!,ให้การปฐมพยาบาล 200 ครั้ง,รีเจล I x30
605,478,254,อื่นๆ,master,ช่วยให้ได้มากขึ้นอีกสักคน,ให้การปฐมพยาบาล 300 ครั้ง,HP+200
606,479,254,อื่นๆ,master,พลังของคุณเป็นสิ่งจำเป็น,ให้การปฐมพยาบาล 400 ครั้ง,สกิลพ้อยท์ +1
607,480,254,อื่นๆ,master,เจ้าหน้าที่กู้ภัย,ให้การปฐมพยาบาล 500 ครั้ง,รีเจล II x30
608,481,254,อื่นๆ,master,จะไปล่ะนะ!,ให้การปฐมพยาบาล 600 ครั้ง,HP+300
609,482,254,อื่นๆ,master,โปรการปฐมพยาบาล,ให้การปฐมพยาบาล 700 ครั้ง,สกิลพ้อยท์ +1
610,483,254,อื่นๆ,master,จะนอนไปถึงเมื่อไหร่กันห๊ะ!,ให้การปฐมพยาบาล 800 ครั้ง,รีเจล III x30
611,484,254,อื่นๆ,master,ไม่ทอดทิ้งแน่นอน!,ให้การปฐมพยาบาล 900 ครั้ง,HP+400
612,485,254,อื่นๆ,master,ทูตสวรรค์ในสนามรบ,"ให้การปฐมพยาบาล 1,000 ครั้ง",สกิลพ้อยท์ +1
613,486,254,อื่นๆ,master,？？？,"ให้การปฐมพยาบาล 2,000 ครั้ง",รีเจล IV x30
614,487,254,อื่นๆ,master,？？？,"ให้การปฐมพยาบาล 3,000 ครั้ง",???
615,488,254,อื่นๆ,master,？？？,"ให้การปฐมพยาบาล 4,000 ครั้ง",สกิลพ้อยท์ +1
616,489,254,อื่นๆ,master,？？？,"ให้การปฐมพยาบาล 5,000 ครั้ง",รีเจล V x30
617,490,254,อื่นๆ,master,？？？,"ให้การปฐมพยาบาล 6,000 ครั้ง",???
618,491,254,อื่นๆ,master,？？？,"ให้การปฐมพยาบาล 7,000 ครั้ง",สกิลพ้อยท์ +1
619,492,254,อื่นๆ,master,？？？,"ให้การปฐมพยาบาล 8,000 ครั้ง",รีเจล VI x30
620,493,254,อื่นๆ,master,？？？,"ให้การปฐมพยาบาล 9,000 ครั้ง",???
621,494,254,อื่นๆ,master,？？？,"ให้การปฐมพยาบาล 10,000 ครั้ง",สกิลพ้อยท์ +1
631,495,254,อื่นๆ,master,แพ้ซะแล้ว...,สู้ต่อไม่ได้ (HP 0) 1 ครั้ง,พลัสไวต้า (ของขวัญ) x10
632,496,254,อื่นๆ,master,คุณต้องทำได้,สู้ต่อไม่ได้ (HP 0) 10 ครั้ง,ฮาจิงาเนะเก่า
633,497,254,อื่นๆ,master,การไม่ท้อถอยเป็นสิ่งสำคัญ,สู้ต่อไม่ได้ (HP 0) 100 ครั้ง,สกิลพ้อยท์ +1
634,498,254,อื่นๆ,master,นี่ไม่ใช่เวลามานอนนะ,สู้ต่อไม่ได้ (HP 0) 200 ครั้ง,พลัสไวต้า I x10
635,499,254,อื่นๆ,master,ลืมตาตื่นในเมืองที่คุ้นเคย,สู้ต่อไม่ได้ (HP 0) 300 ครั้ง,รีไวต้า I x99
636,500,254,อื่นๆ,master,ไม่ว่ากี่ครั้งก็ตาม...,สู้ต่อไม่ได้ (HP 0) 400 ครั้ง,สกิลพ้อยท์ +1
637,501,254,อื่นๆ,master,ไม่ใช่เฟ้ย! แค่แกล้งตายเฉยๆ!,สู้ต่อไม่ได้ (HP 0) 500 ครั้ง,พลัสไวต้า II x10
638,502,254,อื่นๆ,master,มาทางด้านหลัง,สู้ต่อไม่ได้ (HP 0) 600 ครั้ง,รีไวต้า II x99
639,503,254,อื่นๆ,master,ความผิดพลาดเป็นบ่อเกิดแห่งความสำเร็จ,สู้ต่อไม่ได้ (HP 0) 700 ครั้ง,สกิลพ้อยท์ +1
640,504,254,อื่นๆ,master,ถนัดโจมตีรัวๆ,สู้ต่อไม่ได้ (HP 0) 800 ครั้ง,พลัสไวต้า III x10
641,505,254,อื่นๆ,master,ขอโทษที่ต้องไปก่อน!,สู้ต่อไม่ได้ (HP 0) 900 ครั้ง,รีไวต้า II x99
642,506,254,อื่นๆ,master,ขอแค่ชนะเป็นคนสุดท้าย,"สู้ต่อไม่ได้ (HP 0) 1,000 ครั้ง",สกิลพ้อยท์ +1
643,507,254,อื่นๆ,master,？？？,"สู้ต่อไม่ได้ (HP 0) 2,000 ครั้ง",พลัสไวต้า IV x10
644,508,254,อื่นๆ,master,？？？,"สู้ต่อไม่ได้ (HP 0) 3,000 ครั้ง",รีไวต้า IV x99
645,509,254,อื่นๆ,master,？？？,"สู้ต่อไม่ได้ (HP 0) 4,000 ครั้ง",สกิลพ้อยท์ +1
646,510,254,อื่นๆ,master,？？？,"สู้ต่อไม่ได้ (HP 0) 5,000 ครั้ง",พลัสไวต้า V x10
647,511,254,อื่นๆ,master,？？？,"สู้ต่อไม่ได้ (HP 0) 6,000 ครั้ง",???
648,512,254,อื่นๆ,master,？？？,"สู้ต่อไม่ได้ (HP 0) 7,000 ครั้ง",สกิลพ้อยท์ +1
649,513,254,อื่นๆ,master,？？？,"สู้ต่อไม่ได้ (HP 0) 8,000 ครั้ง",พลัสไวต้า VI x10
650,514,254,อื่นๆ,master,？？？,"สู้ต่อไม่ได้ (HP 0) 9,000 ครั้ง",???
651,515,254,อื่นๆ,master,？？？,"สู้ต่อไม่ได้ (HP 0) 10,000 ครั้ง",สกิลพ้อยท์ +1
661,516,19,ระยะทางผจญภัย,master,นักเดินทางมือใหม่,"ผจญภัยครบ 1,000 เมตร",★จุดเซฟ x10
662,517,19,ระยะทางผจญภัย,master,การผจญภัยเพิ่งเริ่มต้น,"ผจญภัยครบ 2,000 เมตร",เข็มขัดนักเดินทาง\n(อุปกรณ์สวมใส่)
663,518,19,ระยะทางผจญภัย,master,มาได้ไกลอีกหน่อย,"ผจญภัยครบ 3,000 เมตร",อัญมณีนักเดินทาง x10
664,519,19,ระยะทางผจญภัย,master,ก้าวต่อไปทีละก้าว,"ได้รับเหรียญตรา ""ถ้า HP หมดลองใช้ดู""!\nผจญภัยครบ 4,000 เมตร",ตั๋วอาวาตาร์ x1
665,520,19,ระยะทางผจญภัย,master,เดินสู่ขอบฟ้า,"ผจญภัยครบ 5,000 เมตร",กระเป๋านักสำรวจ\n(อุปกรณ์สวมใส่)
666,521,19,ระยะทางผจญภัย,master,มาได้ไกลแล้วนะ,"ผจญภัยครบ 6,000 เมตร",อัญมณีนักเดินทาง x10
667,522,19,ระยะทางผจญภัย,master,ค้นหาประสบการณ์ใหม่ๆ,"ได้รับเหรียญตรา ""ลองอะไรใหม่ๆ""\nผจญภัยครบ 7,000 เมตร",ตั๋วอาวาตาร์ x1
668,523,19,ระยะทางผจญภัย,master,มุ่งมั่นในการเดินทาง,"ผจญภัยครบ 8,000 เมตร",แว่นกันลมคล้องคอ\n(อุปกรณ์สวมใส่)
669,524,19,ระยะทางผจญภัย,master,มาได้ไกลจริงๆ,"ผจญภัยครบ 9,000 เมตร",อัญมณีนักเดินทาง x10
670,525,19,ระยะทางผจญภัย,master,มีอะไรในทางข้างหน้า?,"ได้รับเหรียญตรา ""ลองสู้ในที่ที่ชอบ""\nผจญภัยครบ 10,000 เมตร",ตั๋วอาวาตาร์ x1
671,526,19,ระยะทางผจญภัย,master,ทางที่ไม่สิ้นสุด,"ผจญภัยครบ 20,000 เมตร",หมวกนักสำรวจ\n(อุปกรณ์สวมใส่)
672,527,19,ระยะทางผจญภัย,master,มาได้ไกลมากๆ,"ผจญภัยครบ 30,000 เมตร",อัญมณีนักเดินทาง x10
673,528,19,ระยะทางผจญภัย,master,หนทางที่ยาวไกล,"ได้รับเหรียญตรา ""ใช้เปลี่ยนสเตตัสได้นะ!""\nผจญภัยครบ 40,000 เมตร",ตั๋วอาวาตาร์ x2
674,529,19,ระยะทางผจญภัย,master,นักผจญภัยมือใหม่,"ผจญภัยครบ 50,000 เมตร",โคมเวทมนตร์\n(อุปกรณ์สวมใส่)
675,530,19,ระยะทางผจญภัย,master,เดินทางมาแสนไกล,"ผจญภัยครบ 60,000 เมตร",อัญมณีนักเดินทาง x10
676,531,19,ระยะทางผจญภัย,master,ไม่รู้จักเหน็ดเหนื่อย,"ได้รับเหรียญตรา ""อย่างน้อยควรมี 3 สล็อต""\nผจญภัยครบ 70,000 เมตร",ตั๋วอาวาตาร์ x2
677,532,19,ระยะทางผจญภัย,master,มุ่งไปในที่ที่ยังไม่รู้จัก,"ผจญภัยครบ 80,000 เมตร",กระเป๋าขุดแร่อัญมณี\n(อุปกรณ์สวมใส่)
678,533,19,ระยะทางผจญภัย,master,โลกยังดำเนินต่อไป,"ผจญภัยครบ 90,000 เมตร",อัญมณีนักเดินทาง x10
679,534,19,ระยะทางผจญภัย,master,การผจญภัยไร้ขอบเขต,"ได้รับเหรียญตรา ""ถ้ามีไว้ก็อุ่นใจ""\nผจญภัยครบ 100,000 เมตร",ตั๋วอาวาตาร์ x2
680,535,19,ระยะทางผจญภัย,master,นักผจญภัยผู้มีประสบการณ์,"ผจญภัยครบ 200,000 เมตร",ตั๋ววาร์ป x10
681,536,19,ระยะทางผจญภัย,master,เดินทางมาไกลมากจริงๆ,"ผจญภัยครบ 300,000 เมตร",อัญมณีนักเดินทาง x10
682,537,19,ระยะทางผจญภัย,master,ค้นหาทิวทัศน์ใหม่ๆ,"ได้รับเหรียญตรา ""ลืมสกิลทั้งหมด""\nผจญภัยครบ 400,000 เมตร",ตั๋วอาวาตาร์ x3
683,538,19,ระยะทางผจญภัย,master,？？？,"ผจญภัยครบ 500,000 เมตร",ตั๋ววาร์ป x15
684,539,19,ระยะทางผจญภัย,master,？？？,"ผจญภัยครบ 600,000 เมตร",อัญมณีนักเดินทาง x10
685,540,19,ระยะทางผจญภัย,master,？？？,"ผจญภัยครบ 700,000 เมตร",ออร์บ x3
686,541,19,ระยะทางผจญภัย,master,นักผจญภัยหัวกะทิ,"ผจญภัยครบ 800,000 เมตร",ตั๋ววาร์ป x20
687,542,19,ระยะทางผจญภัย,master,？？？,"ผจญภัยครบ 900,000 เมตร",อัญมณีนักเดินทาง x10
688,543,19,ระยะทางผจญภัย,master,？？？,"ผจญภัยครบ 100,000 เมตร",ออร์บ x3
689,544,19,ระยะทางผจญภัย,master,？？？,"ผจญภัยครบ 200,000 เมตร",ตั๋ววาร์ป x25
690,545,19,ระยะทางผจญภัย,master,？？？,"ผจญภัยครบ 300,000 เมตร",อัญมณีนักเดินทาง x10
691,546,19,ระยะทางผจญภัย,master,？？？,"ผจญภัยครบ 400,000 เมตร",ออร์บ x4
692,547,19,ระยะทางผจญภัย,master,นักผจญภัยผู้เชี่ยวชาญ,"ผจญภัยครบ 500,000 เมตร",ตั๋ววาร์ป x30
693,548,19,ระยะทางผจญภัย,master,？？？,"ผจญภัยครบ 600,000 เมตร",อัญมณีนักเดินทาง x10
694,549,19,ระยะทางผจญภัย,master,？？？,"ผจญภัยครบ 700,000 เมตร",ออร์บ x4
695,550,19,ระยะทางผจญภัย,master,？？？,"ผจญภัยครบ 800,000 เมตร",ตั๋ววาร์ป x35
696,551,19,ระยะทางผจญภัย,master,？？？,"ผจญภัยครบ 900,000 เมตร",อัญมณีนักเดินทาง x10
697,552,19,ระยะทางผจญภัย,master,？？？,"ผจญภัยครบ 1,000,000 เมตร",ออร์บ x4
698,553,19,ระยะทางผจญภัย,master,ไปแล้วครึ่งโลก,"ผจญภัยครบ 2,000,000 เมตร",ตั๋ววาร์ป x40
699,554,19,ระยะทางผจญภัย,master,？？？,"ผจญภัยครบ 3,000,000 เมตร",อัญมณีนักเดินทาง x10
700,555,19,ระยะทางผจญภัย,master,เดินต่อไปให้รอบโลก,"ผจญภัยครบ 4,000,000 เมตร",ออร์บ x5
711,556,20,การผลิต,master,ผลงานชิ้นแรก,ผลิตอุปกรณ์ระดับความยาก 1 ขึ้นไป\nด้วยสกิลช่างตีเหล็ก 1 ครั้ง,แร่เหล็กแดง x10
712,557,20,การผลิต,master,หนทางสู่ช่างฝีมือ,ผลิตอุปกรณ์ระดับความยาก 1 ขึ้นไป\nด้วยสกิลช่างตีเหล็ก 100 ครั้ง,แร่ดามัสกัส x10
713,558,20,การผลิต,master,กำเนิดช่างตีเหล็ก,"ผลิตอุปกรณ์ระดับความยาก 1 ขึ้นไป\nด้วยสกิลช่างตีเหล็ก 1,000 ครั้ง",แร่มิธริล x10
714,559,20,การผลิต,master,ความอดทนจะทำให้กล้าแกร่ง,"ผลิตอุปกรณ์ระดับความยาก 1 ขึ้นไป\nด้วยสกิลช่างตีเหล็ก 10,000 ครั้ง",แร่โอริคัล x10
715,560,20,การผลิต,master,ช่างตีเหล็กมือฉกาจ,"ผลิตอุปกรณ์ระดับความยาก 1 ขึ้นไป\nด้วยสกิลช่างตีเหล็ก 100,000 ครั้ง",ออร์บ x10
716,561,20,การผลิต,master,？？？,ผลิตอุปกรณ์ระดับความยาก 100 ขึ้นไป\nด้วยสกิลช่างตีเหล็ก 1 ครั้ง,เหล็ก x10
717,562,20,การผลิต,master,？？？,ผลิตอุปกรณ์ระดับความยาก 100 ขึ้นไป\nด้วยสกิลช่างตีเหล็ก 100 ครั้ง,เหล็กดามัสกัส x10
718,563,20,การผลิต,master,？？？,"ผลิตอุปกรณ์ระดับความยาก 100 ขึ้นไป\nด้วยสกิลช่างตีเหล็ก 1,000 ครั้ง",มิธริล x10
719,564,20,การผลิต,master,？？？,"ผลิตอุปกรณ์ระดับความยาก 100 ขึ้นไป\nด้วยสกิลช่างตีเหล็ก 10,000 ครั้ง",โอริคัลคุม x10
720,565,20,การผลิต,master,？？？,"ผลิตอุปกรณ์ระดับความยาก 100 ขึ้นไป\nด้วยสกิลช่างตีเหล็ก 1000,000 ครั้ง",ออร์บ x10
721,566,20,การผลิต,master,？？？,ผลิตอุปกรณ์ระดับความยาก 200 ขึ้นไป\nด้วยสกิลช่างตีเหล็ก 1 ครั้ง,เหล็กบริสุทธิ์ x10
722,567,20,การผลิต,master,？？？,ผลิตอุปกรณ์ระดับความยาก 200 ขึ้นไป\nด้วยสกิลช่างตีเหล็ก 100 ครั้ง,ดามัสกัสบริสุทธิ์ x10
723,568,20,การผลิต,master,？？？,"ผลิตอุปกรณ์ระดับความยาก 200 ขึ้นไป\nด้วยสกิลช่างตีเหล็ก 1,000 ครั้ง",มิธริลบริสุทธิ์ x10
724,569,20,การผลิต,master,？？？,"ผลิตอุปกรณ์ระดับความยาก 200 ขึ้นไป\nด้วยสกิลช่างตีเหล็ก 10,000 ครั้ง",โอริคัลคุมบริสุทธิ์ x10
725,570,20,การผลิต,master,？？？,"ผลิตอุปกรณ์ระดับความยาก 200 ขึ้นไป\nด้วยสกิลช่างตีเหล็ก 100,000 ครั้ง",ออร์บ x10
726,571,20,การผลิต,master,？？？,ผลิตอุปกรณ์ระดับความยาก 300 ขึ้นไป\nด้วยสกิลช่างตีเหล็ก 1 ครั้ง,???
727,572,20,การผลิต,master,？？？,ผลิตอุปกรณ์ระดับความยาก 300 ขึ้นไป\nด้วยสกิลช่างตีเหล็ก 10 ครั้ง,???
728,573,20,การผลิต,master,？？？,"ผลิตอุปกรณ์ระดับความยาก 300 ขึ้นไป\nด้วยสกิลช่างตีเหล็ก 1,000 ครั้ง",???
729,574,20,การผลิต,master,？？？,"ผลิตอุปกรณ์ระดับความยาก 300 ขึ้นไป\nด้วยสกิลช่างตีเหล็ก 10,000 ครั้ง",???
730,575,20,การผลิต,master,？？？,"ผลิตอุปกรณ์ระดับความยาก 300 ขึ้นไป\nด้วยสกิลช่างตีเหล็ก 100,000 ครั้ง",???
741,576,20,การผลิต,master,？？？,ผลิตไอเท็มฟื้นฟู/ใช้แล้วหมดไประดับความยาก 1 ขึ้นไป\nด้วยสกิลช่างตีเหล็ก 1 ครั้ง,???
742,577,20,การผลิต,master,？？？,ผลิตไอเท็มฟื้นฟู/ใช้แล้วหมดไประดับความยาก 1 ขึ้นไป\nด้วยสกิลช่างตีเหล็ก 100 ครั้ง,???
743,578,20,การผลิต,master,？？？,"ผลิตไอเท็มฟื้นฟู/ใช้แล้วหมดไประดับความยาก 1 ขึ้นไป\nด้วยสกิลช่างตีเหล็ก 1,000 ครั้ง",???
744,579,20,การผลิต,master,？？？,"ผลิตไอเท็มฟื้นฟู/ใช้แล้วหมดไประดับความยาก 1 ขึ้นไป\nด้วยสกิลช่างตีเหล็ก 10,000 ครั้ง",???
745,580,20,การผลิต,master,？？？,"ผลิตไอเท็มฟื้นฟู/ใช้แล้วหมดไประดับความยาก 1 ขึ้นไป\nด้วยสกิลช่างตีเหล็ก 100,000 ครั้ง",ออร์บ x10
746,581,20,การผลิต,master,？？？,ผลิตไอเท็มฟื้นฟู/ใช้แล้วหมดไประดับความยาก 100 ขึ้นไป\nด้วยสกิลช่างตีเหล็ก 1 ครั้ง,???
747,582,20,การผลิต,master,？？？,ผลิตไอเท็มฟื้นฟู/ใช้แล้วหมดไประดับความยาก 100 ขึ้นไป\nด้วยสกิลช่างตีเหล็ก 100 ครั้ง,???
748,583,20,การผลิต,master,？？？,"ผลิตไอเท็มฟื้นฟู/ใช้แล้วหมดไประดับความยาก 100 ขึ้นไป\nด้วยสกิลช่างตีเหล็ก 1,000 ครั้ง",???
749,584,20,การผลิต,master,？？？,"ผลิตไอเท็มฟื้นฟู/ใช้แล้วหมดไประดับความยาก 100 ขึ้นไป\nด้วยสกิลช่างตีเหล็ก 10,000 ครั้ง",???
750,585,20,การผลิต,master,？？？,"ผลิตไอเท็มฟื้นฟู/ใช้แล้วหมดไประดับความยาก 100 ขึ้นไป\nด้วยสกิลช่างตีเหล็ก 100,000 ครั้ง",ออร์บ x10
751,586,20,การผลิต,master,？？？,ผลิตไอเท็มฟื้นฟู/ใช้แล้วหมดไประดับความยาก 200 ขึ้นไป\nด้วยสกิลช่างตีเหล็ก 1 ครั้ง,???
752,587,20,การผลิต,master,？？？,ผลิตไอเท็มฟื้นฟู/ใช้แล้วหมดไประดับความยาก 200 ขึ้นไป\nด้วยสกิลช่างตีเหล็ก 100 ครั้ง,???
753,588,20,การผลิต,master,？？？,"ผลิตไอเท็มฟื้นฟู/ใช้แล้วหมดไประดับความยาก 200 ขึ้นไป\nด้วยสกิลช่างตีเหล็ก 1,000 ครั้ง",???
754,589,20,การผลิต,master,？？？,"ผลิตไอเท็มฟื้นฟู/ใช้แล้วหมดไประดับความยาก 200 ขึ้นไป\nด้วยสกิลช่างตีเหล็ก 10,000 ครั้ง",???
755,590,20,การผลิต,master,？？？,"ผลิตไอเท็มฟื้นฟู/ใช้แล้วหมดไประดับความยาก 200 ขึ้นไป\nด้วยสกิลช่างตีเหล็ก 100,000 ครั้ง",ออร์บ x10
756,591,20,การผลิต,master,？？？,ผลิตไอเท็มฟื้นฟู/ใช้แล้วหมดไประดับความยาก 300 ขึ้นไป\nด้วยสกิลช่างตีเหล็ก 1 ครั้ง,???
757,592,20,การผลิต,master,？？？,ผลิตไอเท็มฟื้นฟู/ใช้แล้วหมดไประดับความยาก 300 ขึ้นไป\nด้วยสกิลช่างตีเหล็ก 100 ครั้ง,???
758,593,20,การผลิต,master,？？？,"ผลิตไอเท็มฟื้นฟู/ใช้แล้วหมดไประดับความยาก 300 ขึ้นไป\nด้วยสกิลช่างตีเหล็ก 1,000 ครั้ง",???
759,594,20,การผลิต,master,？？？,"ผลิตไอเท็มฟื้นฟู/ใช้แล้วหมดไประดับความยาก 300 ขึ้นไป\nด้วยสกิลช่างตีเหล็ก 10,000 ครั้ง",???
760,595,20,การผลิต,master,？？？,"ผลิตไอเท็มฟื้นฟู/ใช้แล้วหมดไประดับความยาก 300 ขึ้นไป\nด้วยสกิลช่างตีเหล็ก 100,000 ครั้ง",???
770,596,5,การเรียนรู้สกิล,master,ลองเชื่อมต่อสกิล!,เรียนสกิลครบ 5 ประเภท,คอมโบพ้อยท์ (CP) +2
771,597,5,การเรียนรู้สกิล,master,？？？,？？？,？？？
772,598,5,การเรียนรู้สกิล,master,？？？,？？？,？？？
773,599,5,การเรียนรู้สกิล,master,？？？,？？？,？？？
774,600,5,การเรียนรู้สกิล,master,？？？,？？？,？？？
775,601,5,การเรียนรู้สกิล,master,？？？,？？？,？？？
776,602,5,การเรียนรู้สกิล,master,？？？,???,???
777,603,5,การเรียนรู้สกิล,master,？？？,???,???
778,604,5,การเรียนรู้สกิล,master,？？？,???,???
800,605,22,ภารกิจ,master,เคลียร์บทที่ 1,เคลียร์บทที่ 1 จุดเริ่มต้นแห่งความวุ่นวาย,รีไวต้า (ของขวัญ) x99
801,606,22,ภารกิจ,master,เคลียร์บทที่ 2,เคลียร์บทที่ 2 ตามหาอัญมณีศักดิ์สิทธิ์,หนังสือมอนดัน x1
802,607,22,ภารกิจ,master,เคลียร์บทที่ 3,เคลียร์บทที่ 3 การต่อสู้กับเทพยุคโบราณ,ตั๋ววาร์ป x12
803,608,22,ภารกิจ,master,เคลียร์บทที่ 4,เคลียร์บทที่ 4 เงาดำที่คืบคลานเข้ามา,รีไวต้า IV x99
804,609,22,ภารกิจ,master,เคลียร์บทที่ 5,เคลียร์บทที่ 5 พายุในความมืด,สล็อตคาแรคเตอร์ +1
805,610,22,ภารกิจ,master,เคลียร์บทที่ 6,เคลียร์บทที่ 6 สองเทคนิสต้า,ตั๋ววาร์ป x12
806,611,22,ภารกิจ,master,เคลียร์บทที่ 7,เคลียร์บทที่ 7 ความวุ่นวายของอัลทิเมีย,รีไวต้า V x99
807,612,22,ภารกิจ,master,เคลียร์บทที่ 8,เคลียร์บทที่ 8 ทางไปเอลเดนบาล์ม,สกิลพ้อยท์ +1
808,613,22,ภารกิจ,master,เคลียร์บทที่ 9,เคลียร์บทที่ 9 ศึกการช่วงชิงเอลเดนบาล์ม,ตั๋ววาร์ป x12
809,614,22,ภารกิจ,master,เคลียร์บทที่ 10,เคลียร์บทที่ 10 เรือแห่งเทพที่สาบสูญ,รีไวต้า VI x99
810,615,22,ภารกิจ,master,เคลียร์บทที่ 11,เคลียร์บทที่ 11 ไปโทรัม,สกิลพ้อยท์ +1
811,616,22,ภารกิจ,master,เคลียร์บทที่ 12,เคลียร์บทที่ 12 แกนของมนุษย์มังกร,ตั๋ววาร์ป x24
812,617,22,ภารกิจ,master,เคลียร์บทที่ 13,เคลียร์บทที่ 13 ชนเผ่าแห่งสายน้ำ มังกร และโคเอนูเบีย,รีไวต้า VII x99
813,618,22,ภารกิจ,master,เคลียร์บทที่ 14,เคลียร์บทที่ 14 โทรัมแผ่นดินใหญ่,สกิลพ้อยท์ +1
814,619,22,ภารกิจ,master,เคลียร์บทที่ 15,เคลียร์บทที่ 15 การตื่นขึ้นของโคเอนูเบีย,ตั๋ววาร์ป x24
815,620,22,ภารกิจ,master,เคลียร์บทที่ 16,,
816,621,22,ภารกิจ,master,เคลียร์บทที่ 17,,สกิลพ้อยท์ +1
817,622,22,ภารกิจ,master,เคลียร์บทที่ 18,,ตั๋ววาร์ป x24
818,623,22,ภารกิจ,master,เคลียร์บทที่ 19,,
819,624,22,ภารกิจ,master,เคลียร์บทที่ 20,,สกิลพ้อยท์ +1
820,625,22,ภารกิจ,master,เคลียร์บทที่ 21,,ตั๋ววาร์ป x36
821,626,22,ภารกิจ,master,เคลียร์บทที่ 22,,
822,627,22,ภารกิจ,master,เคลียร์บทที่ 23,,
823,628,22,ภารกิจ,master,เคลียร์บทที่ 24,,
824,629,22,ภารกิจ,master,เคลียร์บทที่ 25,,
825,630,22,ภารกิจ,master,เคลียร์บทที่ 26,,
826,631,22,ภารกิจ,master,เคลียร์บทที่ 27,,
827,632,22,ภารกิจ,master,เคลียร์บทที่ 28,,
828,633,22,ภารกิจ,master,เคลียร์บทที่ 29,,
829,634,22,ภารกิจ,master,เคลียร์บทที่ 30,,
830,635,22,ภารกิจ,master,เคลียร์บทที่ 31,,
831,636,22,ภารกิจ,master,เคลียร์บทที่ 32,,
900,637,24,ห้องของฉัน,master,ไม่น่าเชื่อเลยว่าคุณ...,"ทำสกอร์ถึง 1000 คะแนนในมินิเกม ""แบล็กไนท์""",BGM ห้องของฉัน [True Black Knight]
901,638,24,ห้องของฉัน,master,ผู้ชำนาญการใช้ขวาน,"ทำสกอร์ถึง 2500 คะแนนในมินิเกม ""แบล็กไนท์""",ใบชุบชีวิต x3
902,639,24,ห้องของฉัน,master,ผู้ที่ถูกขนานนามว่าอัศวินดำ,"ทำสกอร์ถึง 5000 คะแนนในมินิเกม ""แบล็กไนท์""",BGM ห้องของฉัน [กลอุบายของจักรวรรดิ]
903,640,24,ห้องของฉัน,master,นักรบผดุงความยุติธรรม,"ทำสกอร์ถึง 10000 คะแนนในมินิเกม ""แบล็กไนท์""",หนังสือบาฟท์ x1
904,641,24,ห้องของฉัน,master,ข้าคืออัศวินดำ อภิชนแห่งจักรวรรดิ,"ทำสกอร์ถึง 15000 คะแนนในมินิเกม ""แบล็กไนท์""",BGM ห้องของฉัน [อัศวินดำผู้เยือกเย็น]
905,642,24,ห้องของฉัน,master,เราคืออัศวินที่น่าภาคภูมิแห่งจักรวรรดิ,"ทำสกอร์ถึง 20000 คะแนนในมินิเกม ""แบล็กไนท์""",สกิลพ้อยท์ +1
1000,643,24,ห้องของฉัน,master,การ์ดเกมเดบิวต์,เล่นการ์ดเกมครั้งแรก,ใบชุบชีวิต x1
1001,644,24,ห้องของฉัน,master,การ์ดเกมบรอนซ์คลาส,คะแนนการแข่งขันถึง 10,ปอมทิวบ์ x1
1002,645,24,ห้องของฉัน,master,การ์ดเกมซิลเวอร์คลาส,คะแนนการแข่งขันถึง 20,ใบชุบชีวิต x3
1003,646,24,ห้องของฉัน,master,การ์ดเกมโกลด์คลาส,คะแนนการแข่งขันถึง 30,สกิลพ้อยท์ +1
1004,647,24,ห้องของฉัน,master,การ์ดเกมแพลตตินั่มคลาส,คะแนนการแข่งขันถึง 40,ใบชุบชีวิต x6
1005,648,24,ห้องของฉัน,master,การ์ดเกมมาสเตอร์คลาส,คะแนนการแข่งขันถึง 50,BGM ห้องของฉัน [สิ่งกีดขวางทางแห่งชัยชนะ]
1100,649,24,ห้องของฉัน,master,เข้าแข่งสัตว์เลี้ยงครั้งแรก,เข้าร่วมแข่งสัตว์เลี้ยงครั้งแรก,ใบชุบชีวิต x1
1101,650,24,ห้องของฉัน,master,ผู้เข้าแข่งคลาส Pormula 3,เข้าร่วมแข่งสัตว์เลี้ยง 1 คอร์ส,ปอมทิวบ์ x1
1102,651,24,ห้องของฉัน,master,ผู้เข้าแข่งคลาส Pormula 2,เข้าร่วมแข่งสัตว์เลี้ยง 2 คอร์สที่แตกต่างกัน,ใบชุบชีวิต x3
1103,652,24,ห้องของฉัน,master,ผู้เข้าแข่งคลาส Pormula 1,เข้าร่วมแข่งสัตว์เลี้ยง 3 คอร์สที่แตกต่างกัน,สกิลพ้อยท์ +1
1200,653,8,จำนวนเพื่อน,master,冒険の仲間たち！,มีเพื่อนอย่างน้อย 1 คน,スピナ　100s
10000,,255,เหรียญตราประจำวัน,server (text only),ซ้อมมือ,จัดการมอนสเตอร์ 30 ตัวที่มีเลเวล±จากตัวเองไม่เกิน 30 เลเวล,ได้ EXP+10% 1 วัน
10001,,255,เหรียญตราประจำวัน,server (text only),อุ่นเครื่อง,จัดการมอนสเตอร์ 60 ตัวที่มีเลเวล±จากตัวเองไม่เกิน 20 เลเวล,ได้ EXP+10% 1 วัน
10002,,255,เหรียญตราประจำวัน,server (text only),จัดเต็ม,จัดการมอนสเตอร์ 90 ตัวที่มีเลเวล±จากตัวเองไม่เกิน 10 เลเวล,ได้ EXP+10% 1 วัน
10010,,255,เหรียญตราประจำวัน,server (text only),เล่นไม่พอ!,เล่นรวมเกิน 30 นาทีในวันนี้,ได้ EXP+10% 1 วัน
10011,,255,เหรียญตราประจำวัน,server (text only),เล่นไม่พอจริงๆ!,เล่นรวมเกิน 60 นาทีในวันนี้,ได้ EXP+10% 1 วัน
10020,,255,เหรียญตราประจำวัน,server (text only),รับจ๊อบวันนี้,ทำเควสต์สำเร็จ 1 เควสต์ในวันนี้,100 สปินา
10021,,255,เหรียญตราประจำวัน,server (text only),เพื่อสาธารณประโยชน์,ทำเควสต์สำเร็จ 3 เควสต์ในวันนี้,300 สปินา
10022,,255,เหรียญตราประจำวัน,server (text only),เป็นที่กล่าวขวัญ,ทำเควสต์สำเร็จ 6 เควสต์ในวันนี้,600 สปินา
10101,,255,เหรียญตราประจำวัน,server (text only),โบนัสประจำวันเกมปาหิมะ (เข้าร่วม),เล่นปาหิมะ 2 ครั้ง ([ffff64]เข้าร่วมได้จากเทอมินัล[ffffff]),ใบชุบชีวิต x2
10102,,255,เหรียญตราประจำวัน,server (text only),โบนัสประจำวันเกมปาหิมะ (ชนะ),ชนะการเล่นปาหิมะ 1 ครั้ง,ชิ้นส่วนตั๋ว x4
10103,,255,เหรียญตราประจำวัน,server (text only),โบนัสตั๋วปาหิมะ,ซื้อคอร์สรายเดือนคอร์สใดคอร์สหนึ่ง,ถังน้ำแข็งหิมะ x2
10200,,255,เหรียญตราประจำวัน,server (text only),โบนัสล็อกอินชมดอกไม้,ล็อกอินเข้าเกม,หินซากุระสนธยา
10201,,255,เหรียญตราประจำวัน,server (text only),โบนัสเล่นเกมชมดอกไม้,เล่น 1 ชั่วโมงในวันนี้,เศษออร์บ x10
10202,,255,เหรียญตราประจำวัน,server (text only),โบนัสเควสต์ชมดอกไม้,ทำเควสต์สำเร็จ 3 เควสต์,อุปกรณ์ตัดเย็บเทพธิดา x1
10203,,255,เหรียญตราประจำวัน,server (text only),เหรียญตราประจำวันฮาโลวีน B,จัดการมอนสเตอร์ 100 ตัว,แจ็กโอแลนเทิร์น x1
10204,,255,เหรียญตราประจำวัน,server (text only),โบนัสล็อกอินรสชาติของฤดูใบไม้ร่วง,ล็อกอินเข้าเกม,โพชั่นเวท x1
10205,,255,เหรียญตราประจำวัน,server (text only),โบนัสเวลาแห่งรสชาติของฤดูใบไม้ร่วง,เล่น 1 ชั่วโมงในวันนี้,ใบชุบชีวิต x1
10206,,255,เหรียญตราประจำวัน,server (text only),โบนัสโจมตีแห่งรสชาติของฤดูใบไม้ร่วง,จัดการโครินลูกพลับ 10 ตัวแล้ว,อุปกรณ์ตัดเย็บเทพธิดา x2
10207,,255,เหรียญตราประจำวัน,server (text only),โบนัส 15 ล้านดาวน์โหลด A,ล็อกอินเข้าเกม,ชิ้นส่วนตั๋ว x70
10208,,255,เหรียญตราประจำวัน,server (text only),โบนัส 15 ล้านดาวน์โหลด B,เล่นครบ 1 ชั่วโมงในวันนี้,เศษออร์บ x50
10209,,255,เหรียญตราประจำวัน,server (text only),โบนัส 15 ล้านดาวน์โหลด C,จัดการมอนสเตอร์ 100 ตัว,ตั๋ววาร์ป x3
10210,,255,เหรียญตราประจำวัน,server (text only),โกลเด้นโบนัส (ล็อกอิน) ,ล็อกอินเข้าเกม,เศษออร์บ x20
10211,,255,เหรียญตราประจำวัน,server (text only),โกลเด้นโบนัส (เกมเพลย์) ,เล่น 2 ชั่วโมงในวันนี้,ตั๋ววาร์ป x3
10212,,255,เหรียญตราประจำวัน,server (text only),โกลเด้นโบนัส (กำจัด) ,จัดการมอนสเตอร์ 100 ตัว,ใบชุบชีวิต x1
10213,,255,เหรียญตราประจำวัน,server (text only),โกลเด้นโบนัส (วาร์ป),เงื่อนไขใช้ตั๋ววาร์ป,ชิ้นส่วนตั๋ว x40
10214,,255,เหรียญตราประจำวัน,server (text only),โบนัส 4 ล้านดาวน์โหลด A,ล็อกอินเข้าเกม,เศษออร์บ x40
10215,,255,เหรียญตราประจำวัน,server (text only),โบนัส 4 ล้านดาวน์โหลด B,เล่น 1 ชั่วโมงในวันนี้,เศษออร์บ x40
10216,,255,เหรียญตราประจำวัน,server (text only),วันเกิดโทรัม A,ล็อกอินเข้าเกม,ชิ้นส่วนตั๋ว x1100
10217,,255,เหรียญตราประจำวัน,server (text only),วันเกิดโทรัม B,เล่น 1 ชั่วโมงในวันนี้,อัญมณีชัยชนะ x1
10218,,255,เหรียญตราประจำวัน,server (text only),วันเกิดโทรัม C,เล่น 2 ชั่วโมงในวันนี้,อุปกรณ์ตัดเย็บเทพธิดา x20
10219,,255,เหรียญตราประจำวัน,server (text only),วันเกิดโทรัม D,เล่น 3 ชั่วโมงในวันนี้,เศษออร์บ x300
10220,,255,เหรียญตราประจำวัน,server (text only),โบนัสล็อกอินครบรอบ 2 ปี,ล็อกอินเข้าเกม,ชิ้นส่วนตั๋ว x20
10221,,255,เหรียญตราประจำวัน,server (text only),โบนัสล็อกอินชมดอกไม้,ล็อกอินเข้าเกม,ใบชุบชีวิต x1
10222,,255,เหรียญตราประจำวัน,server (text only),โบนัสเควสต์ชมดอกไม้,ทำเควสต์สำเร็จ 3 เควสต์,อุปกรณ์ตัดเย็บเทพธิดา x2
10223,,255,เหรียญตราประจำวัน,server (text only),โบนัสเล่นเกมชมดอกไม้,เล่น 1 ชั่วโมงในวันนี้,ชิ้นส่วนตั๋ว x10
10224,,255,เหรียญตราประจำวัน,server (text only),โบนัสลงทะเบียนรายเดือน (ขยายกระเป๋า),ซื้อคอร์สขยายกระเป๋า,ชิ้นส่วนตั๋ว x5
10225,,255,เหรียญตราประจำวัน,server (text only),โบนัสลงทะเบียนรายเดือน (มาตรฐาน),ซื้อคอร์สมาตรฐาน,ชิ้นส่วนตั๋ว x10
10226,,255,เหรียญตราประจำวัน,server (text only),โบนัสลงทะเบียนรายเดือน (เร่งเลเวล),ซื้อคอร์สเร่งเลเวล,ชิ้นส่วนตั๋ว x15
10227,,255,เหรียญตราประจำวัน,server (text only),โบนัสล็อกอินฮาโลวีน,ล็อกอินเข้าเกม,กล่องขนม x1
10228,,255,เหรียญตราประจำวัน,server (text only),โบนัสฮาโลวีน (กำจัด),จัดการมอนสเตอร์ 100 ตัว,กล่องขนม x1
10229,,255,เหรียญตราประจำวัน,server (text only),โบนัสฮาโลวีน (เควสต์),ทำเควสต์สำเร็จ 9 เควสต์,ชิ้นส่วนตั๋ว x10
10230,,255,เหรียญตราประจำวัน,server (text only),โบนัสคอร์สฮาโลวีน,ซื้อคอร์สรายเดือนคอร์สใดคอร์สหนึ่ง,อุปกรณ์ตัดเย็บเทพธิดา x1
10231,,255,เหรียญตราประจำวัน,server (text only),โบนัสล็อกอินคริสต์มาส,ล็อกอินเข้าเกม,ถุงเท้าซานต้า x1
10232,,255,เหรียญตราประจำวัน,server (text only),โบนัสเวลาเล่นคริสต์มาส,เล่นรวมเกิน 1 ชั่วโมงในวันนี้,เศษออร์บ x20
10233,,255,เหรียญตราประจำวัน,server (text only),โบนัสตั๋วคริสต์มาส,ซื้อคอร์สรายเดือน,ถุงเท้าซานต้า x3
10234,,255,เหรียญตราประจำวัน,server (text only),โบนัสประจำวันปีใหม่ A,ล็อกอินเข้าเกม,ใบชุบชีวิต x1
10235,,255,เหรียญตราประจำวัน,server (text only),โบนัสประจำวันปีใหม่ B,เล่นรวมเกิน 1 ชั่วโมงในวันนี้,เศษออร์บ x20
10236,,255,เหรียญตราประจำวัน,server (text only),โบนัสประจำวันปีใหม่ C,จัดการมอนสเตอร์ 100 ตัว,ชิ้นส่วนตั๋ว x10
10237,,255,เหรียญตราประจำวัน,server (text only),โบนัสประจำวัน Eagle Talon A,ล็อกอินเข้าเกม,ใบชุบชีวิต x1
10238,,255,เหรียญตราประจำวัน,server (text only),โบนัสประจำวัน Eagle Talon B,เล่นรวมเกิน 1 ชั่วโมงในวันนี้,ได้ EXP+50% 1 วัน
10239,,255,เหรียญตราประจำวัน,server (text only),โบนัสประจำวัน Eagle Talon C,จัดการบอสอีเว้นท์โคลาโบ,เศษออร์บ x30
10240,,255,เหรียญตราประจำวัน,server (text only),เคาท์ดาวน์ครบรอบ 11 ปี A,ล็อกอินเข้าเกม,โพชั่นชีวิต x1
10241,,255,เหรียญตราประจำวัน,server (text only),เคาท์ดาวน์ครบรอบ 11 ปี B,จัดการมอนสเตอร์ 100 ตัว,ใบชุบชีวิต x2
10242,,255,เหรียญตราประจำวัน,server (text only),เคาท์ดาวน์ครบรอบ 11 ปี C,เล่น 1 ชั่วโมงในวันนี้,ชิ้นส่วนตั๋ว x50
10243,,255,เหรียญตราประจำวัน,server (text only),ฉลองครบรอบ 11 ปี A,ล็อกอินเข้าเกม,อุปกรณ์ตัดเย็บเทพธิดา x2
10244,,255,เหรียญตราประจำวัน,server (text only),ฉลองครบรอบ 11 ปี B,จัดการมอนสเตอร์ 100 ตัว,ตั๋ววาร์ป x11
10245,,255,เหรียญตราประจำวัน,server (text only),ฉลองครบรอบ 11 ปี C,เล่น 1 ชั่วโมงในวันนี้,เศษออร์บ x110
10246,,255,เหรียญตราประจำวัน,server (text only),เหรียญตราโคลาโบวิญญาณคร่ำครวญ 1/3,ล็อกอินเข้าเกม,ใบชุบชีวิต x1
10247,,255,เหรียญตราประจำวัน,server (text only),เหรียญตราโคลาโบวิญญาณคร่ำครวญ 2/3,เล่น 1 ชั่วโมงในวันนี้,ได้ EXP+50% 1 วัน
10248,,255,เหรียญตราประจำวัน,server (text only),เหรียญตราโคลาโบวิญญาณคร่ำครวญ 3/3,จัดการบอสอีเว้นท์โคลาโบ,เศษออร์บ x15
10249,,255,เหรียญตราประจำวัน,server (text only),ยาสึฮิโระ อาซึกิโคลาโบ 1,ล็อกอินเข้าเกม,คอนสแนก　x40
10250,,255,เหรียญตราประจำวัน,server (text only),ลองชิม: มันฝรั่งประสบการณ์!,ล็อกอินเข้าเกม,วันนี้ 1 วันได้รับ EXP +10%
10251,,255,เหรียญตราประจำวัน,server (text only),ลองชิม: เก็บมันฝรั่ง!,จัดการเกรุมิ 30 ตัว,วันนี้ 1 วันได้รับอัตราดรอป +10%
10252,,255,เหรียญตราประจำวัน,server (text only),เหรียญตราที่ระลึกอัลเคมิสต์สตอรี่โคลาโบ,เล่นรวมเกิน 1 ชั่วโมงในวันนี้,ชิ้นส่วนตั๋ว x50
10253,,255,เหรียญตราประจำวัน,server (text only),บอสประจำวันมาโฮอิคุโคลาโบ 1/3,ล็อกอินเข้าเกม,ใบชุบชีวิต x1
10254,,255,เหรียญตราประจำวัน,server (text only),บอสประจำวันมาโฮอิคุโคลาโบ 2/3,เล่นครบ 1 ชั่วโมงในวันนี้,ตั๋ววาร์ป x3
10255,,255,เหรียญตราประจำวัน,server (text only),บอสประจำวันมาโฮอิคุโคลาโบ 3/3,เล่นรวมเกิน 2 ชั่วโมงในวันนี้,เศษออร์บ x30
20000,,253,เหรียญตราประจำสัปดาห์,server (text only),เคลียร์ระดับ Hard A,เคลียร์ระดับ Hard ที่เลเวล 1-50 ครบ 50 ครั้ง,ชิ้นส่วนตั๋ว x5
20001,,253,เหรียญตราประจำสัปดาห์,server (text only),เคลียร์ระดับ Nightmare A,เคลียร์ระดับ Nightmare ที่เลเวล 1-50 ครบ 25 ครั้ง,ตั๋ววาร์ป x2
20002,,253,เหรียญตราประจำสัปดาห์,server (text only),เคลียร์ระดับ Ultimate A,เคลียร์ระดับ Ultimate ที่เลเวล 1-50 ครบ 10 ครั้ง,อุปกรณ์ตัดเย็บเทพธิดา x1
20003,,253,เหรียญตราประจำสัปดาห์,server (text only),เคลียร์ระดับ Hard B,เคลียร์ระดับ Hard เลเวล ที่ 51-100 ครบ 50 ครั้ง,ชิ้นส่วนตั๋ว x8
20004,,253,เหรียญตราประจำสัปดาห์,server (text only),เคลียร์ระดับ Nightmare B,เคลียร์ระดับ Nightmare เลเวล ที่ 51-100 ครบ 25 ครั้ง,ตั๋ววาร์ป x4
20005,,253,เหรียญตราประจำสัปดาห์,server (text only),เคลียร์ระดับ Ultimate B,เคลียร์ระดับ Ultimate ที่เลเวล ที่ 51-100 ครบ 10 ครั้ง,ใบชุบชีวิต x1
20006,,253,เหรียญตราประจำสัปดาห์,server (text only),[254]บันทึกข้อมูลสำรองสำเร็จ!,ล็อกอินเข้าเกมหลังลงทะเบียนบัญชีผู้ใช้ ASOBIMO\nจากการตั้งค่าบัญชีผู้ใช้,ใบชุบชีวิต x30
20007,,253,เหรียญตราประจำสัปดาห์,server (text only),เคลียร์ระดับ Hard C,เคลียร์ระดับ Hard เลเวล ที่ 101-150 ครบ 50 ครั้ง,ชิ้นส่วนตั๋ว x11
20008,,253,เหรียญตราประจำสัปดาห์,server (text only),เคลียร์ระดับ Nightmare C,เคลียร์ระดับ Nightmare เลเวล ที่ 101-150 ครบ 25 ครั้ง,ตั๋ววาร์ป x6
20009,,253,เหรียญตราประจำสัปดาห์,server (text only),เคลียร์ระดับ Ultimate C,เคลียร์ระดับ Ultimate ที่เลเวล ที่ 101-150 ครบ 10 ครั้ง,อุปกรณ์ตัดเย็บเทพธิดา x2
20010,,253,เหรียญตราประจำสัปดาห์,server (text only),เคลียร์ระดับ Hard D,เคลียร์ระดับ Hard เลเวล ที่ 151-200 ครบ 50 ครั้ง,ชิ้นส่วนตั๋ว x14
20011,,253,เหรียญตราประจำสัปดาห์,server (text only),เคลียร์ระดับ Nightmare D,เคลียร์ระดับ Nightmare เลเวล ที่ 151-200 ครบ 25 ครั้ง,ตั๋ววาร์ป x8
20012,,253,เหรียญตราประจำสัปดาห์,server (text only),เคลียร์ระดับ Ultimate D,เคลียร์ระดับ Ultimate ที่เลเวล ที่ 151-200 ครบ 10 ครั้ง,ใบชุบชีวิต x2
20013,,253,เหรียญตราประจำสัปดาห์,server (text only),เคลียร์ระดับ Hard E,เคลียร์ระดับ Hard เลเวล ที่ 201-250 ครบ 50 ครั้ง,ชิ้นส่วนตั๋ว x17
20014,,253,เหรียญตราประจำสัปดาห์,server (text only),เคลียร์ระดับ Nightmare E,เคลียร์ระดับ Nightmare เลเวล ที่ 201-250 ครบ 25 ครั้ง,ตั๋ววาร์ป x10
20015,,253,เหรียญตราประจำสัปดาห์,server (text only),เคลียร์ระดับ Ultimate E,เคลียร์ระดับ Ultimate ที่เลเวล ที่ 201-250 ครบ 10 ครั้ง,อุปกรณ์ตัดเย็บเทพธิดา x3
20016,,253,เหรียญตราประจำสัปดาห์,server (text only),เคลียร์ระดับ Hard F,เคลียร์ระดับ Hard เลเวล ที่ 251-300 ครบ 50 ครั้ง,ชิ้นส่วนตั๋ว x20
20017,,253,เหรียญตราประจำสัปดาห์,server (text only),เคลียร์ระดับ Nightmare F,เคลียร์ระดับ Nightmare เลเวล ที่ 251-300 ครบ 25 ครั้ง,ตั๋ววาร์ป x12
20018,,253,เหรียญตราประจำสัปดาห์,server (text only),เคลียร์ระดับ Ultimate F,เคลียร์ระดับ Ultimate ที่เลเวล ที่ 251-300 ครบ 10 ครั้ง,ใบชุบชีวิต x3
20019,,253,เหรียญตราประจำสัปดาห์,server (text only),เคลียร์ระดับ Hard G,เคลียร์ระดับ Hard เลเวล ที่ 301-350 ครบ 50 ครั้ง,ชิ้นส่วนตั๋ว x20
20020,,253,เหรียญตราประจำสัปดาห์,server (text only),เคลียร์ระดับ Nightmare G,เคลียร์ระดับ Nightmare เลเวล ที่ 301-350 ครบ 25 ครั้ง,ตั๋ววาร์ป x14
20021,,253,เหรียญตราประจำสัปดาห์,server (text only),เคลียร์ระดับ Ultimate G,เคลียร์ระดับ Ultimate ที่เลเวล ที่ 301-350 ครบ 10 ครั้ง,อุปกรณ์ตัดเย็บเทพธิดา x4
20022,,253,เหรียญตราประจำสัปดาห์,server (text only),เคลียร์ระดับ Hard H,เคลียร์ระดับ Hard เลเวล ที่ 351-400 ครบ 50 ครั้ง,ชิ้นส่วนตั๋ว x20
20023,,253,เหรียญตราประจำสัปดาห์,server (text only),เคลียร์ระดับ Nightmare H,เคลียร์ระดับ Nightmare เลเวล ที่ 351-400 ครบ 25 ครั้ง,ตั๋ววาร์ป x16
20024,,253,เหรียญตราประจำสัปดาห์,server (text only),เคลียร์ระดับ Ultimate H,เคลียร์ระดับ Ultimate ที่เลเวล ที่ 351-400 ครบ 10 ครั้ง,ใบชุบชีวิต x4
20025,,253,เหรียญตราประจำสัปดาห์,server (text only),เคลียร์ระดับ Hard I,เคลียร์ระดับ Hard เลเวล ที่ 401-450 ครบ 50 ครั้ง,ชิ้นส่วนตั๋ว x20
20026,,253,เหรียญตราประจำสัปดาห์,server (text only),เคลียร์ระดับ Nightmare I,เคลียร์ระดับ Nightmare เลเวล ที่ 401-450 ครบ 25 ครั้ง,ตั๋ววาร์ป x18
20027,,253,เหรียญตราประจำสัปดาห์,server (text only),เคลียร์ระดับ Ultimate I,เคลียร์ระดับ Ultimate ที่เลเวล ที่ 401-450 ครบ 10 ครั้ง,อุปกรณ์ตัดเย็บเทพธิดา x5
20101,,253,เหรียญตราประจำสัปดาห์,server (text only),เดนตายคนสุดท้าย,เป็นที่ 1 ในการสู้แบบไม่ทางการ,ใบชุบชีวิต x3
20102,,253,เหรียญตราประจำสัปดาห์,server (text only),เดนตาย,อยู่ใน 3 อันดับแรกในการสู้แบบไม่ทางการ,ใบชุบชีวิต x1
20103,,253,เหรียญตราประจำสัปดาห์,server (text only),ชาเลนเจอร์,เอาชีวิตรอด 10 ครั้งไปยังเฟส 3 ในการสู้แบบไม่ทางการ,ตั๋ววาร์ป x10
20104,,253,เหรียญตราประจำสัปดาห์,server (text only),ระหว่างการต่อสู้ก็ยังล่าบอส!,เอาชนะบอสมอนสเตอร์ 3 ครั้งในการสู้แบบไม่ทางการ,ตั๋ววาร์ป x10
20105,,253,เหรียญตราประจำสัปดาห์,server (text only),ผู้แข็งแกร่งแห่งอารีนา,ชนะ 3 ครั้งหรือลองชาเลนจ์ 30 ครั้งในโหมด 1v1,อุปกรณ์ตัดเย็บเทพธิดา x3
20106,,253,เหรียญตราประจำสัปดาห์,server (text only),พลังสามัคคี,ชนะ 3 ครั้งหรือลองชาเลนจ์ 30 ครั้งในโหมด 4v4,อุปกรณ์ตัดเย็บเทพธิดา x3
