id	kind	no	text
9000	0	0	ウルカニ火口下
9001	0	0	マエルマポ地下滝
1	0	0	ペルル
4	0	0	ムティ
18	0	0	ジアンガ
8000	1	4	[ffff64]ウルカニ地下回廊[ffffff]
100	1	4	山で怪物と戦ったり、ここまで降りてきたりで\n疲れたろ？おいらも怪物退治でヘトヘトなんだ。\n少し休もうぜ。
110	1	4	にしても、こんなところに住んでるなんて、\n言われなきゃ気がつかないわよね～。
120	1	4	そうだな、元の世界でもあんたたちが\n気づいてなかっただけで、
130	1	4	おいらたち竜人は長い間、\nこんな風にあんたたちの世界の真裏で\n暮らしてたんだけどな…
140	1	4	へ？そうなの！？古くからの言い伝えで、\n竜人が現れて暴れてたってきいてたけど、
150	1	4	あんたたち…ちょくちょくあたいらの\n世界の方へ侵略に来てたんじゃ…
160	1	4	違う違う！竜人の中にもよからぬ事\n考える奴がいてね…
170	1	4	あんたたちの言い伝えに出てくる竜人は、\nこっちの世界からもつまはじきにあった奴らが\nそっちの世界へ悪さしに行ったもんなのさ…
180	1	4	へぇ～、言い伝えに出てくる竜人って、\nそっちの世界でもはみ出し者だったのね。\n聞いてみなきゃわかんないもんだわ…
190	1	4	ねえ、いろいろ聞きたい事あるんだけど、\n質問いい？あんたも聞きたいでしょ？
200	1	4	んまあ、いいけど…\n質問の内容によっちゃ話長くなるかもよ？
1000	1	4	どうしてこの世界に？
1001	1	4	どうして地下に住んでいる？
1002	1	4	コエヌビアとの戦いについて
1003	1	4	この森は制御されて飛んでいるのか？
1009	1	4	特に質問はない
2000	1	4	[afafaf]どうしてこの世界に？
2001	1	4	[afafaf]どうして地下に住んでいる？
2002	1	4	[afafaf]コエヌビアとの戦いについて
2003	1	4	[afafaf]この森は制御されて飛んでいるのか？
210	1	4	言い伝えじゃ、大変動で元いた世界の大地が\n崩れちまった時に、おいらたち竜人のほとんどは\n放り出され、異空間を漂う事になっちまったのさ。
220	1	4	で、もう死ぬっきゃないかな～…って時、\n通りかかったこの動く森に助けられたって\nことらしいよ。
230	1	4	うわぁ…大変動って思わぬところで\nとんでもない被害出してたのね…神様たちも\n竜人まで手が回らなかったのかしら？
240	1	4	アカークの人々やこの竜人たちのように、\n元の世界へ戻れていない人々は\nまだ多くいるのかも知れない…
250	1	4	おいらたちのご先祖がここにたどり着いた時、\n森を統べる巨大な霊樹に守られながら\nユマーノ族が生活していたんだって。
260	1	4	その霊樹とご先祖たちは、ユマーノや森の生物と\n場所を分けて住む取り決めをして、森の下に\n竜人の世界を作ったんだって聞いてる…
270	1	4	なるほど。地上と地下で住む場所を分けたのね。\nそれが一番争いを避けられる方法かも…
280	1	4	ご先祖たちが森の地下に住むようになって間もなく、\nコエヌビアがこの森まで入り込んできたんだって。
290	1	4	森を守っていた巨大な霊樹はユマーノや\n森の生物たちをトーラム地上に降ろし、
300	1	4	ご先祖たちには地上に出ないよう言って、\n霊樹が持ってた全ての力でコエヌビアを\n排除したらしいよ…
1004	1	4	霊樹はどうなった？
1005	1	4	ユマーノはどうやって森に戻れた？
2004	1	4	[afafaf]霊樹はどうなった？
2005	1	4	[afafaf]ユマーノはどうやって森に戻れた？
310	1	4	全ての力を出し切った霊樹はどうなったの？
320	1	4	枯れて消えちゃったそうだ…
330	1	4	え！じゃあ、霊樹が持ってた不思議な力や、\nたくさんの知識は全部無くなっちゃったの！？
340	1	4	普通ならね。でも、ユマーノを地上に下ろす時、\n霊樹は自分の力の一部と知識の写しを種に込めて、\n彼らに託したんだって。
350	1	4	その種から生まれたのが、\nほれ、あんたたちの長老だよ。
360	1	4	ええっ！？
370	1	4	そっかあ、あんななりで妙に落ち着いてて、\n物知りなのはそーゆー事なのね…
410	1	4	長老から聞いた事あったけど、そんな壮絶な\n戦いだったなんて…でも地上に降りたユマーノが\nどうやってまたこの森に戻れたんだろう？
420	1	4	あ、それはね、森をご先祖たちが自由に\n動かせるようになった時、
430	1	4	トーラムの地上でユマーノが作り上げた森が\nコエヌビアに襲われているのを発見してさ、\nこの森に助け上げたんだって。
440	1	4	で、あんたたちんとこの長老とご先祖の間で\n住み分けの協定がもう一度結ばれたんだって。
450	1	4	そうなの！？長老様、そんなこと何も…
460	1	4	ああ、その協定の中に、あんたたちが\n怖がらないようになるまで、おいらたちは接触しない、\nって決まりを新しく入れたから、
470	1	4	長老はあんたたちにおいらたちの事を\n内緒にしてたんじゃないの？
480	1	4	あ～…だーから長老、\n探さなくても心配ないって\n言ってたのかぁ…
490	1	4	まあ、あんたたちが森とそこに住んでる生物を\n守って、おいらたち竜人は森を動かすって役目が\n違うから、
500	1	4	お互い首を突っ込まない方がいいって長老も\n思ってたんじゃない？
510	1	4	まあ、こうやってあんたたちが\n確かめに来たんだから、そろそろおいらたちと\n会っても大丈夫かもって思ったのかもね。
600	1	4	うん。この森は昔、森を守ってた巨大な霊樹が\n動きを決めてたそうなんだけど、
610	1	4	コエヌビアとの戦いで、力を使い果たして\nいなくなっちゃったから、しばらくは\nどうしようもできなかったんだって…
620	1	4	うわぁ…えらいことじゃん。
630	1	4	霊樹がいなくなったから樹や草花も枯れちゃって、\n大きな岩の塊になったこの森はしばらくの間、
640	1	4	おいらたちのご先祖を乗せたままトーラム上空を\n漂流していたそうなんだけど、
650	1	4	ご先祖の中にいたえらい学者の竜人が森の動きを\n思い通りに操る方法を考案して、思い通りの\n場所へ自由に移動できるようになったのさ…
660	1	4	つまり…この森は今、あんたたちが操ってるって事？
670	1	4	そーゆー事。あ、でも好き放題移動してる\nわけじゃないぜ？あんたたちユマーノや森の生物に\n危険が及ばないように、
680	1	4	それとコエヌビアに気づかれないように、\n動かしてる奴は安全運転を心がけてるよ。
690	1	4	森の場合も安全運転って言うのかしらん？？
700	1	4	ふぃ～…この森だけでもいろいろあったのね…\nところでジアンガ、あんた何で地上に出てたの？
710	1	4	どうやら森だけじゃなく地下にまで\nコエヌビアが侵入してきたようなのさ…
720	1	4	で、侵入したコエヌビアを追って地上に出た途端、\n多数のコエヌビアに囲まれちまってね、\nいやー参った。
730	1	4	ここまでいろんなことを聞いて、あなたたちが\n森を動かしてくれているとわかった以上、\n僕たちユマーノもコエヌビアの排除を手伝います！
740	1	4	おいらたちで何とかする…って言いたいとこだけど、\n地下は広くて、おいらたちだけでは手が回らないから、\n正直、願ってもない事だよ。よろしくな。
750	1	4	うんうん、仲良きことは美しきかな…よね。\nでも、無理すんじゃないわよ？
760	1	4	あんたを長老へ無事に返すのは、\nあたいたちの責任なんだからね。
770	1	4	はいっ！！
780	1	4	それじゃ、とりあえず、おいらたちの街まで\n行って、コエヌビアを倒す作戦を立てよう。\nいくぜ。
790	1	4	何だっ、こいつらあ！？\n始末したと思ったのに…
800	1	4	どうやら火口以外にも侵入できるところが\nあったみたいね…とりあえず、ぶっ倒して\n進むっきゃないみたいよ！！
